{
    "bm25_2023_test_STR_5shot_prompt_type1_meta-llama": {
        "full_set": {
            "MRR": {
                "min": 28.97481,
                "max": 34.31175,
                "mean": 31.974272000000003,
                "std": 1.8229933313690427,
                "variance": 3.3233046862160007,
                "median": 32.43082
            },
            "NDCG@3": {
                "min": 12.46362,
                "max": 16.16079,
                "mean": 14.316749999999999,
                "std": 1.190249399310917,
                "variance": 1.4166936325599984,
                "median": 14.13116
            },
            "NDCG@5": {
                "min": 12.39607,
                "max": 16.32221,
                "mean": 14.373662,
                "std": 1.3293161565466654,
                "variance": 1.7670814440559988,
                "median": 14.3838
            },
            "NDCG@1000": {
                "min": 20.07943,
                "max": 22.11707,
                "mean": 21.043298,
                "std": 0.647191662844941,
                "variance": 0.41885704845599986,
                "median": 21.03028
            },
            "Precision@20": {
                "min": 12.24432,
                "max": 14.46023,
                "mean": 13.1875,
                "std": 0.7536509278704561,
                "variance": 0.5679897210799995,
                "median": 13.06818
            },
            "Recall@20": {
                "min": 5.54608,
                "max": 6.76687,
                "mean": 5.995606,
                "std": 0.4555066189025138,
                "variance": 0.20748627986399998,
                "median": 5.83608
            },
            "Recall@1000": {
                "min": 33.67257,
                "max": 34.00492,
                "mean": 33.821054,
                "std": 0.14552693889448864,
                "variance": 0.02117808994400023,
                "median": 33.75172
            },
            "MAP": {
                "min": 5.83468,
                "max": 7.12527,
                "mean": 6.397171999999999,
                "std": 0.42408629034195416,
                "variance": 0.17984918165600022,
                "median": 6.27766
            }
        },
        "subset": {
            "MRR": {
                "min": 20.81224,
                "max": 30.04394,
                "mean": 23.18114,
                "std": 3.470785956367808,
                "variance": 12.046355154919999,
                "median": 21.60717
            },
            "NDCG@3": {
                "min": 8.39377,
                "max": 13.72066,
                "mean": 10.222428,
                "std": 1.8202993416402702,
                "variance": 3.313489693176001,
                "median": 9.74664
            },
            "NDCG@5": {
                "min": 8.24945,
                "max": 13.10513,
                "mean": 9.961646000000002,
                "std": 1.6826921520064213,
                "variance": 2.831452878424001,
                "median": 9.4213
            },
            "NDCG@1000": {
                "min": 12.98583,
                "max": 15.30112,
                "mean": 14.171682,
                "std": 0.861894880444245,
                "variance": 0.7428627849359994,
                "median": 14.09155
            },
            "Precision@20": {
                "min": 6.5873,
                "max": 10.0,
                "mean": 8.36508,
                "std": 1.1353372395548382,
                "variance": 1.28899064752,
                "median": 8.09524
            },
            "Recall@20": {
                "min": 2.44913,
                "max": 3.88021,
                "mean": 3.047434,
                "std": 0.5360329163624189,
                "variance": 0.287331287424,
                "median": 2.95973
            },
            "Recall@1000": {
                "min": 19.85667,
                "max": 24.49634,
                "mean": 22.293626000000003,
                "std": 1.5557081094678393,
                "variance": 2.4202277218639985,
                "median": 22.44531
            },
            "MAP": {
                "min": 2.2992,
                "max": 3.8443,
                "mean": 3.0109660000000007,
                "std": 0.5426776343134108,
                "variance": 0.29449901478400003,
                "median": 2.99108
            }
        },
        "corrected_subset": {
            "MRR": {
                "min": 10.8238,
                "max": 22.94576,
                "mean": 17.932906000000003,
                "std": 5.380348512204762,
                "variance": 28.948150112784,
                "median": 21.84529
            },
            "NDCG@3": {
                "min": 4.44141,
                "max": 10.8136,
                "mean": 7.55977,
                "std": 2.624422620097609,
                "variance": 6.8875940888799985,
                "median": 7.34152
            },
            "NDCG@5": {
                "min": 4.08827,
                "max": 9.10431,
                "mean": 7.119244,
                "std": 2.1099764613435856,
                "variance": 4.4520006674240005,
                "median": 8.40709
            },
            "NDCG@1000": {
                "min": 9.64995,
                "max": 12.14172,
                "mean": 10.82162,
                "std": 1.0893626604946582,
                "variance": 1.18671100608,
                "median": 10.54107
            },
            "Precision@20": {
                "min": 5.0,
                "max": 6.72414,
                "mean": 5.896552,
                "std": 0.5495651983668545,
                "variance": 0.3020219072560001,
                "median": 5.86207
            },
            "Recall@20": {
                "min": 2.0556,
                "max": 3.33393,
                "mean": 2.798042,
                "std": 0.4738349777464724,
                "variance": 0.22451958613599995,
                "median": 2.81803
            },
            "Recall@1000": {
                "min": 13.72897,
                "max": 19.65936,
                "mean": 17.146634,
                "std": 2.001009365881129,
                "variance": 4.004038482343999,
                "median": 17.38125
            },
            "MAP": {
                "min": 1.51444,
                "max": 2.28729,
                "mean": 1.9595040000000001,
                "std": 0.34627545732263504,
                "variance": 0.11990669234400005,
                "median": 2.20054
            }
        }
    }
}