{
    "ance_2023_test_SAR_1shot_meta-llama": {
        "full_set": {
            "MRR": {
                "min": 25.14369,
                "max": 28.99678,
                "mean": 28.075056,
                "std": 1.4723881487243782,
                "variance": 2.167926860504002,
                "median": 28.83172
            },
            "NDCG@3": {
                "min": 11.1733,
                "max": 12.88101,
                "mean": 11.983008000000002,
                "std": 0.5610588483002474,
                "variance": 0.3147870312560001,
                "median": 11.91617
            },
            "NDCG@5": {
                "min": 11.16338,
                "max": 12.82111,
                "mean": 11.560358000000003,
                "std": 0.6349874086751637,
                "variance": 0.40320900917599933,
                "median": 11.25249
            },
            "NDCG@1000": {
                "min": 16.84937,
                "max": 18.39217,
                "mean": 17.546684,
                "std": 0.53994234879661,
                "variance": 0.29153774002400007,
                "median": 17.59206
            },
            "Precision@20": {
                "min": 9.88636,
                "max": 11.19318,
                "mean": 10.585226,
                "std": 0.4165985740542087,
                "variance": 0.17355437190400003,
                "median": 10.59659
            },
            "Recall@20": {
                "min": 4.86311,
                "max": 5.94013,
                "mean": 5.390668,
                "std": 0.3693930695289233,
                "variance": 0.136451239816,
                "median": 5.34424
            },
            "Recall@1000": {
                "min": 27.1741,
                "max": 29.80841,
                "mean": 28.02254,
                "std": 0.9228397442893319,
                "variance": 0.8516331936399995,
                "median": 27.80534
            },
            "MAP": {
                "min": 4.53016,
                "max": 5.1955,
                "mean": 4.8609860000000005,
                "std": 0.2288934637424144,
                "variance": 0.05239221774399997,
                "median": 4.79946
            }
        },
        "subset": {
            "MRR": {
                "min": 14.19945,
                "max": 22.94721,
                "mean": 20.404559999999996,
                "std": 3.1504279549927814,
                "variance": 9.925196299599998,
                "median": 21.52787
            },
            "NDCG@3": {
                "min": 4.9207,
                "max": 8.75942,
                "mean": 7.004138,
                "std": 1.2745268369618585,
                "variance": 1.624418658136,
                "median": 7.25439
            },
            "NDCG@5": {
                "min": 5.62054,
                "max": 8.1087,
                "mean": 7.181418000000001,
                "std": 0.931587306255297,
                "variance": 0.8678549091760004,
                "median": 7.42797
            },
            "NDCG@1000": {
                "min": 10.32904,
                "max": 13.46349,
                "mean": 12.539150000000001,
                "std": 1.2082697799581017,
                "variance": 1.4599158611599994,
                "median": 13.31187
            },
            "Precision@20": {
                "min": 5.31746,
                "max": 7.93651,
                "mean": 7.190475999999999,
                "std": 1.0146326346141252,
                "variance": 1.0294793832240008,
                "median": 7.85714
            },
            "Recall@20": {
                "min": 2.99472,
                "max": 4.22056,
                "mean": 3.766063999999999,
                "std": 0.45301274227553456,
                "variance": 0.20522054466399992,
                "median": 3.87822
            },
            "Recall@1000": {
                "min": 18.81429,
                "max": 21.99979,
                "mean": 20.526026,
                "std": 1.3130261830534837,
                "variance": 1.7240377573840004,
                "median": 21.13836
            },
            "MAP": {
                "min": 2.00634,
                "max": 3.12433,
                "mean": 2.710048,
                "std": 0.4214734276511392,
                "variance": 0.17763985021600007,
                "median": 2.86682
            }
        },
        "corrected_subset": {
            "MRR": {
                "min": 14.14147,
                "max": 22.18214,
                "mean": 18.920104000000002,
                "std": 2.982545701434263,
                "variance": 8.895578861144001,
                "median": 19.99686
            },
            "NDCG@3": {
                "min": 3.71717,
                "max": 6.22765,
                "mean": 5.419878,
                "std": 0.9300271174412068,
                "variance": 0.8649504391760002,
                "median": 5.96208
            },
            "NDCG@5": {
                "min": 4.10444,
                "max": 6.82053,
                "mean": 5.607926000000001,
                "std": 1.0487892898499678,
                "variance": 1.0999589745039997,
                "median": 5.21966
            },
            "NDCG@1000": {
                "min": 8.81593,
                "max": 12.64736,
                "mean": 10.906832,
                "std": 1.267374787257503,
                "variance": 1.6062388513760009,
                "median": 11.25205
            },
            "Precision@20": {
                "min": 3.62069,
                "max": 7.06897,
                "mean": 5.3793120000000005,
                "std": 1.1560732483437197,
                "variance": 1.336505355536,
                "median": 5.34483
            },
            "Recall@20": {
                "min": 2.47113,
                "max": 4.50284,
                "mean": 3.297184,
                "std": 0.8060241562285835,
                "variance": 0.649674940424,
                "median": 2.83222
            },
            "Recall@1000": {
                "min": 17.25419,
                "max": 21.09693,
                "mean": 18.9191,
                "std": 1.3488929462785397,
                "variance": 1.8195121805199996,
                "median": 18.26228
            },
            "MAP": {
                "min": 1.50626,
                "max": 2.91075,
                "mean": 2.243856,
                "std": 0.5261910200906131,
                "variance": 0.2768769896240001,
                "median": 2.30822
            }
        }
    }
}