{
    "bm25_2023_test_SAR_1shot_meta-llama": {
        "full_set": {
            "MRR": {
                "min": 32.73866,
                "max": 35.98665,
                "mean": 34.021969999999996,
                "std": 1.108714509096006,
                "variance": 1.2292478626799974,
                "median": 33.55902
            },
            "NDCG@3": {
                "min": 14.72656,
                "max": 16.01308,
                "mean": 15.380078000000001,
                "std": 0.4452672733718479,
                "variance": 0.19826294473599992,
                "median": 15.47862
            },
            "NDCG@5": {
                "min": 14.6818,
                "max": 15.32473,
                "mean": 14.942158000000001,
                "std": 0.21360728474469215,
                "variance": 0.04562807209599999,
                "median": 14.86732
            },
            "NDCG@1000": {
                "min": 22.39873,
                "max": 23.37795,
                "mean": 23.00259,
                "std": 0.3676555533104312,
                "variance": 0.13517060587999932,
                "median": 23.027
            },
            "Precision@20": {
                "min": 13.18182,
                "max": 14.375,
                "mean": 13.818181999999998,
                "std": 0.3930727594428289,
                "variance": 0.15450619421600004,
                "median": 13.77841
            },
            "Recall@20": {
                "min": 6.29495,
                "max": 6.80152,
                "mean": 6.5975660000000005,
                "std": 0.1905469994095945,
                "variance": 0.03630815898400001,
                "median": 6.66539
            },
            "Recall@1000": {
                "min": 35.3272,
                "max": 38.86694,
                "mean": 37.266314,
                "std": 1.2121370333027541,
                "variance": 1.4692761875040021,
                "median": 37.24349
            },
            "MAP": {
                "min": 6.60886,
                "max": 6.81584,
                "mean": 6.68509,
                "std": 0.07961468909692479,
                "variance": 0.006338498719999995,
                "median": 6.64718
            }
        },
        "subset": {
            "MRR": {
                "min": 23.4866,
                "max": 27.68599,
                "mean": 26.143746,
                "std": 1.5769210975137602,
                "variance": 2.486680147784002,
                "median": 26.46094
            },
            "NDCG@3": {
                "min": 8.60833,
                "max": 11.08207,
                "mean": 10.091136000000002,
                "std": 0.9991439433354935,
                "variance": 0.9982886195039999,
                "median": 10.46044
            },
            "NDCG@5": {
                "min": 8.46369,
                "max": 10.94684,
                "mean": 9.972097999999999,
                "std": 1.0285967923807657,
                "variance": 1.058011361296,
                "median": 10.66748
            },
            "NDCG@1000": {
                "min": 15.14482,
                "max": 18.08092,
                "mean": 16.477808,
                "std": 0.9541436905288424,
                "variance": 0.9103901821759994,
                "median": 16.53518
            },
            "Precision@20": {
                "min": 8.01587,
                "max": 10.39683,
                "mean": 9.238096,
                "std": 0.9057395147303667,
                "variance": 0.8203640685440001,
                "median": 9.20635
            },
            "Recall@20": {
                "min": 3.56335,
                "max": 4.95336,
                "mean": 4.08022,
                "std": 0.4915824127448012,
                "variance": 0.24165326852000008,
                "median": 3.8862
            },
            "Recall@1000": {
                "min": 25.43843,
                "max": 30.4264,
                "mean": 27.166413999999996,
                "std": 1.8210315147586003,
                "variance": 3.316155777744002,
                "median": 26.37662
            },
            "MAP": {
                "min": 2.49137,
                "max": 3.59156,
                "mean": 3.1396100000000002,
                "std": 0.3646589948431274,
                "variance": 0.13297618252,
                "median": 3.27044
            }
        },
        "corrected_subset": {
            "MRR": {
                "min": 21.96152,
                "max": 29.30396,
                "mean": 25.472142,
                "std": 2.7214890450369253,
                "variance": 7.406502622255997,
                "median": 24.07684
            },
            "NDCG@3": {
                "min": 9.45458,
                "max": 12.12391,
                "mean": 10.39462,
                "std": 1.0337466572037852,
                "variance": 1.0686321512800003,
                "median": 9.90157
            },
            "NDCG@5": {
                "min": 8.82518,
                "max": 11.13529,
                "mean": 10.006238,
                "std": 0.8218268883262461,
                "variance": 0.675399434376,
                "median": 10.03537
            },
            "NDCG@1000": {
                "min": 15.13948,
                "max": 16.02168,
                "mean": 15.607166000000001,
                "std": 0.3472008359782561,
                "variance": 0.12054842050399986,
                "median": 15.63895
            },
            "Precision@20": {
                "min": 6.72414,
                "max": 8.7931,
                "mean": 7.862068000000001,
                "std": 0.8965502307712605,
                "variance": 0.8038023162960004,
                "median": 8.10345
            },
            "Recall@20": {
                "min": 3.4999,
                "max": 5.33011,
                "mean": 4.252302,
                "std": 0.6276854250785183,
                "variance": 0.39398899285600025,
                "median": 4.22099
            },
            "Recall@1000": {
                "min": 22.11051,
                "max": 28.65709,
                "mean": 25.773768,
                "std": 2.4309276771833415,
                "variance": 5.909409371695996,
                "median": 27.03643
            },
            "MAP": {
                "min": 2.53434,
                "max": 3.27714,
                "mean": 2.847822,
                "std": 0.3110976264390329,
                "variance": 0.09678173317600006,
                "median": 2.64229
            }
        }
    }
}