{
    "ance_2023_test_STR_1shot_prompt_type1_meta-llama": {
        "full_set": {
            "MRR": {
                "min": 10.84268,
                "max": 16.03001,
                "mean": 14.313336000000001,
                "std": 1.8006078592697528,
                "variance": 3.2421886628640015,
                "median": 14.91759
            },
            "NDCG@3": {
                "min": 3.47969,
                "max": 7.29095,
                "mean": 6.007726,
                "std": 1.3301934635623496,
                "variance": 1.7694146505039996,
                "median": 6.60582
            },
            "NDCG@5": {
                "min": 3.71547,
                "max": 6.83136,
                "mean": 5.793278,
                "std": 1.155512151098378,
                "variance": 1.3352083313360004,
                "median": 6.26005
            },
            "NDCG@1000": {
                "min": 9.36711,
                "max": 11.69376,
                "mean": 10.674109999999999,
                "std": 0.7576794411094969,
                "variance": 0.5740781354799995,
                "median": 10.84152
            },
            "Precision@20": {
                "min": 4.51705,
                "max": 6.67614,
                "mean": 5.664774,
                "std": 0.7033988852308481,
                "variance": 0.49476999174399994,
                "median": 5.625
            },
            "Recall@20": {
                "min": 2.6996,
                "max": 3.50943,
                "mean": 3.060218,
                "std": 0.3186449015063633,
                "variance": 0.10153457325599997,
                "median": 3.06597
            },
            "Recall@1000": {
                "min": 16.46986,
                "max": 19.4264,
                "mean": 18.026518,
                "std": 0.9838254617237754,
                "variance": 0.9679125391359997,
                "median": 17.99985
            },
            "MAP": {
                "min": 2.24158,
                "max": 3.49682,
                "mean": 2.9971399999999995,
                "std": 0.4361812300867611,
                "variance": 0.19025406548,
                "median": 2.98939
            }
        },
        "subset": {
            "MRR": {
                "min": 5.63996,
                "max": 9.36228,
                "mean": 7.715400000000001,
                "std": 1.212627577865521,
                "variance": 1.4704656425999998,
                "median": 7.88289
            },
            "NDCG@3": {
                "min": 1.61901,
                "max": 3.38744,
                "mean": 2.773596,
                "std": 0.7101982519437793,
                "variance": 0.5043815570639998,
                "median": 3.21279
            },
            "NDCG@5": {
                "min": 2.30619,
                "max": 3.16516,
                "mean": 2.701334,
                "std": 0.30732159446417046,
                "variance": 0.09444656242400004,
                "median": 2.76036
            },
            "NDCG@1000": {
                "min": 4.51685,
                "max": 5.41549,
                "mean": 4.96621,
                "std": 0.3068694293669542,
                "variance": 0.09416884668000011,
                "median": 5.06444
            },
            "Precision@20": {
                "min": 1.98413,
                "max": 2.61905,
                "mean": 2.317462,
                "std": 0.25790609247553653,
                "variance": 0.06651555253600001,
                "median": 2.22222
            },
            "Recall@20": {
                "min": 0.55495,
                "max": 1.40336,
                "mean": 0.981482,
                "std": 0.2843555073073141,
                "variance": 0.08085805453599998,
                "median": 0.90951
            },
            "Recall@1000": {
                "min": 7.15587,
                "max": 9.5451,
                "mean": 8.346874,
                "std": 0.8619690838678612,
                "variance": 0.7429907015439999,
                "median": 8.58045
            },
            "MAP": {
                "min": 0.62265,
                "max": 0.87107,
                "mean": 0.786932,
                "std": 0.09110210456405493,
                "variance": 0.008299593455999997,
                "median": 0.80121
            }
        },
        "corrected_subset": {
            "MRR": {
                "min": 2.26283,
                "max": 8.21662,
                "mean": 5.051036,
                "std": 2.385021952432304,
                "variance": 5.688329713584001,
                "median": 4.15271
            },
            "NDCG@3": {
                "min": 0.76573,
                "max": 4.09469,
                "mean": 2.3060479999999997,
                "std": 1.3903133571738422,
                "variance": 1.932971231136,
                "median": 2.09977
            },
            "NDCG@5": {
                "min": 0.55341,
                "max": 3.65143,
                "mean": 1.989226,
                "std": 1.2425588660276823,
                "variance": 1.5439525355439998,
                "median": 1.51756
            },
            "NDCG@1000": {
                "min": 2.05891,
                "max": 4.66544,
                "mean": 3.298852,
                "std": 1.042665444778909,
                "variance": 1.087151229736,
                "median": 3.7135
            },
            "Precision@20": {
                "min": 0.51724,
                "max": 2.58621,
                "mean": 1.6206900000000002,
                "std": 0.8203712074177152,
                "variance": 0.67300891796,
                "median": 1.72414
            },
            "Recall@20": {
                "min": 0.09715,
                "max": 1.62645,
                "mean": 0.7658440000000001,
                "std": 0.5555687824059232,
                "variance": 0.30865667198400004,
                "median": 0.90097
            },
            "Recall@1000": {
                "min": 3.72007,
                "max": 8.2485,
                "mean": 5.732081999999999,
                "std": 1.7059633626710746,
                "variance": 2.910310994776,
                "median": 5.70846
            },
            "MAP": {
                "min": 0.11277,
                "max": 0.87167,
                "mean": 0.509464,
                "std": 0.2894230933840629,
                "variance": 0.08376572698399999,
                "median": 0.55248
            }
        }
    }
}