{
    "bm25_2023_test_SAR_3shot_meta-llama": {
        "full_set": {
            "MRR": {
                "min": 36.19024,
                "max": 40.16114,
                "mean": 37.994826,
                "std": 1.4196082882626453,
                "variance": 2.015287692103998,
                "median": 37.62201
            },
            "NDCG@3": {
                "min": 17.39854,
                "max": 17.70865,
                "mean": 17.557734,
                "std": 0.10082023876186728,
                "variance": 0.010164720543999925,
                "median": 17.57468
            },
            "NDCG@5": {
                "min": 16.14385,
                "max": 17.80485,
                "mean": 16.996057999999998,
                "std": 0.5915713368783174,
                "variance": 0.3499566466159997,
                "median": 17.17088
            },
            "NDCG@1000": {
                "min": 24.29268,
                "max": 25.38932,
                "mean": 24.78873,
                "std": 0.40161180794394025,
                "variance": 0.16129204428000035,
                "median": 24.63809
            },
            "Precision@20": {
                "min": 14.54545,
                "max": 16.16477,
                "mean": 15.039769999999999,
                "std": 0.5867975843167728,
                "variance": 0.34433140496000003,
                "median": 14.91477
            },
            "Recall@20": {
                "min": 7.028,
                "max": 8.34681,
                "mean": 7.557696,
                "std": 0.4465936703805821,
                "variance": 0.199445906424,
                "median": 7.36449
            },
            "Recall@1000": {
                "min": 38.2164,
                "max": 40.13989,
                "mean": 39.156794000000005,
                "std": 0.7475260116571203,
                "variance": 0.5587951381040012,
                "median": 38.83273
            },
            "MAP": {
                "min": 7.25059,
                "max": 7.61255,
                "mean": 7.3872860000000005,
                "std": 0.15719388163665907,
                "variance": 0.024709916423999983,
                "median": 7.27696
            }
        },
        "subset": {
            "MRR": {
                "min": 25.3324,
                "max": 32.6777,
                "mean": 28.855998,
                "std": 2.7926494694207507,
                "variance": 7.798891059056001,
                "median": 29.73655
            },
            "NDCG@3": {
                "min": 10.1323,
                "max": 13.42386,
                "mean": 11.940652,
                "std": 1.2705824634300598,
                "variance": 1.614379796375999,
                "median": 12.50805
            },
            "NDCG@5": {
                "min": 9.28049,
                "max": 13.01135,
                "mean": 11.685416,
                "std": 1.2924244936026241,
                "variance": 1.6703610716639996,
                "median": 11.83395
            },
            "NDCG@1000": {
                "min": 16.36764,
                "max": 18.69965,
                "mean": 17.28758,
                "std": 0.8394602303146937,
                "variance": 0.7046934782799987,
                "median": 17.2336
            },
            "Precision@20": {
                "min": 9.12698,
                "max": 11.11111,
                "mean": 9.746030000000001,
                "std": 0.7263536324683728,
                "variance": 0.5275895993999999,
                "median": 9.44444
            },
            "Recall@20": {
                "min": 3.98616,
                "max": 5.65121,
                "mean": 4.631376,
                "std": 0.575480440070729,
                "variance": 0.3311777369039999,
                "median": 4.43252
            },
            "Recall@1000": {
                "min": 25.84558,
                "max": 28.44094,
                "mean": 27.627562,
                "std": 0.9349270677523454,
                "variance": 0.8740886220159986,
                "median": 28.1316
            },
            "MAP": {
                "min": 3.36029,
                "max": 4.18555,
                "mean": 3.571404,
                "std": 0.30989333246134876,
                "variance": 0.09603387750400003,
                "median": 3.4452
            }
        },
        "corrected_subset": {
            "MRR": {
                "min": 22.01124,
                "max": 33.33304,
                "mean": 27.631406,
                "std": 4.41057380645013,
                "variance": 19.453161302143993,
                "median": 25.7831
            },
            "NDCG@3": {
                "min": 10.27172,
                "max": 13.46301,
                "mean": 11.854490000000002,
                "std": 1.1473978416050816,
                "variance": 1.3165218069199998,
                "median": 11.89246
            },
            "NDCG@5": {
                "min": 9.6223,
                "max": 13.65898,
                "mean": 11.657793999999999,
                "std": 1.317893050844415,
                "variance": 1.7368420934639999,
                "median": 11.65541
            },
            "NDCG@1000": {
                "min": 14.73843,
                "max": 19.2654,
                "mean": 16.954782,
                "std": 1.5933440459787709,
                "variance": 2.538745248856,
                "median": 17.29072
            },
            "Precision@20": {
                "min": 8.62069,
                "max": 10.86207,
                "mean": 9.517239999999997,
                "std": 0.8613793793677669,
                "variance": 0.7419744351999992,
                "median": 9.13793
            },
            "Recall@20": {
                "min": 3.75677,
                "max": 7.12261,
                "mean": 5.286048,
                "std": 1.1916727018170716,
                "variance": 1.4200838282559995,
                "median": 4.74453
            },
            "Recall@1000": {
                "min": 25.30703,
                "max": 28.24698,
                "mean": 26.707406000000002,
                "std": 1.283857451130771,
                "variance": 1.6482899548240002,
                "median": 26.4452
            },
            "MAP": {
                "min": 2.90159,
                "max": 4.90763,
                "mean": 3.6405840000000005,
                "std": 0.7402415010143649,
                "variance": 0.547957479824,
                "median": 3.50857
            }
        }
    }
}