{
    "bm25_2023_test_STR_3shot_prompt_type1_meta-llama": {
        "full_set": {
            "MRR": {
                "min": 28.94917,
                "max": 33.52149,
                "mean": 31.135519999999996,
                "std": 1.5047695056453003,
                "variance": 2.2643312651200014,
                "median": 30.78627
            },
            "NDCG@3": {
                "min": 13.21333,
                "max": 15.43857,
                "mean": 13.967645999999998,
                "std": 0.7846737084062397,
                "variance": 0.6157128286640006,
                "median": 13.84238
            },
            "NDCG@5": {
                "min": 13.14407,
                "max": 14.98971,
                "mean": 13.77361,
                "std": 0.6799884340486979,
                "variance": 0.4623842704400004,
                "median": 13.64056
            },
            "NDCG@1000": {
                "min": 20.15411,
                "max": 21.52805,
                "mean": 20.90191,
                "std": 0.46291804544649184,
                "variance": 0.21429311680000027,
                "median": 20.92649
            },
            "Precision@20": {
                "min": 12.30114,
                "max": 13.15341,
                "mean": 12.755682000000002,
                "std": 0.3178760218953292,
                "variance": 0.10104516529599983,
                "median": 12.69886
            },
            "Recall@20": {
                "min": 5.76887,
                "max": 6.34191,
                "mean": 6.148591999999999,
                "std": 0.19916081907845246,
                "variance": 0.03966503185600007,
                "median": 6.23909
            },
            "Recall@1000": {
                "min": 32.80709,
                "max": 35.08706,
                "mean": 33.932776000000004,
                "std": 0.7984097044149701,
                "variance": 0.6374580561039999,
                "median": 34.22354
            },
            "MAP": {
                "min": 6.09639,
                "max": 6.69553,
                "mean": 6.364942000000001,
                "std": 0.21427521400292648,
                "variance": 0.04591386733599994,
                "median": 6.42568
            }
        },
        "subset": {
            "MRR": {
                "min": 17.52288,
                "max": 24.42478,
                "mean": 19.896786,
                "std": 2.6077143733284895,
                "variance": 6.800174252863997,
                "median": 18.35024
            },
            "NDCG@3": {
                "min": 6.25752,
                "max": 9.78684,
                "mean": 7.8744439999999996,
                "std": 1.2884325591446373,
                "variance": 1.6600584594639993,
                "median": 7.42275
            },
            "NDCG@5": {
                "min": 6.4349,
                "max": 9.16778,
                "mean": 7.69897,
                "std": 1.0801235260839384,
                "variance": 1.1666668316000004,
                "median": 7.93534
            },
            "NDCG@1000": {
                "min": 12.72943,
                "max": 14.4495,
                "mean": 13.431776,
                "std": 0.7284049256725273,
                "variance": 0.5305737357440001,
                "median": 12.93775
            },
            "Precision@20": {
                "min": 6.98413,
                "max": 8.65079,
                "mean": 7.7936499999999995,
                "std": 0.5575900299323868,
                "variance": 0.31090664148,
                "median": 7.85714
            },
            "Recall@20": {
                "min": 2.20619,
                "max": 3.20061,
                "mean": 2.73379,
                "std": 0.3467220192027038,
                "variance": 0.12021615860000008,
                "median": 2.84052
            },
            "Recall@1000": {
                "min": 20.88513,
                "max": 23.27063,
                "mean": 22.099802,
                "std": 0.8827604529973009,
                "variance": 0.7792660173759999,
                "median": 22.46269
            },
            "MAP": {
                "min": 2.32844,
                "max": 2.87214,
                "mean": 2.564722,
                "std": 0.20971352959692421,
                "variance": 0.043979764496,
                "median": 2.45482
            }
        },
        "corrected_subset": {
            "MRR": {
                "min": 10.02448,
                "max": 15.37493,
                "mean": 12.957874,
                "std": 2.3592743187988967,
                "variance": 5.566175311343999,
                "median": 14.00464
            },
            "NDCG@3": {
                "min": 2.34803,
                "max": 6.79062,
                "mean": 5.027834,
                "std": 1.9244050813547546,
                "variance": 3.703334917144,
                "median": 6.34202
            },
            "NDCG@5": {
                "min": 2.36808,
                "max": 5.64257,
                "mean": 4.390862,
                "std": 1.286957834296058,
                "variance": 1.656260467256,
                "median": 5.04607
            },
            "NDCG@1000": {
                "min": 8.78376,
                "max": 10.90285,
                "mean": 9.654990000000002,
                "std": 0.8994653975112106,
                "variance": 0.80903800132,
                "median": 9.04475
            },
            "Precision@20": {
                "min": 4.13793,
                "max": 5.86207,
                "mean": 4.793104,
                "std": 0.5811144035936471,
                "variance": 0.3376939500640001,
                "median": 4.65517
            },
            "Recall@20": {
                "min": 1.24561,
                "max": 2.35066,
                "mean": 1.805028,
                "std": 0.4673800337797925,
                "variance": 0.21844409597599998,
                "median": 1.93467
            },
            "Recall@1000": {
                "min": 15.01478,
                "max": 20.49671,
                "mean": 16.825622000000003,
                "std": 1.9818086603242,
                "variance": 3.9275655661360007,
                "median": 15.95317
            },
            "MAP": {
                "min": 1.12297,
                "max": 1.72987,
                "mean": 1.372642,
                "std": 0.22528553645540586,
                "variance": 0.050753572936,
                "median": 1.30723
            }
        }
    }
}