{
    "bm25_2023_test_SAR_5shot_meta-llama": {
        "full_set": {
            "MRR": {
                "min": 34.7725,
                "max": 38.73811,
                "mean": 37.241308000000004,
                "std": 1.3158987221120015,
                "variance": 1.731589446855999,
                "median": 37.59501
            },
            "NDCG@3": {
                "min": 16.57204,
                "max": 19.1505,
                "mean": 17.69585,
                "std": 0.9729475616290939,
                "variance": 0.9466269576799995,
                "median": 18.00861
            },
            "NDCG@5": {
                "min": 16.20963,
                "max": 18.6782,
                "mean": 17.1858,
                "std": 0.9187423980637881,
                "variance": 0.8440875940000001,
                "median": 16.85427
            },
            "NDCG@1000": {
                "min": 24.28613,
                "max": 25.79769,
                "mean": 25.00472,
                "std": 0.5311264367361124,
                "variance": 0.28209529179999954,
                "median": 25.13152
            },
            "Precision@20": {
                "min": 14.46023,
                "max": 16.39205,
                "mean": 15.232956000000001,
                "std": 0.6514064757921898,
                "variance": 0.42433039670400075,
                "median": 15.08523
            },
            "Recall@20": {
                "min": 6.63794,
                "max": 7.74118,
                "mean": 7.2763919999999995,
                "std": 0.3718480955121324,
                "variance": 0.1382710061359999,
                "median": 7.30451
            },
            "Recall@1000": {
                "min": 38.27771,
                "max": 40.46902,
                "mean": 39.608267999999995,
                "std": 0.7932735908726573,
                "variance": 0.6292829899760001,
                "median": 39.8296
            },
            "MAP": {
                "min": 7.15598,
                "max": 7.82173,
                "mean": 7.397036,
                "std": 0.2390713014646467,
                "variance": 0.057155087183999975,
                "median": 7.32829
            }
        },
        "subset": {
            "MRR": {
                "min": 25.18621,
                "max": 32.20569,
                "mean": 28.371515999999996,
                "std": 2.2898168807273644,
                "variance": 5.243261347263997,
                "median": 27.85955
            },
            "NDCG@3": {
                "min": 9.80106,
                "max": 14.33372,
                "mean": 12.239134000000002,
                "std": 1.800761679707784,
                "variance": 3.242742627103999,
                "median": 11.76622
            },
            "NDCG@5": {
                "min": 10.35952,
                "max": 14.19094,
                "mean": 12.017636,
                "std": 1.5990812352422876,
                "variance": 2.5570607969040005,
                "median": 11.225
            },
            "NDCG@1000": {
                "min": 16.25675,
                "max": 19.19408,
                "mean": 17.619425999999997,
                "std": 0.9360195040403804,
                "variance": 0.8761325119439997,
                "median": 17.55194
            },
            "Precision@20": {
                "min": 8.1746,
                "max": 10.71429,
                "mean": 9.396824,
                "std": 0.902952165545883,
                "variance": 0.8153226132639997,
                "median": 9.52381
            },
            "Recall@20": {
                "min": 3.58359,
                "max": 5.46952,
                "mean": 4.373114,
                "std": 0.6350710921022937,
                "variance": 0.403315292024,
                "median": 4.29115
            },
            "Recall@1000": {
                "min": 26.10089,
                "max": 30.45687,
                "mean": 28.414083999999995,
                "std": 1.4930666426599983,
                "variance": 2.229247999423999,
                "median": 28.98257
            },
            "MAP": {
                "min": 3.20508,
                "max": 3.94179,
                "mean": 3.6106819999999997,
                "std": 0.2877555854123426,
                "variance": 0.08280327693599998,
                "median": 3.55821
            }
        },
        "corrected_subset": {
            "MRR": {
                "min": 25.35072,
                "max": 33.66303,
                "mean": 29.460224,
                "std": 2.78154837394283,
                "variance": 7.737011356584,
                "median": 30.21845
            },
            "NDCG@3": {
                "min": 9.81763,
                "max": 14.13287,
                "mean": 12.167508,
                "std": 1.485283082680201,
                "variance": 2.206065835696001,
                "median": 12.04235
            },
            "NDCG@5": {
                "min": 10.26982,
                "max": 13.52452,
                "mean": 11.55847,
                "std": 1.1981225295603122,
                "variance": 1.435497595840001,
                "median": 11.54781
            },
            "NDCG@1000": {
                "min": 15.8936,
                "max": 19.03432,
                "mean": 17.031817999999998,
                "std": 1.0579007348971834,
                "variance": 1.1191539648960007,
                "median": 16.67011
            },
            "Precision@20": {
                "min": 6.03448,
                "max": 10.0,
                "mean": 8.310344,
                "std": 1.3238872463861866,
                "variance": 1.7526774411439998,
                "median": 8.27586
            },
            "Recall@20": {
                "min": 4.27531,
                "max": 7.06774,
                "mean": 5.253916,
                "std": 1.0615811624666291,
                "variance": 1.1269545645039996,
                "median": 4.73116
            },
            "Recall@1000": {
                "min": 23.82544,
                "max": 30.16817,
                "mean": 26.593432,
                "std": 2.307307273177112,
                "variance": 5.323666852856,
                "median": 27.03273
            },
            "MAP": {
                "min": 3.6487,
                "max": 4.30094,
                "mean": 3.895504,
                "std": 0.28206584469587936,
                "variance": 0.07956114074399995,
                "median": 3.69965
            }
        }
    }
}