{
    "ance_2023_test_SAR_3shot_meta-llama": {
        "full_set": {
            "MRR": {
                "min": 29.29227,
                "max": 33.41611,
                "mean": 31.806406,
                "std": 1.3971017630022524,
                "variance": 1.951893336184002,
                "median": 32.26396
            },
            "NDCG@3": {
                "min": 13.09177,
                "max": 15.36406,
                "mean": 14.194048,
                "std": 0.7741896534415841,
                "variance": 0.599369619496,
                "median": 14.08502
            },
            "NDCG@5": {
                "min": 12.44571,
                "max": 14.2396,
                "mean": 13.357596000000001,
                "std": 0.5701076859892347,
                "variance": 0.3250227736239998,
                "median": 13.31772
            },
            "NDCG@1000": {
                "min": 18.92981,
                "max": 20.3328,
                "mean": 19.766072,
                "std": 0.5698663120908267,
                "variance": 0.3247476136559996,
                "median": 20.01326
            },
            "Precision@20": {
                "min": 11.25,
                "max": 12.32955,
                "mean": 11.755681999999998,
                "std": 0.41223692087924363,
                "variance": 0.16993927893599978,
                "median": 11.64773
            },
            "Recall@20": {
                "min": 5.15609,
                "max": 6.55003,
                "mean": 5.920675999999999,
                "std": 0.48778671296377063,
                "variance": 0.23793587734399996,
                "median": 6.01825
            },
            "Recall@1000": {
                "min": 30.0714,
                "max": 33.01429,
                "mean": 31.515554,
                "std": 1.2562246274388993,
                "variance": 1.5781003145840014,
                "median": 31.6112
            },
            "MAP": {
                "min": 5.22377,
                "max": 5.69379,
                "mean": 5.406026,
                "std": 0.173657022501251,
                "variance": 0.030156761464000002,
                "median": 5.33738
            }
        },
        "subset": {
            "MRR": {
                "min": 23.53825,
                "max": 27.33573,
                "mean": 25.072136000000004,
                "std": 1.2405043976157442,
                "variance": 1.5388511605040005,
                "median": 24.85294
            },
            "NDCG@3": {
                "min": 8.65177,
                "max": 9.93752,
                "mean": 9.504316,
                "std": 0.4573459654397311,
                "variance": 0.20916533210399973,
                "median": 9.67786
            },
            "NDCG@5": {
                "min": 8.51825,
                "max": 9.26517,
                "mean": 8.843624,
                "std": 0.3349252445307756,
                "variance": 0.11217491942399982,
                "median": 8.64494
            },
            "NDCG@1000": {
                "min": 13.85814,
                "max": 14.54141,
                "mean": 14.075332,
                "std": 0.2761485035556053,
                "variance": 0.07625799601600014,
                "median": 13.87125
            },
            "Precision@20": {
                "min": 6.8254,
                "max": 8.65079,
                "mean": 7.936506,
                "std": 0.6505976902080118,
                "variance": 0.42327735450400017,
                "median": 8.01587
            },
            "Recall@20": {
                "min": 3.57496,
                "max": 4.62878,
                "mean": 4.111326,
                "std": 0.39411252025785726,
                "variance": 0.15532467862399996,
                "median": 3.96896
            },
            "Recall@1000": {
                "min": 21.50082,
                "max": 24.58079,
                "mean": 22.902236000000002,
                "std": 1.009672931747702,
                "variance": 1.0194394291039999,
                "median": 22.87129
            },
            "MAP": {
                "min": 2.74786,
                "max": 3.32507,
                "mean": 3.035912,
                "std": 0.19433209795605053,
                "variance": 0.03776496429600002,
                "median": 3.07504
            }
        },
        "corrected_subset": {
            "MRR": {
                "min": 22.58219,
                "max": 28.01318,
                "mean": 24.932095999999998,
                "std": 1.9052666715879951,
                "variance": 3.6300410898639974,
                "median": 24.67253
            },
            "NDCG@3": {
                "min": 7.51026,
                "max": 9.18229,
                "mean": 8.47517,
                "std": 0.705859806987195,
                "variance": 0.49823806712000007,
                "median": 8.96226
            },
            "NDCG@5": {
                "min": 6.91503,
                "max": 8.62375,
                "mean": 7.726850000000001,
                "std": 0.6572907050308864,
                "variance": 0.43203107091999965,
                "median": 7.36817
            },
            "NDCG@1000": {
                "min": 11.61926,
                "max": 13.82696,
                "mean": 13.24005,
                "std": 0.8231796124297537,
                "variance": 0.6776246743199994,
                "median": 13.59122
            },
            "Precision@20": {
                "min": 4.82759,
                "max": 8.44828,
                "mean": 6.793106,
                "std": 1.3292644672088396,
                "variance": 1.7669440237840004,
                "median": 6.37931
            },
            "Recall@20": {
                "min": 3.31716,
                "max": 5.11414,
                "mean": 4.446797999999999,
                "std": 0.6289303675415905,
                "variance": 0.39555340721600013,
                "median": 4.55063
            },
            "Recall@1000": {
                "min": 18.78357,
                "max": 24.09817,
                "mean": 22.415215999999997,
                "std": 1.8779238561517873,
                "variance": 3.5265980095039984,
                "median": 22.96838
            },
            "MAP": {
                "min": 2.46777,
                "max": 2.9149,
                "mean": 2.730226,
                "std": 0.16405564599854525,
                "variance": 0.026914254983999998,
                "median": 2.81892
            }
        }
    }
}