{
    "ance_2023_test_STR_0shot_prompt_type1_meta-llama": {
        "full_set": {
            "MRR": {
                "min": 12.85093,
                "max": 15.92863,
                "mean": 14.153262000000002,
                "std": 1.4502338240904467,
                "variance": 2.1031781445360003,
                "median": 13.08414
            },
            "NDCG@3": {
                "min": 5.04032,
                "max": 6.73445,
                "mean": 6.026574,
                "std": 0.5574255197100324,
                "variance": 0.3107232100239998,
                "median": 6.07898
            },
            "NDCG@5": {
                "min": 4.93374,
                "max": 6.46124,
                "mean": 5.724622,
                "std": 0.49669719400858303,
                "variance": 0.24670810253599998,
                "median": 5.72215
            },
            "NDCG@1000": {
                "min": 9.92978,
                "max": 11.09619,
                "mean": 10.573488,
                "std": 0.4354385014396411,
                "variance": 0.1896066885360003,
                "median": 10.42731
            },
            "Precision@20": {
                "min": 5.19886,
                "max": 6.27841,
                "mean": 5.75,
                "std": 0.47659771531135153,
                "variance": 0.22714538224000008,
                "median": 5.76705
            },
            "Recall@20": {
                "min": 2.57086,
                "max": 3.05833,
                "mean": 2.802252,
                "std": 0.16968628741297873,
                "variance": 0.028793436136000022,
                "median": 2.74531
            },
            "Recall@1000": {
                "min": 17.67196,
                "max": 19.67285,
                "mean": 18.301316,
                "std": 0.762159451626758,
                "variance": 0.5808870297040005,
                "median": 17.89856
            },
            "MAP": {
                "min": 2.66167,
                "max": 3.34335,
                "mean": 2.8652180000000005,
                "std": 0.26724841173709524,
                "variance": 0.071421713576,
                "median": 2.67934
            }
        },
        "subset": {
            "MRR": {
                "min": 7.8544,
                "max": 10.27772,
                "mean": 8.806028,
                "std": 0.9201517211721119,
                "variance": 0.8466791899759999,
                "median": 8.61288
            },
            "NDCG@3": {
                "min": 2.04038,
                "max": 4.98806,
                "mean": 3.040752,
                "std": 1.0629108513398478,
                "variance": 1.129779477896,
                "median": 2.45524
            },
            "NDCG@5": {
                "min": 1.86577,
                "max": 3.93597,
                "mean": 2.6478379999999997,
                "std": 0.7466901043244112,
                "variance": 0.5575461118960001,
                "median": 2.36013
            },
            "NDCG@1000": {
                "min": 4.86207,
                "max": 5.73871,
                "mean": 5.339774,
                "std": 0.2836455668329756,
                "variance": 0.08045480758400002,
                "median": 5.35067
            },
            "Precision@20": {
                "min": 2.30159,
                "max": 3.25397,
                "mean": 2.77778,
                "std": 0.31745999999999996,
                "variance": 0.10078085159999997,
                "median": 2.77778
            },
            "Recall@20": {
                "min": 0.82422,
                "max": 1.26591,
                "mean": 1.006064,
                "std": 0.17966102088099137,
                "variance": 0.032278082424000015,
                "median": 0.92235
            },
            "Recall@1000": {
                "min": 8.4036,
                "max": 9.80681,
                "mean": 9.133968,
                "std": 0.568985067832188,
                "variance": 0.3237440074159997,
                "median": 9.43516
            },
            "MAP": {
                "min": 0.59223,
                "max": 1.01953,
                "mean": 0.8004019999999998,
                "std": 0.13911164874301504,
                "variance": 0.019352050816,
                "median": 0.77823
            }
        },
        "corrected_subset": {
            "MRR": {
                "min": 1.28,
                "max": 6.23576,
                "mean": 3.488468,
                "std": 2.198317552442322,
                "variance": 4.8326000613760005,
                "median": 2.44988
            },
            "NDCG@3": {
                "min": 0.0,
                "max": 3.64096,
                "mean": 1.026278,
                "std": 1.3789644345580492,
                "variance": 1.901542911776,
                "median": 0.29429
            },
            "NDCG@5": {
                "min": 0.0,
                "max": 2.88326,
                "mean": 0.96782,
                "std": 1.0475428611374333,
                "variance": 1.0973460459199997,
                "median": 0.47806
            },
            "NDCG@1000": {
                "min": 2.16522,
                "max": 4.93574,
                "mean": 3.29041,
                "std": 1.0140837340969433,
                "variance": 1.0283658197599999,
                "median": 3.24182
            },
            "Precision@20": {
                "min": 0.17241,
                "max": 1.72414,
                "mean": 0.931034,
                "std": 0.5623985029354186,
                "variance": 0.316292076104,
                "median": 0.86207
            },
            "Recall@20": {
                "min": 0.05147,
                "max": 1.01311,
                "mean": 0.449172,
                "std": 0.35531515033277145,
                "variance": 0.12624885605599998,
                "median": 0.41108
            },
            "Recall@1000": {
                "min": 4.42795,
                "max": 9.34958,
                "mean": 6.472226000000001,
                "std": 1.7823036697555217,
                "variance": 3.1766063712239996,
                "median": 6.53869
            },
            "MAP": {
                "min": 0.15743,
                "max": 0.55342,
                "mean": 0.33408800000000005,
                "std": 0.1660008213714619,
                "variance": 0.027556272696000007,
                "median": 0.24703
            }
        }
    }
}