{
    "bm25_2023_test_STR_0shot_prompt_type1_meta-llama": {
        "full_set": {
            "MRR": {
                "min": 28.16511,
                "max": 34.54146,
                "mean": 32.74488,
                "std": 2.3486260443842486,
                "variance": 5.516044296360003,
                "median": 33.52504
            },
            "NDCG@3": {
                "min": 12.62562,
                "max": 16.25397,
                "mean": 14.624062,
                "std": 1.1630940681200295,
                "variance": 1.3527878112959997,
                "median": 14.8408
            },
            "NDCG@5": {
                "min": 13.14623,
                "max": 14.84272,
                "mean": 14.146656000000002,
                "std": 0.5690670507980587,
                "variance": 0.3238373083040003,
                "median": 14.17613
            },
            "NDCG@1000": {
                "min": 20.96367,
                "max": 22.81145,
                "mean": 22.029464000000004,
                "std": 0.7130834937537115,
                "variance": 0.5084880690639995,
                "median": 22.09846
            },
            "Precision@20": {
                "min": 12.5,
                "max": 14.63068,
                "mean": 13.607952000000001,
                "std": 0.7711379913193226,
                "variance": 0.5946538016559997,
                "median": 13.29545
            },
            "Recall@20": {
                "min": 6.15459,
                "max": 6.93803,
                "mean": 6.518244,
                "std": 0.27469192835611334,
                "variance": 0.07545565550400009,
                "median": 6.57789
            },
            "Recall@1000": {
                "min": 34.10702,
                "max": 36.65392,
                "mean": 35.438486,
                "std": 1.030230441611972,
                "variance": 1.0613747628239991,
                "median": 35.85445
            },
            "MAP": {
                "min": 6.3751,
                "max": 7.46629,
                "mean": 6.71373,
                "std": 0.40697870927113616,
                "variance": 0.1656316698,
                "median": 6.47092
            }
        },
        "subset": {
            "MRR": {
                "min": 17.26436,
                "max": 25.19702,
                "mean": 21.120815999999998,
                "std": 2.987604025212176,
                "variance": 8.925777811463997,
                "median": 20.47991
            },
            "NDCG@3": {
                "min": 6.38936,
                "max": 10.51182,
                "mean": 8.777460000000001,
                "std": 1.6668396954716431,
                "variance": 2.7783545704000003,
                "median": 9.78628
            },
            "NDCG@5": {
                "min": 6.5116,
                "max": 10.44133,
                "mean": 8.287518,
                "std": 1.3859688885887735,
                "variance": 1.9209097601360003,
                "median": 8.19641
            },
            "NDCG@1000": {
                "min": 13.86519,
                "max": 15.2897,
                "mean": 14.429818000000001,
                "std": 0.5390651480257277,
                "variance": 0.2905912338159997,
                "median": 14.38301
            },
            "Precision@20": {
                "min": 7.93651,
                "max": 11.11111,
                "mean": 8.698412,
                "std": 1.2177819843699447,
                "variance": 1.4829929614560002,
                "median": 8.01587
            },
            "Recall@20": {
                "min": 3.01824,
                "max": 4.28864,
                "mean": 3.502888,
                "std": 0.4466290770382063,
                "variance": 0.19947753245600003,
                "median": 3.35708
            },
            "Recall@1000": {
                "min": 22.6246,
                "max": 24.96137,
                "mean": 23.418714,
                "std": 0.8035219082912419,
                "variance": 0.645647457103999,
                "median": 23.14642
            },
            "MAP": {
                "min": 2.62548,
                "max": 3.38539,
                "mean": 2.862164,
                "std": 0.2759552374281018,
                "variance": 0.07615129306400004,
                "median": 2.73153
            }
        },
        "corrected_subset": {
            "MRR": {
                "min": 12.26348,
                "max": 18.6015,
                "mean": 15.771034,
                "std": 2.338761199161642,
                "variance": 5.469803946704002,
                "median": 15.13774
            },
            "NDCG@3": {
                "min": 2.85839,
                "max": 8.77984,
                "mean": 5.682396,
                "std": 2.052274711139812,
                "variance": 4.211831489983999,
                "median": 5.94615
            },
            "NDCG@5": {
                "min": 3.30615,
                "max": 8.88454,
                "mean": 5.416245999999999,
                "std": 1.9499627293320245,
                "variance": 3.8023546457839985,
                "median": 4.89497
            },
            "NDCG@1000": {
                "min": 9.79278,
                "max": 12.42399,
                "mean": 10.66655,
                "std": 0.9473019174687655,
                "variance": 0.8973809228399997,
                "median": 10.56239
            },
            "Precision@20": {
                "min": 5.0,
                "max": 6.89655,
                "mean": 5.896552,
                "std": 0.7183659320819719,
                "variance": 0.5160496123760002,
                "median": 5.68966
            },
            "Recall@20": {
                "min": 2.34323,
                "max": 4.03638,
                "mean": 3.3802400000000006,
                "std": 0.6213761158267994,
                "variance": 0.3861082773200001,
                "median": 3.35784
            },
            "Recall@1000": {
                "min": 16.91748,
                "max": 19.25636,
                "mean": 17.753546000000004,
                "std": 0.850636203240845,
                "variance": 0.7235819502640001,
                "median": 17.39069
            },
            "MAP": {
                "min": 1.4421,
                "max": 2.38376,
                "mean": 1.801718,
                "std": 0.3206510559720645,
                "variance": 0.10281709969600003,
                "median": 1.73171
            }
        }
    }
}