{
    "ance_2023_test_STR_5shot_prompt_type1_meta-llama": {
        "full_set": {
            "MRR": {
                "min": 11.99559,
                "max": 15.24905,
                "mean": 13.394704,
                "std": 1.107525154181159,
                "variance": 1.2266119671440003,
                "median": 13.43804
            },
            "NDCG@3": {
                "min": 4.72084,
                "max": 6.60703,
                "mean": 5.633394,
                "std": 0.6434838260158526,
                "variance": 0.41407143434400007,
                "median": 5.51658
            },
            "NDCG@5": {
                "min": 4.93359,
                "max": 6.68201,
                "mean": 5.68858,
                "std": 0.589769281261749,
                "variance": 0.34782780512,
                "median": 5.74793
            },
            "NDCG@1000": {
                "min": 9.52904,
                "max": 11.05829,
                "mean": 10.146812,
                "std": 0.5281756765849784,
                "variance": 0.27896954533599977,
                "median": 10.02348
            },
            "Precision@20": {
                "min": 4.54545,
                "max": 6.07955,
                "mean": 5.392046,
                "std": 0.4948104717000239,
                "variance": 0.24483740290400013,
                "median": 5.42614
            },
            "Recall@20": {
                "min": 2.52635,
                "max": 3.17865,
                "mean": 2.80092,
                "std": 0.23771475326533695,
                "variance": 0.05650830392000002,
                "median": 2.69233
            },
            "Recall@1000": {
                "min": 16.60605,
                "max": 18.80804,
                "mean": 17.301306,
                "std": 0.7828065941112142,
                "variance": 0.6127861637839993,
                "median": 17.1139
            },
            "MAP": {
                "min": 2.40131,
                "max": 3.12585,
                "mean": 2.8113,
                "std": 0.24280573667028535,
                "variance": 0.05895462575999995,
                "median": 2.78063
            }
        },
        "subset": {
            "MRR": {
                "min": 4.23482,
                "max": 9.32627,
                "mean": 7.237252,
                "std": 1.9027598922554572,
                "variance": 3.620495207575999,
                "median": 7.15399
            },
            "NDCG@3": {
                "min": 0.65619,
                "max": 3.77774,
                "mean": 2.6401139999999996,
                "std": 1.2001078765277728,
                "variance": 1.4402589153040002,
                "median": 3.38079
            },
            "NDCG@5": {
                "min": 1.45122,
                "max": 3.57221,
                "mean": 2.773784,
                "std": 0.8408015059120671,
                "variance": 0.706947172344,
                "median": 3.34548
            },
            "NDCG@1000": {
                "min": 3.45459,
                "max": 5.6114,
                "mean": 4.89049,
                "std": 0.768056726160249,
                "variance": 0.5899111345999997,
                "median": 5.29163
            },
            "Precision@20": {
                "min": 1.50794,
                "max": 2.69841,
                "mean": 2.3492059999999997,
                "std": 0.4335379399591228,
                "variance": 0.187955145384,
                "median": 2.53968
            },
            "Recall@20": {
                "min": 0.57428,
                "max": 1.11505,
                "mean": 0.8888360000000001,
                "std": 0.1795940558704547,
                "variance": 0.032254024904000006,
                "median": 0.92124
            },
            "Recall@1000": {
                "min": 6.56143,
                "max": 9.47351,
                "mean": 8.237878,
                "std": 0.9561239681840424,
                "variance": 0.9141730425359998,
                "median": 8.38832
            },
            "MAP": {
                "min": 0.42209,
                "max": 1.0502,
                "mean": 0.77167,
                "std": 0.20698920319668848,
                "variance": 0.04284453024,
                "median": 0.82276
            }
        },
        "corrected_subset": {
            "MRR": {
                "min": 0.80095,
                "max": 6.28346,
                "mean": 3.74784,
                "std": 2.3033422975493676,
                "variance": 5.305385739679999,
                "median": 5.13317
            },
            "NDCG@3": {
                "min": 0.0,
                "max": 3.15858,
                "mean": 1.15955,
                "std": 1.1759929918838803,
                "variance": 1.3829595169600002,
                "median": 1.02097
            },
            "NDCG@5": {
                "min": 0.0,
                "max": 2.87241,
                "mean": 1.25773,
                "std": 1.0406356359648654,
                "variance": 1.08292252684,
                "median": 1.54245
            },
            "NDCG@1000": {
                "min": 1.59298,
                "max": 6.68219,
                "mean": 3.5368020000000002,
                "std": 1.7952095917234847,
                "variance": 3.2227774782160004,
                "median": 3.39045
            },
            "Precision@20": {
                "min": 0.17241,
                "max": 1.89655,
                "mean": 1.103448,
                "std": 0.736350040195558,
                "variance": 0.5422113816959999,
                "median": 1.2069
            },
            "Recall@20": {
                "min": 0.03708,
                "max": 1.67111,
                "mean": 0.845158,
                "std": 0.5548701235208109,
                "variance": 0.30788085397599996,
                "median": 0.82015
            },
            "Recall@1000": {
                "min": 3.76106,
                "max": 10.60328,
                "mean": 6.366756,
                "std": 2.474494604508969,
                "variance": 6.123123547743999,
                "median": 6.44882
            },
            "MAP": {
                "min": 0.0769,
                "max": 1.42188,
                "mean": 0.53704,
                "std": 0.48928160844241836,
                "variance": 0.23939649236,
                "median": 0.4049
            }
        }
    }
}