{
    "ance_2023_test_SAR_5shot_meta-llama": {
        "full_set": {
            "MRR": {
                "min": 27.5173,
                "max": 32.13724,
                "mean": 30.121654,
                "std": 2.1241830326937468,
                "variance": 4.5121535563840025,
                "median": 31.28809
            },
            "NDCG@3": {
                "min": 12.80222,
                "max": 15.07237,
                "mean": 13.924477999999999,
                "std": 0.7680880011925714,
                "variance": 0.5899591775759996,
                "median": 13.7146
            },
            "NDCG@5": {
                "min": 12.27656,
                "max": 14.10375,
                "mean": 13.108244,
                "std": 0.8202721520227293,
                "variance": 0.6728464033839996,
                "median": 12.73882
            },
            "NDCG@1000": {
                "min": 17.73209,
                "max": 20.27839,
                "mean": 19.112388,
                "std": 0.8827711533664889,
                "variance": 0.779284909216001,
                "median": 19.17275
            },
            "Precision@20": {
                "min": 10.48295,
                "max": 12.67045,
                "mean": 11.78409,
                "std": 0.7697571528735537,
                "variance": 0.5925260743999996,
                "median": 12.01705
            },
            "Recall@20": {
                "min": 4.92849,
                "max": 5.87006,
                "mean": 5.554696,
                "std": 0.3379858527571827,
                "variance": 0.11423443666399999,
                "median": 5.72088
            },
            "Recall@1000": {
                "min": 29.02602,
                "max": 31.92471,
                "mean": 30.371424,
                "std": 1.036797587817411,
                "variance": 1.0749492381040018,
                "median": 30.57263
            },
            "MAP": {
                "min": 4.91526,
                "max": 5.59257,
                "mean": 5.3153179999999995,
                "std": 0.25117118858658943,
                "variance": 0.06308696597600008,
                "median": 5.28065
            }
        },
        "subset": {
            "MRR": {
                "min": 16.92259,
                "max": 29.29366,
                "mean": 21.935968,
                "std": 4.985689665301682,
                "variance": 24.857101438696,
                "median": 19.21644
            },
            "NDCG@3": {
                "min": 6.03801,
                "max": 11.14852,
                "mean": 8.587119999999999,
                "std": 1.9519369202205281,
                "variance": 3.81005774052,
                "median": 8.17839
            },
            "NDCG@5": {
                "min": 5.98216,
                "max": 10.28115,
                "mean": 7.986978000000001,
                "std": 1.5781254379218401,
                "variance": 2.4904798978159994,
                "median": 7.46972
            },
            "NDCG@1000": {
                "min": 11.28969,
                "max": 15.74924,
                "mean": 13.035228,
                "std": 1.5690905676015008,
                "variance": 2.462045209336,
                "median": 13.05636
            },
            "Precision@20": {
                "min": 6.34921,
                "max": 10.15873,
                "mean": 8.0,
                "std": 1.249236717327825,
                "variance": 1.56059237592,
                "median": 7.93651
            },
            "Recall@20": {
                "min": 3.03012,
                "max": 5.07036,
                "mean": 3.751784,
                "std": 0.7261418072690761,
                "variance": 0.527281924264,
                "median": 3.74911
            },
            "Recall@1000": {
                "min": 18.21824,
                "max": 24.57736,
                "mean": 20.764882,
                "std": 2.185315343582247,
                "variance": 4.7756031508959955,
                "median": 20.67652
            },
            "MAP": {
                "min": 2.35088,
                "max": 3.66441,
                "mean": 2.883232,
                "std": 0.44471245574640705,
                "variance": 0.19776916829600005,
                "median": 2.88951
            }
        },
        "corrected_subset": {
            "MRR": {
                "min": 14.21589,
                "max": 32.49915,
                "mean": 22.993850000000002,
                "std": 7.705913103826179,
                "variance": 59.38109676372001,
                "median": 18.40532
            },
            "NDCG@3": {
                "min": 4.68165,
                "max": 11.44265,
                "mean": 7.959995999999999,
                "std": 2.799100045583223,
                "variance": 7.834961065184001,
                "median": 6.66032
            },
            "NDCG@5": {
                "min": 4.84532,
                "max": 10.16181,
                "mean": 7.11768,
                "std": 2.3359447737906818,
                "variance": 5.456637986199999,
                "median": 5.96025
            },
            "NDCG@1000": {
                "min": 11.12128,
                "max": 15.86356,
                "mean": 13.205223999999998,
                "std": 1.6267586255569693,
                "variance": 2.6463436258239996,
                "median": 12.76826
            },
            "Precision@20": {
                "min": 6.55172,
                "max": 9.82759,
                "mean": 7.931032000000002,
                "std": 1.2763304173042342,
                "variance": 1.6290193341360006,
                "median": 7.93103
            },
            "Recall@20": {
                "min": 2.73808,
                "max": 4.92176,
                "mean": 3.871092,
                "std": 0.8462844607199166,
                "variance": 0.716197388456,
                "median": 4.25461
            },
            "Recall@1000": {
                "min": 18.92471,
                "max": 25.21301,
                "mean": 21.763247999999997,
                "std": 2.05521099164441,
                "variance": 4.223892220175999,
                "median": 21.47856
            },
            "MAP": {
                "min": 1.86179,
                "max": 3.26479,
                "mean": 2.6710860000000003,
                "std": 0.49870709891077347,
                "variance": 0.248708770504,
                "median": 2.84462
            }
        }
    }
}