{
    "bm25_2023_test_STR_1shot_prompt_type1_meta-llama": {
        "full_set": {
            "MRR": {
                "min": 29.81747,
                "max": 35.29708,
                "mean": 32.295860000000005,
                "std": 1.7618252361116868,
                "variance": 3.1040281626000015,
                "median": 32.15341
            },
            "NDCG@3": {
                "min": 13.58835,
                "max": 15.95656,
                "mean": 14.631168000000002,
                "std": 0.7704466521544497,
                "variance": 0.5935880438159996,
                "median": 14.49304
            },
            "NDCG@5": {
                "min": 13.79352,
                "max": 15.56361,
                "mean": 14.391779999999997,
                "std": 0.6119233196406234,
                "variance": 0.37445014912000063,
                "median": 14.15537
            },
            "NDCG@1000": {
                "min": 21.00575,
                "max": 22.50746,
                "mean": 21.709308,
                "std": 0.4955281313265671,
                "variance": 0.24554812893599953,
                "median": 21.73404
            },
            "Precision@20": {
                "min": 13.23864,
                "max": 14.23295,
                "mean": 13.659091999999998,
                "std": 0.3508932550733915,
                "variance": 0.12312607645600018,
                "median": 13.52273
            },
            "Recall@20": {
                "min": 5.95975,
                "max": 6.97024,
                "mean": 6.584078,
                "std": 0.3342973246916585,
                "variance": 0.11175470129600015,
                "median": 6.6681
            },
            "Recall@1000": {
                "min": 33.15617,
                "max": 36.19529,
                "mean": 34.85656,
                "std": 1.0172543995284549,
                "variance": 1.034806513359997,
                "median": 35.08215
            },
            "MAP": {
                "min": 6.57655,
                "max": 6.90608,
                "mean": 6.778658,
                "std": 0.11493712357632764,
                "variance": 0.013210542376000011,
                "median": 6.77775
            }
        },
        "subset": {
            "MRR": {
                "min": 13.34471,
                "max": 22.29079,
                "mean": 19.934062,
                "std": 3.3332692259066024,
                "variance": 11.110683732376001,
                "median": 21.38581
            },
            "NDCG@3": {
                "min": 5.30328,
                "max": 9.52988,
                "mean": 8.085277999999999,
                "std": 1.5076008964497203,
                "variance": 2.2728604629760003,
                "median": 8.3582
            },
            "NDCG@5": {
                "min": 5.37011,
                "max": 9.03003,
                "mean": 7.859812,
                "std": 1.3230820560554812,
                "variance": 1.7505461270559994,
                "median": 8.00643
            },
            "NDCG@1000": {
                "min": 10.69215,
                "max": 15.97493,
                "mean": 14.076331999999999,
                "std": 1.8450866756485995,
                "variance": 3.4043448406560004,
                "median": 14.88966
            },
            "Precision@20": {
                "min": 6.19048,
                "max": 9.20635,
                "mean": 8.000000000000002,
                "std": 1.0056516033895637,
                "variance": 1.0113351474000003,
                "median": 8.25397
            },
            "Recall@20": {
                "min": 2.27065,
                "max": 4.03145,
                "mean": 3.2001760000000004,
                "std": 0.6500863274242893,
                "variance": 0.42261223310400026,
                "median": 3.41555
            },
            "Recall@1000": {
                "min": 17.60784,
                "max": 25.74451,
                "mean": 22.914638,
                "std": 2.8857641044229516,
                "variance": 8.327634466375999,
                "median": 24.36682
            },
            "MAP": {
                "min": 2.03681,
                "max": 3.45862,
                "mean": 3.000222,
                "std": 0.5268397088830719,
                "variance": 0.2775600788559999,
                "median": 3.25445
            }
        },
        "corrected_subset": {
            "MRR": {
                "min": 5.85494,
                "max": 19.68033,
                "mean": 13.915206000000001,
                "std": 4.52753615548943,
                "variance": 20.498583639264005,
                "median": 14.26424
            },
            "NDCG@3": {
                "min": 1.53146,
                "max": 8.91552,
                "mean": 5.454274,
                "std": 2.407688995585601,
                "variance": 5.7969662994640005,
                "median": 5.25943
            },
            "NDCG@5": {
                "min": 2.02643,
                "max": 8.6781,
                "mean": 5.288104000000001,
                "std": 2.1302640438274314,
                "variance": 4.538024896424001,
                "median": 5.22466
            },
            "NDCG@1000": {
                "min": 6.82182,
                "max": 12.88079,
                "mean": 10.957922,
                "std": 2.1363145053797674,
                "variance": 4.563839665895999,
                "median": 11.92137
            },
            "Precision@20": {
                "min": 3.44828,
                "max": 6.2069,
                "mean": 5.172416,
                "std": 0.9443489097065767,
                "variance": 0.8917948632640001,
                "median": 5.51724
            },
            "Recall@20": {
                "min": 1.08856,
                "max": 4.32307,
                "mean": 2.733588,
                "std": 1.1295204447091696,
                "variance": 1.2758164350160004,
                "median": 2.97313
            },
            "Recall@1000": {
                "min": 11.68241,
                "max": 20.55592,
                "mean": 17.81051,
                "std": 3.175567943288255,
                "variance": 10.084231762439998,
                "median": 19.11118
            },
            "MAP": {
                "min": 0.94369,
                "max": 2.79455,
                "mean": 2.0180879999999997,
                "std": 0.6505649102864373,
                "variance": 0.4232347024960001,
                "median": 2.30046
            }
        }
    }
}