{
    "ance_2023_test_SAR_0shot_meta-llama": {
        "full_set": {
            "MRR": {
                "min": 15.19698,
                "max": 21.45574,
                "mean": 18.033382,
                "std": 2.1002719559276124,
                "variance": 4.411142288855999,
                "median": 17.64717
            },
            "NDCG@3": {
                "min": 5.35906,
                "max": 9.33974,
                "mean": 7.672072,
                "std": 1.4159347035566296,
                "variance": 2.0048710847360005,
                "median": 8.22732
            },
            "NDCG@5": {
                "min": 5.4894,
                "max": 9.21162,
                "mean": 7.441900000000001,
                "std": 1.3080596796629733,
                "variance": 1.7110201255600004,
                "median": 7.6563
            },
            "NDCG@1000": {
                "min": 11.43393,
                "max": 14.28425,
                "mean": 12.351014000000001,
                "std": 1.011408522855132,
                "variance": 1.022947200104,
                "median": 12.05736
            },
            "Precision@20": {
                "min": 6.47727,
                "max": 8.83523,
                "mean": 7.386362,
                "std": 0.802325970423493,
                "variance": 0.6437269628159996,
                "median": 7.35795
            },
            "Recall@20": {
                "min": 3.2286,
                "max": 4.18546,
                "mean": 3.506136,
                "std": 0.3597060383479821,
                "variance": 0.12938843402399997,
                "median": 3.29314
            },
            "Recall@1000": {
                "min": 19.46306,
                "max": 23.10085,
                "mean": 20.648546,
                "std": 1.328456162808544,
                "variance": 1.7647957765040012,
                "median": 20.60073
            },
            "MAP": {
                "min": 2.72569,
                "max": 3.68195,
                "mean": 3.047744,
                "std": 0.3310010191283404,
                "variance": 0.10956167466399998,
                "median": 2.9744
            }
        },
        "subset": {
            "MRR": {
                "min": 9.22446,
                "max": 16.5668,
                "mean": 13.261780000000002,
                "std": 2.590960952056206,
                "variance": 6.7130786550799995,
                "median": 13.58567
            },
            "NDCG@3": {
                "min": 3.1276,
                "max": 6.88457,
                "mean": 4.984702,
                "std": 1.5622332125953537,
                "variance": 2.4405726105359995,
                "median": 4.5809
            },
            "NDCG@5": {
                "min": 3.98576,
                "max": 6.59411,
                "mean": 5.042238,
                "std": 1.1428161291196408,
                "variance": 1.3060287049759995,
                "median": 4.33066
            },
            "NDCG@1000": {
                "min": 8.26738,
                "max": 10.52771,
                "mean": 9.345964,
                "std": 0.8080408353196024,
                "variance": 0.6529299915440007,
                "median": 9.01059
            },
            "Precision@20": {
                "min": 4.7619,
                "max": 6.50794,
                "mean": 5.460318,
                "std": 0.6337313122893645,
                "variance": 0.401615376176,
                "median": 5.55556
            },
            "Recall@20": {
                "min": 1.80783,
                "max": 2.69607,
                "mean": 2.3732379999999997,
                "std": 0.36936835394494755,
                "variance": 0.13643298089600003,
                "median": 2.64743
            },
            "Recall@1000": {
                "min": 13.75613,
                "max": 16.91424,
                "mean": 15.072298,
                "std": 1.0811839700513504,
                "variance": 1.1689587770959993,
                "median": 14.63113
            },
            "MAP": {
                "min": 1.52866,
                "max": 2.15966,
                "mean": 1.813054,
                "std": 0.2500630934464341,
                "variance": 0.06253155070400004,
                "median": 1.74204
            }
        },
        "corrected_subset": {
            "MRR": {
                "min": 5.92203,
                "max": 15.66623,
                "mean": 10.990402,
                "std": 3.1846695373893974,
                "variance": 10.142120062375998,
                "median": 10.49254
            },
            "NDCG@3": {
                "min": 0.64464,
                "max": 7.72001,
                "mean": 4.298,
                "std": 2.407650012996075,
                "variance": 5.79677858508,
                "median": 4.41146
            },
            "NDCG@5": {
                "min": 1.98728,
                "max": 6.93385,
                "mean": 4.346985999999999,
                "std": 1.6766139144430356,
                "variance": 2.811034218103999,
                "median": 4.76889
            },
            "NDCG@1000": {
                "min": 8.42566,
                "max": 10.43627,
                "mean": 9.369062000000001,
                "std": 0.7627710657176238,
                "variance": 0.5818196986959996,
                "median": 9.59604
            },
            "Precision@20": {
                "min": 3.62069,
                "max": 5.17241,
                "mean": 4.448274,
                "std": 0.5044381529821074,
                "variance": 0.25445785018399997,
                "median": 4.48276
            },
            "Recall@20": {
                "min": 1.59461,
                "max": 3.3014,
                "mean": 2.64289,
                "std": 0.5804738949169033,
                "variance": 0.33694994268000006,
                "median": 2.87359
            },
            "Recall@1000": {
                "min": 13.75816,
                "max": 18.00807,
                "mean": 15.71908,
                "std": 1.5134394923749015,
                "variance": 2.290499097079999,
                "median": 15.7907
            },
            "MAP": {
                "min": 1.28387,
                "max": 1.99619,
                "mean": 1.6217259999999996,
                "std": 0.24201829993618246,
                "variance": 0.05857285750399997,
                "median": 1.63957
            }
        }
    }
}