{
    "ance_2023_test_STR_3shot_prompt_type1_meta-llama": {
        "full_set": {
            "MRR": {
                "min": 9.16082,
                "max": 14.47469,
                "mean": 12.211816,
                "std": 1.7967847486952913,
                "variance": 3.2284354331440013,
                "median": 12.30234
            },
            "NDCG@3": {
                "min": 4.21997,
                "max": 5.70634,
                "mean": 5.180478,
                "std": 0.5145552623926802,
                "variance": 0.264767118056,
                "median": 5.26879
            },
            "NDCG@5": {
                "min": 4.15503,
                "max": 5.37162,
                "mean": 5.087428,
                "std": 0.4677966463924256,
                "variance": 0.21883370237600003,
                "median": 5.30801
            },
            "NDCG@1000": {
                "min": 8.357,
                "max": 9.99241,
                "mean": 9.380090000000001,
                "std": 0.6520719948287919,
                "variance": 0.42519788644,
                "median": 9.77922
            },
            "Precision@20": {
                "min": 4.17614,
                "max": 5.68182,
                "mean": 5.017046,
                "std": 0.5612064207615589,
                "variance": 0.3149526467039999,
                "median": 5.11364
            },
            "Recall@20": {
                "min": 2.09607,
                "max": 2.7945,
                "mean": 2.590156,
                "std": 0.26593691948279763,
                "variance": 0.070722445144,
                "median": 2.76192
            },
            "Recall@1000": {
                "min": 15.34599,
                "max": 18.09931,
                "mean": 16.60899,
                "std": 1.00507139575256,
                "variance": 1.0101685105599993,
                "median": 16.53201
            },
            "MAP": {
                "min": 2.19055,
                "max": 2.93925,
                "mean": 2.526032,
                "std": 0.2564486862044725,
                "variance": 0.06576592865599998,
                "median": 2.46481
            }
        },
        "subset": {
            "MRR": {
                "min": 4.25893,
                "max": 11.40526,
                "mean": 6.63711,
                "std": 2.527024176726451,
                "variance": 6.385851189759999,
                "median": 6.35926
            },
            "NDCG@3": {
                "min": 1.6161,
                "max": 3.54086,
                "mean": 2.234104,
                "std": 0.6829117159516301,
                "variance": 0.4663684117839999,
                "median": 2.09836
            },
            "NDCG@5": {
                "min": 1.611,
                "max": 3.46154,
                "mean": 2.2725400000000002,
                "std": 0.6622032295904332,
                "variance": 0.43851311728,
                "median": 2.2135
            },
            "NDCG@1000": {
                "min": 3.54266,
                "max": 5.46309,
                "mean": 4.406624,
                "std": 0.679882293359667,
                "variance": 0.4622399328240002,
                "median": 4.41054
            },
            "Precision@20": {
                "min": 1.34921,
                "max": 3.01587,
                "mean": 2.190476,
                "std": 0.5466388955645216,
                "variance": 0.298814082144,
                "median": 2.06349
            },
            "Recall@20": {
                "min": 0.33802,
                "max": 1.21171,
                "mean": 0.684888,
                "std": 0.29122294074471544,
                "variance": 0.08481080121600003,
                "median": 0.66003
            },
            "Recall@1000": {
                "min": 6.51142,
                "max": 8.92731,
                "mean": 7.570367999999999,
                "std": 0.894691251089447,
                "variance": 0.8004724347759999,
                "median": 7.76399
            },
            "MAP": {
                "min": 0.3491,
                "max": 0.90786,
                "mean": 0.665436,
                "std": 0.19072369381909526,
                "variance": 0.036375527383999996,
                "median": 0.74644
            }
        },
        "corrected_subset": {
            "MRR": {
                "min": 1.28005,
                "max": 6.63526,
                "mean": 4.327866,
                "std": 1.9241289453318868,
                "variance": 3.7022721982639992,
                "median": 4.22669
            },
            "NDCG@3": {
                "min": 0.0,
                "max": 1.86575,
                "mean": 1.049456,
                "std": 0.7031683456925517,
                "variance": 0.494445722384,
                "median": 1.19473
            },
            "NDCG@5": {
                "min": 0.0,
                "max": 2.0641,
                "mean": 1.340002,
                "std": 0.7372450006449688,
                "variance": 0.5435301909760001,
                "median": 1.70266
            },
            "NDCG@1000": {
                "min": 2.1819,
                "max": 3.3234,
                "mean": 2.9217,
                "std": 0.413726235474619,
                "variance": 0.1711693979199999,
                "median": 3.13806
            },
            "Precision@20": {
                "min": 0.51724,
                "max": 1.55172,
                "mean": 1.13793,
                "std": 0.3550214945605406,
                "variance": 0.12604026159999998,
                "median": 1.2069
            },
            "Recall@20": {
                "min": 0.08994,
                "max": 0.70603,
                "mean": 0.381498,
                "std": 0.2112491380716144,
                "variance": 0.044626198336000004,
                "median": 0.4209
            },
            "Recall@1000": {
                "min": 4.31599,
                "max": 6.16095,
                "mean": 5.461076,
                "std": 0.6311216292474849,
                "variance": 0.39831451090399983,
                "median": 5.58314
            },
            "MAP": {
                "min": 0.14285,
                "max": 0.49422,
                "mean": 0.31965999999999994,
                "std": 0.12126690809944814,
                "variance": 0.014705662999999999,
                "median": 0.35601
            }
        }
    }
}