{
    "bm25_2023_test_SAR_0shot_meta-llama": {
        "full_set": {
            "MRR": {
                "min": 29.20488,
                "max": 31.55865,
                "mean": 30.818331999999998,
                "std": 0.8256212316407571,
                "variance": 0.6816504181360007,
                "median": 31.109
            },
            "NDCG@3": {
                "min": 12.2703,
                "max": 14.76351,
                "mean": 13.392306,
                "std": 0.9454124245132385,
                "variance": 0.8938046524239998,
                "median": 13.42703
            },
            "NDCG@5": {
                "min": 12.05406,
                "max": 13.83763,
                "mean": 12.982744,
                "std": 0.6851716426297869,
                "variance": 0.46946017986400046,
                "median": 13.30352
            },
            "NDCG@1000": {
                "min": 18.4591,
                "max": 20.14905,
                "mean": 18.969510000000003,
                "std": 0.6250621878821334,
                "variance": 0.39070273871999944,
                "median": 18.59296
            },
            "Precision@20": {
                "min": 11.13636,
                "max": 12.61364,
                "mean": 11.636362,
                "std": 0.5442720553693714,
                "variance": 0.29623207025600007,
                "median": 11.42045
            },
            "Recall@20": {
                "min": 4.82424,
                "max": 5.66879,
                "mean": 5.2643,
                "std": 0.3034870422934069,
                "variance": 0.09210438484000014,
                "median": 5.2988
            },
            "Recall@1000": {
                "min": 29.01844,
                "max": 32.67043,
                "mean": 30.644579999999998,
                "std": 1.2692385906518933,
                "variance": 1.6109666000000042,
                "median": 30.62087
            },
            "MAP": {
                "min": 4.90588,
                "max": 5.65159,
                "mean": 5.29852,
                "std": 0.26248793732284154,
                "variance": 0.06889991723999998,
                "median": 5.34914
            }
        },
        "subset": {
            "MRR": {
                "min": 24.83463,
                "max": 27.48281,
                "mean": 26.1764,
                "std": 1.084998095113535,
                "variance": 1.1772208663999997,
                "median": 26.38369
            },
            "NDCG@3": {
                "min": 9.52786,
                "max": 12.00742,
                "mean": 10.883756,
                "std": 0.8207526295687391,
                "variance": 0.6736348789439998,
                "median": 11.07374
            },
            "NDCG@5": {
                "min": 8.7217,
                "max": 11.08528,
                "mean": 10.234136,
                "std": 0.8039363060740569,
                "variance": 0.6463135842239996,
                "median": 10.53866
            },
            "NDCG@1000": {
                "min": 13.31043,
                "max": 16.05205,
                "mean": 14.869086000000001,
                "std": 0.9522071556462913,
                "variance": 0.9066984672640004,
                "median": 14.93349
            },
            "Precision@20": {
                "min": 7.38095,
                "max": 9.12698,
                "mean": 8.126982,
                "std": 0.5972973724837569,
                "variance": 0.3567641511759998,
                "median": 8.09524
            },
            "Recall@20": {
                "min": 2.89816,
                "max": 3.60845,
                "mean": 3.189588,
                "std": 0.2441484715004376,
                "variance": 0.059608476135999997,
                "median": 3.09051
            },
            "Recall@1000": {
                "min": 21.68989,
                "max": 25.33878,
                "mean": 23.553542,
                "std": 1.3913928985789747,
                "variance": 1.9359741982160013,
                "median": 23.58433
            },
            "MAP": {
                "min": 2.47162,
                "max": 3.48007,
                "mean": 2.857964,
                "std": 0.3333478954245849,
                "variance": 0.11112081938399998,
                "median": 2.76944
            }
        },
        "corrected_subset": {
            "MRR": {
                "min": 20.89406,
                "max": 31.50508,
                "mean": 26.514531999999996,
                "std": 4.181306354499273,
                "variance": 17.483322830176,
                "median": 26.751
            },
            "NDCG@3": {
                "min": 9.62,
                "max": 15.4698,
                "mean": 12.287544,
                "std": 2.192552692015405,
                "variance": 4.807287307264,
                "median": 12.68328
            },
            "NDCG@5": {
                "min": 8.77787,
                "max": 13.82643,
                "mean": 11.295134000000001,
                "std": 2.0425669852379382,
                "variance": 4.172079889183999,
                "median": 11.11683
            },
            "NDCG@1000": {
                "min": 12.27004,
                "max": 17.32516,
                "mean": 14.918619999999999,
                "std": 1.7535565175265952,
                "variance": 3.0749604601600007,
                "median": 15.48234
            },
            "Precision@20": {
                "min": 6.89655,
                "max": 8.96552,
                "mean": 7.758622,
                "std": 0.918820484129517,
                "variance": 0.844231082056,
                "median": 7.06897
            },
            "Recall@20": {
                "min": 3.1486,
                "max": 4.3755,
                "mean": 3.747516,
                "std": 0.4412627348235968,
                "variance": 0.19471280114399991,
                "median": 3.7543
            },
            "Recall@1000": {
                "min": 20.23616,
                "max": 25.24024,
                "mean": 22.659293999999996,
                "std": 1.727989566699984,
                "variance": 2.9859479426239983,
                "median": 22.58442
            },
            "MAP": {
                "min": 2.2591,
                "max": 3.6687,
                "mean": 2.906818,
                "std": 0.5470496805373347,
                "variance": 0.29926335297599993,
                "median": 3.02085
            }
        }
    }
}