{
    "ance_batch_SAR_0shot": {
        "full_set": {
            "MRR": {
                "min": 32.49786,
                "max": 34.86212,
                "mean": 33.496612000000006,
                "std": 0.8292918191903241,
                "variance": 0.6877249213759972,
                "median": 33.66504
            },
            "NDCG@3": {
                "min": 14.61398,
                "max": 17.46044,
                "mean": 15.670942,
                "std": 1.0054910195402043,
                "variance": 1.0110121903759992,
                "median": 15.68253
            },
            "NDCG@5": {
                "min": 14.6229,
                "max": 16.12458,
                "mean": 15.076699999999999,
                "std": 0.5471590579347113,
                "variance": 0.2993830346800007,
                "median": 14.82705
            },
            "NDCG@1000": {
                "min": 22.75738,
                "max": 23.2308,
                "mean": 23.026358,
                "std": 0.18679824650140478,
                "variance": 0.03489358489599958,
                "median": 23.09198
            },
            "Precision@20": {
                "min": 14.20455,
                "max": 15.02841,
                "mean": 14.545455999999998,
                "std": 0.29138304786654956,
                "variance": 0.08490408058399992,
                "median": 14.48864
            },
            "Recall@20": {
                "min": 6.85788,
                "max": 7.52815,
                "mean": 7.128274,
                "std": 0.28197693200685764,
                "variance": 0.07951099018400001,
                "median": 6.95117
            },
            "Recall@1000": {
                "min": 35.86991,
                "max": 36.62776,
                "mean": 36.312169999999995,
                "std": 0.27291706263991733,
                "variance": 0.07448372308000056,
                "median": 36.30429
            },
            "MAP": {
                "min": 6.25419,
                "max": 6.86291,
                "mean": 6.659090000000001,
                "std": 0.22205779644047619,
                "variance": 0.04930966495999996,
                "median": 6.73477
            }
        },
        "subset": {
            "MRR": {
                "min": 20.54751,
                "max": 24.6975,
                "mean": 23.270844000000004,
                "std": 1.462055893700375,
                "variance": 2.137607436304002,
                "median": 23.59195
            },
            "NDCG@3": {
                "min": 8.1773,
                "max": 11.84825,
                "mean": 9.584294,
                "std": 1.249473581787146,
                "variance": 1.561184231584,
                "median": 9.43202
            },
            "NDCG@5": {
                "min": 8.67333,
                "max": 11.05648,
                "mean": 9.57051,
                "std": 0.8638000318592264,
                "variance": 0.7461504950400005,
                "median": 9.47574
            },
            "NDCG@1000": {
                "min": 16.06731,
                "max": 17.30873,
                "mean": 16.802628,
                "std": 0.4300600986094855,
                "variance": 0.18495168841600043,
                "median": 16.79245
            },
            "Precision@20": {
                "min": 9.28571,
                "max": 10.2381,
                "mean": 9.825398,
                "std": 0.4120899751947381,
                "variance": 0.16981814765599987,
                "median": 10.07937
            },
            "Recall@20": {
                "min": 3.45258,
                "max": 4.75717,
                "mean": 4.23498,
                "std": 0.4267696325185287,
                "variance": 0.18213231924,
                "median": 4.31818
            },
            "Recall@1000": {
                "min": 25.56361,
                "max": 28.77095,
                "mean": 27.024986000000002,
                "std": 1.1011380629621332,
                "variance": 1.212505033703999,
                "median": 27.16648
            },
            "MAP": {
                "min": 3.5372,
                "max": 4.17436,
                "mean": 3.8282380000000003,
                "std": 0.21273036495996528,
                "variance": 0.045254208176000024,
                "median": 3.82172
            }
        },
        "corrected_subset": {
            "MRR": {
                "min": 16.72457,
                "max": 23.18858,
                "mean": 19.724514000000003,
                "std": 2.371427456673301,
                "variance": 5.623668182264002,
                "median": 18.9633
            },
            "NDCG@3": {
                "min": 4.75217,
                "max": 9.8954,
                "mean": 6.78574,
                "std": 1.7339083113013796,
                "variance": 3.0064380320000015,
                "median": 6.49869
            },
            "NDCG@5": {
                "min": 5.26065,
                "max": 8.89817,
                "mean": 7.009830000000001,
                "std": 1.4046096485358486,
                "variance": 1.9729282647600002,
                "median": 7.69688
            },
            "NDCG@1000": {
                "min": 12.25902,
                "max": 14.35983,
                "mean": 13.712536,
                "std": 0.7676678167697278,
                "variance": 0.5893138769040004,
                "median": 14.0928
            },
            "Precision@20": {
                "min": 5.86207,
                "max": 8.27586,
                "mean": 7.275861999999999,
                "std": 0.875073976150588,
                "variance": 0.7657544637359999,
                "median": 7.24138
            },
            "Recall@20": {
                "min": 2.91823,
                "max": 4.99823,
                "mean": 3.9289140000000002,
                "std": 0.7106511243528714,
                "variance": 0.5050250205440002,
                "median": 3.74993
            },
            "Recall@1000": {
                "min": 21.20142,
                "max": 23.32079,
                "mean": 22.489144,
                "std": 0.8309722430647131,
                "variance": 0.6905148687440006,
                "median": 22.78558
            },
            "MAP": {
                "min": 2.28255,
                "max": 3.88922,
                "mean": 2.974254,
                "std": 0.5912231083305185,
                "variance": 0.349544763824,
                "median": 3.06922
            }
        }
    }
}