{
    "ance_batch_LLM_1shot_prompt1": {
        "full_set": {
            "MRR": {
                "min": 36.17665,
                "max": 38.34761,
                "mean": 37.183184,
                "std": 0.8139175099136279,
                "variance": 0.6624617129440005,
                "median": 36.96308
            },
            "NDCG@3": {
                "min": 16.6758,
                "max": 18.541,
                "mean": 17.439016000000002,
                "std": 0.6187551916743814,
                "variance": 0.38285798722400044,
                "median": 17.40734
            },
            "NDCG@5": {
                "min": 16.14664,
                "max": 17.21664,
                "mean": 16.772092000000004,
                "std": 0.4784678601703566,
                "variance": 0.2289314932159999,
                "median": 17.12318
            },
            "NDCG@1000": {
                "min": 24.14381,
                "max": 24.772,
                "mean": 24.39304,
                "std": 0.22786361069727637,
                "variance": 0.05192182507999993,
                "median": 24.3045
            },
            "Precision@20": {
                "min": 14.20455,
                "max": 15.17045,
                "mean": 14.727272,
                "std": 0.31563195170324604,
                "variance": 0.09962352893600024,
                "median": 14.6875
            },
            "Recall@20": {
                "min": 6.82696,
                "max": 7.3996,
                "mean": 7.207198,
                "std": 0.20001472519792154,
                "variance": 0.040005890296000074,
                "median": 7.30175
            },
            "Recall@1000": {
                "min": 37.39447,
                "max": 39.3321,
                "mean": 38.454499999999996,
                "std": 0.636900937509123,
                "variance": 0.4056428041999999,
                "median": 38.48794
            },
            "MAP": {
                "min": 6.65193,
                "max": 6.92714,
                "mean": 6.783882,
                "std": 0.09773779277229444,
                "variance": 0.009552676135999971,
                "median": 6.75784
            }
        },
        "subset": {
            "MRR": {
                "min": 24.47212,
                "max": 27.66278,
                "mean": 26.136609999999997,
                "std": 1.0173221891220108,
                "variance": 1.0349444364800005,
                "median": 26.08952
            },
            "NDCG@3": {
                "min": 8.59319,
                "max": 11.73102,
                "mean": 9.892726,
                "std": 1.0422451997605933,
                "variance": 1.0862750564239991,
                "median": 9.50575
            },
            "NDCG@5": {
                "min": 8.68933,
                "max": 11.51421,
                "mean": 10.125706000000001,
                "std": 0.9739537815851427,
                "variance": 0.9485859686639998,
                "median": 10.06408
            },
            "NDCG@1000": {
                "min": 17.19407,
                "max": 19.15258,
                "mean": 17.910646,
                "std": 0.6884578620830766,
                "variance": 0.4739742278640005,
                "median": 17.55443
            },
            "Precision@20": {
                "min": 9.7619,
                "max": 11.11111,
                "mean": 10.428572,
                "std": 0.46710965802046917,
                "variance": 0.21819143261599966,
                "median": 10.55556
            },
            "Recall@20": {
                "min": 4.00788,
                "max": 5.11266,
                "mean": 4.38578,
                "std": 0.39869990243289494,
                "variance": 0.15896161219999996,
                "median": 4.32877
            },
            "Recall@1000": {
                "min": 26.86718,
                "max": 31.25618,
                "mean": 29.210834,
                "std": 1.394800554410558,
                "variance": 1.9454685865839996,
                "median": 29.30637
            },
            "MAP": {
                "min": 3.67662,
                "max": 4.29943,
                "mean": 3.9332320000000003,
                "std": 0.20534667422678166,
                "variance": 0.042167256615999994,
                "median": 3.87478
            }
        },
        "corrected_subset": {
            "MRR": {
                "min": 19.10237,
                "max": 26.21695,
                "mean": 21.689072,
                "std": 2.5437429970372394,
                "variance": 6.470628434975998,
                "median": 21.48217
            },
            "NDCG@3": {
                "min": 5.18538,
                "max": 8.6843,
                "mean": 7.452372000000001,
                "std": 1.2351753709073057,
                "variance": 1.525658196896,
                "median": 8.09912
            },
            "NDCG@5": {
                "min": 4.72782,
                "max": 8.34328,
                "mean": 7.3290880000000005,
                "std": 1.3842188021754362,
                "variance": 1.9160616922959997,
                "median": 8.16883
            },
            "NDCG@1000": {
                "min": 12.99222,
                "max": 15.42784,
                "mean": 13.85453,
                "std": 0.8581891935231997,
                "variance": 0.7364886918799998,
                "median": 13.70189
            },
            "Precision@20": {
                "min": 6.03448,
                "max": 7.58621,
                "mean": 6.965518,
                "std": 0.5517252500076464,
                "variance": 0.30440075149599993,
                "median": 7.06897
            },
            "Recall@20": {
                "min": 3.67554,
                "max": 4.18732,
                "mean": 3.869188,
                "std": 0.19140502181499833,
                "variance": 0.03663588237599998,
                "median": 3.77179
            },
            "Recall@1000": {
                "min": 21.12354,
                "max": 26.60226,
                "mean": 23.799792000000004,
                "std": 1.7584471594381228,
                "variance": 3.0921364125360027,
                "median": 23.62206
            },
            "MAP": {
                "min": 2.47637,
                "max": 3.11172,
                "mean": 2.80169,
                "std": 0.24025447766899158,
                "variance": 0.057722214039999976,
                "median": 2.72477
            }
        }
    }
}