{
    "ance_batch_LLM_1shot_prompt1": {
        "full_set": {
            "MRR": {
                "min": 33.40453,
                "max": 40.29938,
                "mean": 37.035578,
                "std": 2.5171950963356013,
                "variance": 6.336271153015997,
                "median": 37.16394
            },
            "NDCG@3": {
                "min": 15.56431,
                "max": 18.00286,
                "mean": 17.148144000000002,
                "std": 0.8851298132726065,
                "variance": 0.7834547863439992,
                "median": 17.37936
            },
            "NDCG@5": {
                "min": 15.83873,
                "max": 17.36429,
                "mean": 16.696648,
                "std": 0.508260663376579,
                "variance": 0.25832890193600017,
                "median": 16.86316
            },
            "NDCG@1000": {
                "min": 24.86445,
                "max": 25.45493,
                "mean": 25.189122,
                "std": 0.25870608770572096,
                "variance": 0.06692883981600017,
                "median": 25.28249
            },
            "Precision@20": {
                "min": 15.11364,
                "max": 16.25,
                "mean": 15.397726,
                "std": 0.4285918708328471,
                "variance": 0.18369099174399992,
                "median": 15.19886
            },
            "Recall@20": {
                "min": 7.2679,
                "max": 8.06367,
                "mean": 7.588018,
                "std": 0.2719844096561419,
                "variance": 0.073975519096,
                "median": 7.5761
            },
            "Recall@1000": {
                "min": 39.02388,
                "max": 40.6869,
                "mean": 40.046458,
                "std": 0.5923381501608701,
                "variance": 0.35086448413600146,
                "median": 40.13133
            },
            "MAP": {
                "min": 7.0952,
                "max": 7.4425,
                "mean": 7.258632,
                "std": 0.11547401221054013,
                "variance": 0.01333424749599997,
                "median": 7.26645
            }
        },
        "subset": {
            "MRR": {
                "min": 23.11011,
                "max": 30.72172,
                "mean": 26.700358,
                "std": 3.207922827284971,
                "variance": 10.290768865816002,
                "median": 26.28947
            },
            "NDCG@3": {
                "min": 8.67657,
                "max": 11.97878,
                "mean": 10.333474,
                "std": 1.2742679556137322,
                "variance": 1.6237588227040007,
                "median": 10.47774
            },
            "NDCG@5": {
                "min": 9.6624,
                "max": 12.35358,
                "mean": 10.718526,
                "std": 0.9227738454377643,
                "variance": 0.851511569823999,
                "median": 10.36598
            },
            "NDCG@1000": {
                "min": 17.89689,
                "max": 19.94125,
                "mean": 18.990912,
                "std": 0.7006179126856524,
                "variance": 0.49086545957600053,
                "median": 18.83258
            },
            "Precision@20": {
                "min": 10.55556,
                "max": 11.8254,
                "mean": 11.206351999999999,
                "std": 0.5226056025111098,
                "variance": 0.27311661577600005,
                "median": 10.95238
            },
            "Recall@20": {
                "min": 4.4786,
                "max": 5.57502,
                "mean": 5.069484,
                "std": 0.3498318926913326,
                "variance": 0.12238235314400003,
                "median": 5.11147
            },
            "Recall@1000": {
                "min": 29.49122,
                "max": 32.25801,
                "mean": 31.319186000000002,
                "std": 0.9982369716775673,
                "variance": 0.9964770516240004,
                "median": 31.54037
            },
            "MAP": {
                "min": 3.84328,
                "max": 4.61858,
                "mean": 4.2563580000000005,
                "std": 0.27981573396790965,
                "variance": 0.07829684497599998,
                "median": 4.2556
            }
        },
        "corrected_subset": {
            "MRR": {
                "min": 13.88525,
                "max": 25.60516,
                "mean": 19.128422,
                "std": 3.748215384901994,
                "variance": 14.049118571616003,
                "median": 18.88142
            },
            "NDCG@3": {
                "min": 4.17987,
                "max": 8.15007,
                "mean": 6.207205999999999,
                "std": 1.3790064724663187,
                "variance": 1.9016588511039996,
                "median": 6.68589
            },
            "NDCG@5": {
                "min": 5.21275,
                "max": 9.62923,
                "mean": 6.9268540000000005,
                "std": 1.4732243653374728,
                "variance": 2.1703900306239996,
                "median": 6.72669
            },
            "NDCG@1000": {
                "min": 13.21814,
                "max": 16.44627,
                "mean": 14.510444000000001,
                "std": 1.114521042360349,
                "variance": 1.242157153863999,
                "median": 14.05964
            },
            "Precision@20": {
                "min": 7.06897,
                "max": 8.7931,
                "mean": 7.827585999999999,
                "std": 0.7282299195336595,
                "variance": 0.5303188157040001,
                "median": 7.41379
            },
            "Recall@20": {
                "min": 3.36683,
                "max": 4.89641,
                "mean": 4.346578,
                "std": 0.5368737205116303,
                "variance": 0.2882333917760001,
                "median": 4.36177
            },
            "Recall@1000": {
                "min": 22.85713,
                "max": 27.91894,
                "mean": 25.457235999999998,
                "std": 1.629320658073173,
                "variance": 2.6546858068239976,
                "median": 25.28634
            },
            "MAP": {
                "min": 2.38732,
                "max": 3.26664,
                "mean": 2.769182,
                "std": 0.3020049768066746,
                "variance": 0.09120700601600007,
                "median": 2.76766
            }
        }
    }
}