{
    "bm25_batch_LLM_1shot_prompt2": {
        "full_set": {
            "MRR": {
                "min": 38.0856,
                "max": 41.07365,
                "mean": 40.26335,
                "std": 1.102967912715506,
                "variance": 1.2165382164800005,
                "median": 40.66432
            },
            "NDCG@3": {
                "min": 16.96418,
                "max": 18.86796,
                "mean": 17.701246,
                "std": 0.6396373261028474,
                "variance": 0.40913590894400037,
                "median": 17.64002
            },
            "NDCG@5": {
                "min": 16.72421,
                "max": 18.27741,
                "mean": 17.314046,
                "std": 0.5929159857720147,
                "variance": 0.35154936618399985,
                "median": 17.10131
            },
            "NDCG@1000": {
                "min": 24.98149,
                "max": 25.73514,
                "mean": 25.436008000000005,
                "std": 0.25911190504490533,
                "variance": 0.06713897933600005,
                "median": 25.4223
            },
            "Precision@20": {
                "min": 15.73864,
                "max": 16.64773,
                "mean": 16.085228,
                "std": 0.3195994587855239,
                "variance": 0.10214381405599982,
                "median": 15.99432
            },
            "Recall@20": {
                "min": 7.38336,
                "max": 8.33525,
                "mean": 7.771728,
                "std": 0.3243143179941338,
                "variance": 0.10517977685600013,
                "median": 7.72234
            },
            "Recall@1000": {
                "min": 39.93084,
                "max": 41.58026,
                "mean": 40.653886,
                "std": 0.671113144517376,
                "variance": 0.4503928527440005,
                "median": 40.33461
            },
            "MAP": {
                "min": 7.45841,
                "max": 7.87473,
                "mean": 7.7069,
                "std": 0.14309783646163207,
                "variance": 0.0204769908,
                "median": 7.72962
            }
        },
        "subset": {
            "MRR": {
                "min": 28.02422,
                "max": 32.69922,
                "mean": 30.484586,
                "std": 1.611764723445701,
                "variance": 2.5977855237439975,
                "median": 30.17794
            },
            "NDCG@3": {
                "min": 10.33647,
                "max": 14.48947,
                "mean": 12.651604,
                "std": 1.436328978801166,
                "variance": 2.0630409353440005,
                "median": 12.45017
            },
            "NDCG@5": {
                "min": 10.53163,
                "max": 13.94446,
                "mean": 12.266188000000001,
                "std": 1.3797284040042084,
                "variance": 1.903650468816,
                "median": 11.85237
            },
            "NDCG@1000": {
                "min": 17.90348,
                "max": 18.46362,
                "mean": 18.170138,
                "std": 0.23113235017193062,
                "variance": 0.053422163295999955,
                "median": 18.11222
            },
            "Precision@20": {
                "min": 10.79365,
                "max": 12.53968,
                "mean": 11.301586,
                "std": 0.6459355429328846,
                "variance": 0.41723272562400043,
                "median": 11.11111
            },
            "Recall@20": {
                "min": 4.5881,
                "max": 5.22521,
                "mean": 5.010032000000001,
                "std": 0.23456213789953403,
                "variance": 0.05501939653600002,
                "median": 5.0635
            },
            "Recall@1000": {
                "min": 28.74474,
                "max": 30.30822,
                "mean": 29.287288,
                "std": 0.5523419922982493,
                "variance": 0.3050816764559993,
                "median": 29.05416
            },
            "MAP": {
                "min": 3.58851,
                "max": 3.90405,
                "mean": 3.75411,
                "std": 0.11076429587190986,
                "variance": 0.012268729239999988,
                "median": 3.74486
            }
        },
        "corrected_subset": {
            "MRR": {
                "min": 21.69547,
                "max": 30.99359,
                "mean": 25.59301,
                "std": 3.373953365557977,
                "variance": 11.383561312960001,
                "median": 24.24199
            },
            "NDCG@3": {
                "min": 9.53476,
                "max": 11.79716,
                "mean": 11.125586000000002,
                "std": 0.8400238843413917,
                "variance": 0.705640126264,
                "median": 11.58425
            },
            "NDCG@5": {
                "min": 9.94909,
                "max": 11.82088,
                "mean": 10.86203,
                "std": 0.6686300195773446,
                "variance": 0.4470661030800002,
                "median": 10.95167
            },
            "NDCG@1000": {
                "min": 14.49494,
                "max": 15.43184,
                "mean": 15.105538,
                "std": 0.345542616671229,
                "variance": 0.1193996999359999,
                "median": 15.29562
            },
            "Precision@20": {
                "min": 7.75862,
                "max": 10.51724,
                "mean": 9.275862,
                "std": 0.9716554245080918,
                "variance": 0.9441142639760001,
                "median": 9.65517
            },
            "Recall@20": {
                "min": 5.07979,
                "max": 6.20418,
                "mean": 5.60008,
                "std": 0.45079149180081035,
                "variance": 0.20321296908000006,
                "median": 5.6209
            },
            "Recall@1000": {
                "min": 23.90719,
                "max": 25.60314,
                "mean": 24.817113999999997,
                "std": 0.5742247071173445,
                "variance": 0.3297340142640001,
                "median": 24.92707
            },
            "MAP": {
                "min": 2.9203,
                "max": 3.42701,
                "mean": 3.196562,
                "std": 0.21051268469144563,
                "variance": 0.04431559041600001,
                "median": 3.26854
            }
        }
    }
}