{
    "ance_batch_LLM_0shot_prompt1": {
        "full_set": {
            "MRR": {
                "min": 36.47034,
                "max": 39.26967,
                "mean": 37.754146,
                "std": 0.9471109450238646,
                "variance": 0.8970191421839979,
                "median": 37.58383
            },
            "NDCG@3": {
                "min": 17.54629,
                "max": 18.64269,
                "mean": 18.183152,
                "std": 0.4373448097508421,
                "variance": 0.1912704826160003,
                "median": 18.41074
            },
            "NDCG@5": {
                "min": 16.90171,
                "max": 18.01816,
                "mean": 17.447488,
                "std": 0.45463973074952413,
                "variance": 0.2066972847759998,
                "median": 17.55405
            },
            "NDCG@1000": {
                "min": 24.13799,
                "max": 25.27431,
                "mean": 24.629731999999997,
                "std": 0.4138347860873955,
                "variance": 0.17125923017600037,
                "median": 24.44983
            },
            "Precision@20": {
                "min": 14.14773,
                "max": 15.19886,
                "mean": 14.6875,
                "std": 0.3802981377288089,
                "variance": 0.14462667356000009,
                "median": 14.77273
            },
            "Recall@20": {
                "min": 6.77779,
                "max": 7.38185,
                "mean": 7.127928,
                "std": 0.2512738250116792,
                "variance": 0.06313853513599998,
                "median": 7.2117
            },
            "Recall@1000": {
                "min": 38.11723,
                "max": 39.58982,
                "mean": 38.89429,
                "std": 0.607885443911927,
                "variance": 0.3695247129200005,
                "median": 38.88975
            },
            "MAP": {
                "min": 6.5789,
                "max": 7.15337,
                "mean": 6.894506,
                "std": 0.22502805306005733,
                "variance": 0.05063762466399998,
                "median": 6.80046
            }
        },
        "subset": {
            "MRR": {
                "min": 23.21202,
                "max": 28.72566,
                "mean": 26.998054000000003,
                "std": 1.9417264946598431,
                "variance": 3.7703017800640017,
                "median": 27.76208
            },
            "NDCG@3": {
                "min": 9.90207,
                "max": 11.94749,
                "mean": 10.817440000000001,
                "std": 0.6830777169546669,
                "variance": 0.46659516740000007,
                "median": 10.79078
            },
            "NDCG@5": {
                "min": 10.00645,
                "max": 11.45603,
                "mean": 10.888026,
                "std": 0.48060004105701065,
                "variance": 0.23097639946400034,
                "median": 10.9323
            },
            "NDCG@1000": {
                "min": 17.96384,
                "max": 18.56278,
                "mean": 18.224532,
                "std": 0.21157787591333788,
                "variance": 0.0447651975759998,
                "median": 18.1916
            },
            "Precision@20": {
                "min": 9.44444,
                "max": 11.42857,
                "mean": 10.539682,
                "std": 0.760250852374399,
                "variance": 0.5779813585360003,
                "median": 10.95238
            },
            "Recall@20": {
                "min": 4.42147,
                "max": 4.60263,
                "mean": 4.512168000000001,
                "std": 0.07506144187264184,
                "variance": 0.005634220055999991,
                "median": 4.55476
            },
            "Recall@1000": {
                "min": 29.27739,
                "max": 30.05919,
                "mean": 29.598766,
                "std": 0.2891863258592984,
                "variance": 0.0836287310640003,
                "median": 29.52409
            },
            "MAP": {
                "min": 3.84668,
                "max": 4.13334,
                "mean": 3.9781880000000003,
                "std": 0.11600126161382884,
                "variance": 0.01345629269599996,
                "median": 3.97927
            }
        },
        "corrected_subset": {
            "MRR": {
                "min": 21.37511,
                "max": 30.89935,
                "mean": 25.130323999999998,
                "std": 3.6711246331531697,
                "variance": 13.477156072143995,
                "median": 23.3447
            },
            "NDCG@3": {
                "min": 7.22592,
                "max": 11.77951,
                "mean": 9.086722,
                "std": 1.7077943533036994,
                "variance": 2.9165615531760007,
                "median": 8.26371
            },
            "NDCG@5": {
                "min": 6.90324,
                "max": 10.64811,
                "mean": 8.674968,
                "std": 1.317770064197848,
                "variance": 1.7365179420960004,
                "median": 8.18477
            },
            "NDCG@1000": {
                "min": 13.64821,
                "max": 15.14968,
                "mean": 14.226136000000002,
                "std": 0.5583745821793823,
                "variance": 0.31178217402399977,
                "median": 13.8991
            },
            "Precision@20": {
                "min": 5.51724,
                "max": 8.7931,
                "mean": 7.27586,
                "std": 1.0424969795831547,
                "variance": 1.0867999524400003,
                "median": 7.41379
            },
            "Recall@20": {
                "min": 3.24024,
                "max": 4.44818,
                "mean": 3.787782,
                "std": 0.41949874385509184,
                "variance": 0.17597919609599993,
                "median": 3.81566
            },
            "Recall@1000": {
                "min": 23.39336,
                "max": 25.04529,
                "mean": 23.99445,
                "std": 0.5780755443019537,
                "variance": 0.33417133492000006,
                "median": 23.97747
            },
            "MAP": {
                "min": 2.61126,
                "max": 3.51154,
                "mean": 3.0102059999999997,
                "std": 0.30837330997348,
                "variance": 0.095094098304,
                "median": 3.01456
            }
        }
    }
}