{
    "bm25_batch_human_0shot_prompt1": {
        "full_set": {
            "MRR": {
                "min": 43.24382,
                "max": 48.2946,
                "mean": 45.93898,
                "std": 1.9650334467280706,
                "variance": 3.861356446760001,
                "median": 45.44665
            },
            "NDCG@3": {
                "min": 20.30402,
                "max": 23.94197,
                "mean": 21.579659999999997,
                "std": 1.3494643564466609,
                "variance": 1.8210540493200003,
                "median": 20.73635
            },
            "NDCG@5": {
                "min": 19.97166,
                "max": 23.08305,
                "mean": 20.982480000000002,
                "std": 1.1479959852194608,
                "variance": 1.3178947820800007,
                "median": 20.52675
            },
            "NDCG@1000": {
                "min": 29.92958,
                "max": 31.43231,
                "mean": 30.326496,
                "std": 0.5596211444397007,
                "variance": 0.31317582530400034,
                "median": 30.13902
            },
            "Precision@20": {
                "min": 18.52273,
                "max": 20.0,
                "mean": 18.99432,
                "std": 0.5322731251528672,
                "variance": 0.28331467975999985,
                "median": 18.89205
            },
            "Recall@20": {
                "min": 8.96186,
                "max": 10.1677,
                "mean": 9.481628,
                "std": 0.41205590132408026,
                "variance": 0.16979006581600017,
                "median": 9.36177
            },
            "Recall@1000": {
                "min": 47.57397,
                "max": 48.64036,
                "mean": 47.994826,
                "std": 0.37445602655585614,
                "variance": 0.14021731582400002,
                "median": 47.9819
            },
            "MAP": {
                "min": 9.44856,
                "max": 10.38025,
                "mean": 9.799764,
                "std": 0.30999444856964775,
                "variance": 0.09609655814399999,
                "median": 9.73785
            }
        },
        "subset": {
            "MRR": {
                "min": 31.94716,
                "max": 41.42729,
                "mean": 36.58337,
                "std": 3.2796664652918586,
                "variance": 10.756212123559994,
                "median": 36.26802
            },
            "NDCG@3": {
                "min": 15.98408,
                "max": 18.53864,
                "mean": 17.214434,
                "std": 1.087609506902179,
                "variance": 1.1828944395040009,
                "median": 16.69693
            },
            "NDCG@5": {
                "min": 14.84313,
                "max": 17.5579,
                "mean": 16.159174,
                "std": 1.000677835661408,
                "variance": 1.001356130784,
                "median": 15.93318
            },
            "NDCG@1000": {
                "min": 22.04648,
                "max": 23.01161,
                "mean": 22.56532,
                "std": 0.3273104360694913,
                "variance": 0.10713212156000056,
                "median": 22.61358
            },
            "Precision@20": {
                "min": 13.01587,
                "max": 13.80952,
                "mean": 13.396824,
                "std": 0.2900886755183661,
                "variance": 0.0841514396639999,
                "median": 13.25397
            },
            "Recall@20": {
                "min": 5.14989,
                "max": 6.22776,
                "mean": 5.516668,
                "std": 0.40048787524218504,
                "variance": 0.16039053821599997,
                "median": 5.3293
            },
            "Recall@1000": {
                "min": 34.93173,
                "max": 37.07773,
                "mean": 35.812166,
                "std": 0.7355736857337958,
                "variance": 0.5410686471440009,
                "median": 35.76498
            },
            "MAP": {
                "min": 4.9265,
                "max": 5.15124,
                "mean": 5.0640279999999995,
                "std": 0.08690277127917148,
                "variance": 0.007552091655999992,
                "median": 5.12113
            }
        },
        "corrected_subset": {
            "MRR": {
                "min": 22.85428,
                "max": 35.3042,
                "mean": 30.062336,
                "std": 4.892378556205969,
                "variance": 23.935367937224004,
                "median": 32.88516
            },
            "NDCG@3": {
                "min": 12.47989,
                "max": 18.00016,
                "mean": 14.987444,
                "std": 2.0727812830938053,
                "variance": 4.296422247544002,
                "median": 14.03653
            },
            "NDCG@5": {
                "min": 11.45653,
                "max": 15.1905,
                "mean": 13.129566,
                "std": 1.328705026386218,
                "variance": 1.7654570471439999,
                "median": 12.68261
            },
            "NDCG@1000": {
                "min": 16.46588,
                "max": 18.66815,
                "mean": 17.27287,
                "std": 0.7458837022753622,
                "variance": 0.5563424973200011,
                "median": 17.15862
            },
            "Precision@20": {
                "min": 7.93103,
                "max": 10.68966,
                "mean": 9.068966,
                "std": 1.020598327699982,
                "variance": 1.0416209465039998,
                "median": 8.96552
            },
            "Recall@20": {
                "min": 4.08999,
                "max": 6.55534,
                "mean": 4.975042,
                "std": 0.8511890879328753,
                "variance": 0.7245228634160001,
                "median": 4.78163
            },
            "Recall@1000": {
                "min": 26.08329,
                "max": 28.80359,
                "mean": 27.455654000000003,
                "std": 1.0066061214516822,
                "variance": 1.0132558837439987,
                "median": 27.20841
            },
            "MAP": {
                "min": 2.95968,
                "max": 3.86114,
                "mean": 3.27718,
                "std": 0.32685126629707273,
                "variance": 0.10683175027999994,
                "median": 3.08337
            }
        }
    }
}