{
    "bm25_batch_LLM_3shot_prompt1": {
        "full_set": {
            "MRR": {
                "min": 42.37952,
                "max": 48.77569,
                "mean": 45.153327999999995,
                "std": 2.726050687169261,
                "variance": 7.4313523490160005,
                "median": 43.2493
            },
            "NDCG@3": {
                "min": 18.54824,
                "max": 22.1376,
                "mean": 20.492742,
                "std": 1.4165099951839375,
                "variance": 2.0065005664559985,
                "median": 19.99755
            },
            "NDCG@5": {
                "min": 18.41232,
                "max": 20.98169,
                "mean": 19.733704,
                "std": 1.0336831286733859,
                "variance": 1.0685008105039997,
                "median": 19.58555
            },
            "NDCG@1000": {
                "min": 28.39105,
                "max": 30.162,
                "mean": 29.34966,
                "std": 0.5900502253876357,
                "variance": 0.3481592684799997,
                "median": 29.47319
            },
            "Precision@20": {
                "min": 17.61364,
                "max": 19.14773,
                "mean": 18.232954,
                "std": 0.5625869758392917,
                "variance": 0.31650410538399987,
                "median": 18.29545
            },
            "Recall@20": {
                "min": 8.76397,
                "max": 9.29576,
                "mean": 9.065176,
                "std": 0.18785460831185363,
                "variance": 0.035289353863999944,
                "median": 9.08346
            },
            "Recall@1000": {
                "min": 45.56066,
                "max": 48.45505,
                "mean": 47.184377999999995,
                "std": 1.1308017948942255,
                "variance": 1.2787126993360018,
                "median": 47.1912
            },
            "MAP": {
                "min": 8.93707,
                "max": 9.73598,
                "mean": 9.264408,
                "std": 0.2781211876430845,
                "variance": 0.07735139501599984,
                "median": 9.22796
            }
        },
        "subset": {
            "MRR": {
                "min": 27.40492,
                "max": 41.42528,
                "mean": 35.685498,
                "std": 5.136323002874333,
                "variance": 26.381813989856006,
                "median": 36.13246
            },
            "NDCG@3": {
                "min": 10.94784,
                "max": 18.39918,
                "mean": 14.915388000000002,
                "std": 2.455447559198934,
                "variance": 6.029222715976003,
                "median": 15.16069
            },
            "NDCG@5": {
                "min": 10.70254,
                "max": 16.10889,
                "mean": 13.85197,
                "std": 1.9647461239865056,
                "variance": 3.8602273317199973,
                "median": 14.57312
            },
            "NDCG@1000": {
                "min": 20.95195,
                "max": 22.65181,
                "mean": 21.81557,
                "std": 0.5836820560202277,
                "variance": 0.34068474252000025,
                "median": 21.6461
            },
            "Precision@20": {
                "min": 12.69841,
                "max": 14.12698,
                "mean": 13.126982000000002,
                "std": 0.5254897429027512,
                "variance": 0.2761394698959996,
                "median": 13.01587
            },
            "Recall@20": {
                "min": 4.90688,
                "max": 5.73032,
                "mean": 5.245688,
                "std": 0.28859924306207035,
                "variance": 0.08328952309599998,
                "median": 5.18298
            },
            "Recall@1000": {
                "min": 34.33971,
                "max": 37.22201,
                "mean": 35.802038,
                "std": 1.1842502346784654,
                "variance": 1.4024486183360003,
                "median": 35.99697
            },
            "MAP": {
                "min": 4.62786,
                "max": 5.3562,
                "mean": 4.937448000000001,
                "std": 0.26912309045490707,
                "variance": 0.07242723781600008,
                "median": 4.82895
            }
        },
        "corrected_subset": {
            "MRR": {
                "min": 19.37331,
                "max": 31.03632,
                "mean": 26.646748000000002,
                "std": 3.8979559297529263,
                "variance": 15.194060430296,
                "median": 27.72799
            },
            "NDCG@3": {
                "min": 6.7144,
                "max": 13.42314,
                "mean": 11.004311999999999,
                "std": 2.521699859272709,
                "variance": 6.358970180256,
                "median": 12.58468
            },
            "NDCG@5": {
                "min": 6.46176,
                "max": 11.13744,
                "mean": 9.864064,
                "std": 1.7704625003043697,
                "variance": 3.1345374649840005,
                "median": 10.8909
            },
            "NDCG@1000": {
                "min": 15.63367,
                "max": 16.54125,
                "mean": 15.905294000000001,
                "std": 0.3308678410241775,
                "variance": 0.1094735282240004,
                "median": 15.82787
            },
            "Precision@20": {
                "min": 7.75862,
                "max": 10.68966,
                "mean": 8.827588,
                "std": 1.0077011759127803,
                "variance": 1.015461659936,
                "median": 8.44828
            },
            "Recall@20": {
                "min": 4.01652,
                "max": 5.26199,
                "mean": 4.768800000000001,
                "std": 0.42806344174666455,
                "variance": 0.18323831016000008,
                "median": 4.82715
            },
            "Recall@1000": {
                "min": 24.65444,
                "max": 28.38028,
                "mean": 26.642692,
                "std": 1.2624564426925782,
                "variance": 1.5937962696959989,
                "median": 26.37044
            },
            "MAP": {
                "min": 2.89854,
                "max": 3.30318,
                "mean": 3.087974,
                "std": 0.13433892922008858,
                "variance": 0.018046947903999973,
                "median": 3.08008
            }
        }
    }
}