{
    "bm25_batch_SAR_0shot": {
        "full_set": {
            "MRR": {
                "min": 36.74277,
                "max": 42.22027,
                "mean": 40.578497999999996,
                "std": 1.986296148870052,
                "variance": 3.9453723910159995,
                "median": 41.39387
            },
            "NDCG@3": {
                "min": 17.10853,
                "max": 19.58634,
                "mean": 18.540011999999997,
                "std": 0.9088310327756205,
                "variance": 0.825973846136001,
                "median": 19.04714
            },
            "NDCG@5": {
                "min": 16.76823,
                "max": 18.39558,
                "mean": 17.675302,
                "std": 0.5999320696012174,
                "variance": 0.3599184881359999,
                "median": 18.00332
            },
            "NDCG@1000": {
                "min": 24.31919,
                "max": 25.43515,
                "mean": 24.90876,
                "std": 0.462645034340584,
                "variance": 0.21404042780000018,
                "median": 24.90258
            },
            "Precision@20": {
                "min": 15.45455,
                "max": 16.13636,
                "mean": 15.636364,
                "std": 0.2557424615193965,
                "variance": 0.06540420662400001,
                "median": 15.53977
            },
            "Recall@20": {
                "min": 7.18142,
                "max": 7.6909,
                "mean": 7.348814,
                "std": 0.17787727607538859,
                "variance": 0.031640325344000006,
                "median": 7.29102
            },
            "Recall@1000": {
                "min": 38.85771,
                "max": 40.47137,
                "mean": 39.64158,
                "std": 0.5771220140663503,
                "variance": 0.33306981912000067,
                "median": 39.69017
            },
            "MAP": {
                "min": 7.21508,
                "max": 7.54596,
                "mean": 7.351254,
                "std": 0.12628899391475082,
                "variance": 0.01594890998399997,
                "median": 7.3143
            }
        },
        "subset": {
            "MRR": {
                "min": 26.82703,
                "max": 41.60951,
                "mean": 33.941962,
                "std": 5.324155693866962,
                "variance": 28.346633852535994,
                "median": 32.32926
            },
            "NDCG@3": {
                "min": 11.41081,
                "max": 18.86291,
                "mean": 14.797417999999999,
                "std": 2.711854775945054,
                "variance": 7.354156325816,
                "median": 13.82913
            },
            "NDCG@5": {
                "min": 11.03484,
                "max": 17.04584,
                "mean": 13.825808,
                "std": 2.229978417396903,
                "variance": 4.972803742055996,
                "median": 13.16817
            },
            "NDCG@1000": {
                "min": 16.94787,
                "max": 19.04971,
                "mean": 18.126108,
                "std": 0.74698499198846,
                "variance": 0.5579865782559997,
                "median": 18.41189
            },
            "Precision@20": {
                "min": 10.07937,
                "max": 12.30159,
                "mean": 11.30159,
                "std": 0.9277232566449971,
                "variance": 0.8606704409199992,
                "median": 11.66667
            },
            "Recall@20": {
                "min": 3.79221,
                "max": 5.47936,
                "mean": 4.544314,
                "std": 0.5742958371640875,
                "variance": 0.32981570858400006,
                "median": 4.47886
            },
            "Recall@1000": {
                "min": 26.22935,
                "max": 29.67503,
                "mean": 28.379762,
                "std": 1.313970284038418,
                "variance": 1.7265179073360006,
                "median": 29.0208
            },
            "MAP": {
                "min": 3.43876,
                "max": 4.23146,
                "mean": 3.7424360000000005,
                "std": 0.27275931959146704,
                "variance": 0.07439764642400007,
                "median": 3.67443
            }
        },
        "corrected_subset": {
            "MRR": {
                "min": 18.97662,
                "max": 34.85377,
                "mean": 27.906862,
                "std": 5.77268371870623,
                "variance": 33.32387731621599,
                "median": 29.9603
            },
            "NDCG@3": {
                "min": 7.98462,
                "max": 16.74818,
                "mean": 12.69792,
                "std": 3.368322656516148,
                "variance": 11.345597518400002,
                "median": 12.88646
            },
            "NDCG@5": {
                "min": 8.40674,
                "max": 15.14211,
                "mean": 11.879844,
                "std": 2.677802276999555,
                "variance": 7.170625034704001,
                "median": 11.71095
            },
            "NDCG@1000": {
                "min": 13.48328,
                "max": 16.60119,
                "mean": 15.03341,
                "std": 1.072614161103609,
                "variance": 1.1505011385999993,
                "median": 14.88217
            },
            "Precision@20": {
                "min": 7.41379,
                "max": 10.51724,
                "mean": 9.275862,
                "std": 1.0367803313219248,
                "variance": 1.074913455416,
                "median": 9.48276
            },
            "Recall@20": {
                "min": 3.57549,
                "max": 6.72147,
                "mean": 4.9098,
                "std": 1.3991440319423873,
                "variance": 1.95760402212,
                "median": 4.00676
            },
            "Recall@1000": {
                "min": 22.65006,
                "max": 25.10962,
                "mean": 23.940251999999997,
                "std": 0.844198649072598,
                "variance": 0.7126713590959994,
                "median": 23.76911
            },
            "MAP": {
                "min": 2.40369,
                "max": 4.03156,
                "mean": 2.9595239999999996,
                "std": 0.6245885640515682,
                "variance": 0.3901108743439999,
                "median": 2.57615
            }
        }
    }
}