{
    "ance_batch_All_0shot_prompt1": {
        "full_set": {
            "MRR": {
                "min": 37.76438,
                "max": 38.86797,
                "mean": 38.34411000000001,
                "std": 0.4450830013828867,
                "variance": 0.19809887811999874,
                "median": 38.5098
            },
            "NDCG@3": {
                "min": 18.14086,
                "max": 19.26614,
                "mean": 18.660296,
                "std": 0.4671242778362091,
                "variance": 0.21820509094399987,
                "median": 18.59394
            },
            "NDCG@5": {
                "min": 17.06827,
                "max": 18.13693,
                "mean": 17.524634000000002,
                "std": 0.37564813949226533,
                "variance": 0.14111152470400043,
                "median": 17.38053
            },
            "NDCG@1000": {
                "min": 24.69248,
                "max": 24.95734,
                "mean": 24.871802000000002,
                "std": 0.09807339463891303,
                "variance": 0.009618390735999974,
                "median": 24.92258
            },
            "Precision@20": {
                "min": 14.63068,
                "max": 15.68182,
                "mean": 15.21591,
                "std": 0.35419350248134135,
                "variance": 0.12545303719999998,
                "median": 15.19886
            },
            "Recall@20": {
                "min": 7.14767,
                "max": 8.28303,
                "mean": 7.80979,
                "std": 0.38787450614857377,
                "variance": 0.15044663252,
                "median": 7.82342
            },
            "Recall@1000": {
                "min": 38.42961,
                "max": 39.11092,
                "mean": 38.766543999999996,
                "std": 0.2942021427250315,
                "variance": 0.08655490078399979,
                "median": 38.75897
            },
            "MAP": {
                "min": 6.93637,
                "max": 7.22064,
                "mean": 7.070812000000001,
                "std": 0.09110790907489875,
                "variance": 0.008300651096000018,
                "median": 7.06454
            }
        },
        "subset": {
            "MRR": {
                "min": 25.2569,
                "max": 28.55033,
                "mean": 26.488776,
                "std": 1.3643690906583892,
                "variance": 1.8615030155439996,
                "median": 25.53221
            },
            "NDCG@3": {
                "min": 9.91989,
                "max": 13.31541,
                "mean": 11.636354,
                "std": 1.111993430584911,
                "variance": 1.2365293896639995,
                "median": 11.81571
            },
            "NDCG@5": {
                "min": 9.66507,
                "max": 11.95773,
                "mean": 11.094,
                "std": 0.8495352077930616,
                "variance": 0.7217100692800003,
                "median": 11.12531
            },
            "NDCG@1000": {
                "min": 17.99062,
                "max": 18.31328,
                "mean": 18.142856000000002,
                "std": 0.1324316114226505,
                "variance": 0.0175381317039999,
                "median": 18.12017
            },
            "Precision@20": {
                "min": 10.07937,
                "max": 12.30159,
                "mean": 11.063494,
                "std": 0.861541063318516,
                "variance": 0.7422530037839992,
                "median": 10.79365
            },
            "Recall@20": {
                "min": 4.65033,
                "max": 5.05444,
                "mean": 4.842372,
                "std": 0.16254428693743725,
                "variance": 0.026420645215999933,
                "median": 4.81163
            },
            "Recall@1000": {
                "min": 27.60903,
                "max": 30.47972,
                "mean": 28.77185,
                "std": 0.976711072385278,
                "variance": 0.9539645189199998,
                "median": 28.59542
            },
            "MAP": {
                "min": 3.85068,
                "max": 4.42786,
                "mean": 4.146636,
                "std": 0.20864075504081164,
                "variance": 0.04353096466399997,
                "median": 4.16689
            }
        },
        "corrected_subset": {
            "MRR": {
                "min": 17.30272,
                "max": 27.27531,
                "mean": 23.050366,
                "std": 3.2403267407506915,
                "variance": 10.499717386823999,
                "median": 23.46471
            },
            "NDCG@3": {
                "min": 7.05988,
                "max": 12.6222,
                "mean": 9.9753,
                "std": 2.221054633051605,
                "variance": 4.9330836829999996,
                "median": 9.53759
            },
            "NDCG@5": {
                "min": 6.35173,
                "max": 11.70165,
                "mean": 9.291756000000001,
                "std": 1.9056457703319367,
                "variance": 3.631485801984,
                "median": 9.22516
            },
            "NDCG@1000": {
                "min": 12.55342,
                "max": 15.3909,
                "mean": 14.402090000000001,
                "std": 1.0174644779843671,
                "variance": 1.0352339639600006,
                "median": 14.65255
            },
            "Precision@20": {
                "min": 6.37931,
                "max": 8.96552,
                "mean": 7.586206,
                "std": 0.9934400411418897,
                "variance": 0.9869231153439995,
                "median": 7.75862
            },
            "Recall@20": {
                "min": 3.69309,
                "max": 5.44935,
                "mean": 4.799994,
                "std": 0.5872879204138289,
                "variance": 0.34490710146399983,
                "median": 4.94232
            },
            "Recall@1000": {
                "min": 22.18284,
                "max": 24.7465,
                "mean": 23.433025999999998,
                "std": 0.8270755085625502,
                "variance": 0.684053896864001,
                "median": 23.3376
            },
            "MAP": {
                "min": 2.18216,
                "max": 3.6824,
                "mean": 3.1238079999999995,
                "std": 0.5259838248235396,
                "variance": 0.276658983976,
                "median": 3.36873
            }
        }
    }
}