{
    "ance_batch_human_0shot_prompt1": {
        "full_set": {
            "MRR": {
                "min": 37.28676,
                "max": 40.06544,
                "mean": 38.408286,
                "std": 0.918687862281853,
                "variance": 0.8439873883040008,
                "median": 38.28466
            },
            "NDCG@3": {
                "min": 17.23043,
                "max": 19.1411,
                "mean": 18.437906,
                "std": 0.650059469298003,
                "variance": 0.42257731362400125,
                "median": 18.69927
            },
            "NDCG@5": {
                "min": 16.82766,
                "max": 18.49879,
                "mean": 17.83831,
                "std": 0.5652216953373245,
                "variance": 0.31947556487999923,
                "median": 17.9479
            },
            "NDCG@1000": {
                "min": 25.7675,
                "max": 26.57633,
                "mean": 26.238789999999995,
                "std": 0.3031255914633408,
                "variance": 0.09188512420000017,
                "median": 26.39276
            },
            "Precision@20": {
                "min": 15.28409,
                "max": 17.01705,
                "mean": 16.244320000000002,
                "std": 0.6793055900844628,
                "variance": 0.46145608472000016,
                "median": 16.16477
            },
            "Recall@20": {
                "min": 7.4183,
                "max": 8.6916,
                "mean": 8.147228,
                "std": 0.48207748486731844,
                "variance": 0.23239870141599966,
                "median": 8.11615
            },
            "Recall@1000": {
                "min": 40.9708,
                "max": 41.96729,
                "mean": 41.207021999999995,
                "std": 0.38328551286997514,
                "variance": 0.14690778437599988,
                "median": 41.00552
            },
            "MAP": {
                "min": 7.40248,
                "max": 8.0858,
                "mean": 7.768926,
                "std": 0.2987798889885329,
                "variance": 0.08926942206400006,
                "median": 7.93728
            }
        },
        "subset": {
            "MRR": {
                "min": 24.8711,
                "max": 37.10667,
                "mean": 31.326974,
                "std": 4.190773670675142,
                "variance": 17.562583958824007,
                "median": 30.33256
            },
            "NDCG@3": {
                "min": 10.61094,
                "max": 14.83848,
                "mean": 13.059540000000002,
                "std": 1.7287324688221715,
                "variance": 2.9885159487600004,
                "median": 13.79731
            },
            "NDCG@5": {
                "min": 10.08775,
                "max": 14.51158,
                "mean": 12.439664,
                "std": 1.714329347897889,
                "variance": 2.938925113064001,
                "median": 12.73484
            },
            "NDCG@1000": {
                "min": 19.22841,
                "max": 21.2286,
                "mean": 20.124959999999998,
                "std": 0.6433778498829439,
                "variance": 0.41393505771999983,
                "median": 20.0903
            },
            "Precision@20": {
                "min": 10.71429,
                "max": 13.09524,
                "mean": 12.04762,
                "std": 0.975124233808185,
                "variance": 0.9508672713599999,
                "median": 12.30159
            },
            "Recall@20": {
                "min": 4.6316,
                "max": 6.67686,
                "mean": 5.753106000000001,
                "std": 0.7630976506476742,
                "variance": 0.5823180244239998,
                "median": 5.61963
            },
            "Recall@1000": {
                "min": 31.06977,
                "max": 32.64885,
                "mean": 31.956020000000002,
                "std": 0.5445517001718032,
                "variance": 0.2965365541600014,
                "median": 31.92847
            },
            "MAP": {
                "min": 4.17923,
                "max": 5.58245,
                "mean": 4.789994,
                "std": 0.4998439941261673,
                "variance": 0.24984401846399998,
                "median": 4.56989
            }
        },
        "corrected_subset": {
            "MRR": {
                "min": 17.01996,
                "max": 33.37959,
                "mean": 23.540868,
                "std": 5.65530698870857,
                "variance": 31.982497136535994,
                "median": 21.5548
            },
            "NDCG@3": {
                "min": 5.99763,
                "max": 13.51906,
                "mean": 9.039515999999999,
                "std": 2.5102720097120947,
                "variance": 6.301465562743999,
                "median": 8.54483
            },
            "NDCG@5": {
                "min": 6.3831,
                "max": 13.2468,
                "mean": 9.121394,
                "std": 2.2836543680653603,
                "variance": 5.215077272784,
                "median": 8.30382
            },
            "NDCG@1000": {
                "min": 12.93051,
                "max": 18.6679,
                "mean": 15.486972,
                "std": 1.876248621237601,
                "variance": 3.520308888695999,
                "median": 15.61032
            },
            "Precision@20": {
                "min": 6.37931,
                "max": 10.0,
                "mean": 8.37931,
                "std": 1.4325920397796437,
                "variance": 2.05231995244,
                "median": 8.10345
            },
            "Recall@20": {
                "min": 2.96804,
                "max": 6.54776,
                "mean": 4.849500000000001,
                "std": 1.221066972659567,
                "variance": 1.4910045517200001,
                "median": 4.61013
            },
            "Recall@1000": {
                "min": 21.37479,
                "max": 27.72126,
                "mean": 25.413564,
                "std": 2.196467723182838,
                "variance": 4.824470458984,
                "median": 26.03821
            },
            "MAP": {
                "min": 2.14433,
                "max": 4.81013,
                "mean": 3.233102,
                "std": 0.9598787294111689,
                "variance": 0.921367175176,
                "median": 2.93371
            }
        }
    }
}