{
    "bm25_batch_None_0shot_prompt1": {
        "full_set": {
            "MRR": {
                "min": 44.71662,
                "max": 47.89161,
                "mean": 45.752382000000004,
                "std": 1.1379640192273222,
                "variance": 1.2949621090560013,
                "median": 45.22434
            },
            "NDCG@3": {
                "min": 19.50979,
                "max": 22.42733,
                "mean": 20.953084,
                "std": 0.9604765989986437,
                "variance": 0.9225152972240014,
                "median": 21.08526
            },
            "NDCG@5": {
                "min": 19.65464,
                "max": 21.49334,
                "mean": 20.460912,
                "std": 0.5999531011470811,
                "variance": 0.3599437235759998,
                "median": 20.37795
            },
            "NDCG@1000": {
                "min": 29.34648,
                "max": 30.68582,
                "mean": 29.775209999999998,
                "std": 0.4861974775746989,
                "variance": 0.23638798719999982,
                "median": 29.57899
            },
            "Precision@20": {
                "min": 18.125,
                "max": 18.69318,
                "mean": 18.369318,
                "std": 0.25637386344165486,
                "variance": 0.06572755785600029,
                "median": 18.23864
            },
            "Recall@20": {
                "min": 9.02984,
                "max": 9.71313,
                "mean": 9.477786,
                "std": 0.23843422209070558,
                "variance": 0.05685087826399991,
                "median": 9.54431
            },
            "Recall@1000": {
                "min": 46.3635,
                "max": 48.24734,
                "mean": 47.08506,
                "std": 0.6966296183195194,
                "variance": 0.48529282511999927,
                "median": 46.9046
            },
            "MAP": {
                "min": 9.33952,
                "max": 10.17365,
                "mean": 9.71809,
                "std": 0.27040950804289415,
                "variance": 0.07312130204000003,
                "median": 9.70956
            }
        },
        "subset": {
            "MRR": {
                "min": 30.25968,
                "max": 41.72264,
                "mean": 35.049882000000004,
                "std": 4.090156515114794,
                "variance": 16.72938031813599,
                "median": 34.52379
            },
            "NDCG@3": {
                "min": 12.14462,
                "max": 18.54422,
                "mean": 15.64768,
                "std": 2.1914700240614744,
                "variance": 4.802540866359998,
                "median": 15.88835
            },
            "NDCG@5": {
                "min": 12.30332,
                "max": 17.78586,
                "mean": 15.22184,
                "std": 1.7405840528627166,
                "variance": 3.02963284508,
                "median": 15.38053
            },
            "NDCG@1000": {
                "min": 20.60466,
                "max": 22.85369,
                "mean": 21.604266000000003,
                "std": 0.7536839344871301,
                "variance": 0.5680394731040007,
                "median": 21.69776
            },
            "Precision@20": {
                "min": 11.50794,
                "max": 12.61905,
                "mean": 12.0,
                "std": 0.3736063883822118,
                "variance": 0.13958173344000008,
                "median": 12.06349
            },
            "Recall@20": {
                "min": 5.11725,
                "max": 6.0189,
                "mean": 5.565748000000001,
                "std": 0.3056663975251451,
                "variance": 0.093431946576,
                "median": 5.50029
            },
            "Recall@1000": {
                "min": 31.88259,
                "max": 35.65646,
                "mean": 33.525868,
                "std": 1.335875733912403,
                "variance": 1.7845639764560013,
                "median": 33.50313
            },
            "MAP": {
                "min": 4.68354,
                "max": 5.55346,
                "mean": 5.134044,
                "std": 0.34474905729240224,
                "variance": 0.11885191250400003,
                "median": 5.14708
            }
        },
        "corrected_subset": {
            "MRR": {
                "min": 26.7822,
                "max": 36.0967,
                "mean": 30.115648,
                "std": 4.001370312052609,
                "variance": 16.010964374175998,
                "median": 26.99218
            },
            "NDCG@3": {
                "min": 9.66337,
                "max": 18.7458,
                "mean": 14.166246000000001,
                "std": 3.6050347608121616,
                "variance": 12.996275626663998,
                "median": 14.73839
            },
            "NDCG@5": {
                "min": 11.51383,
                "max": 15.51973,
                "mean": 13.769740000000002,
                "std": 1.664798806871268,
                "variance": 2.771555067359998,
                "median": 14.27953
            },
            "NDCG@1000": {
                "min": 16.58472,
                "max": 19.95358,
                "mean": 18.432436000000003,
                "std": 1.315232177778509,
                "variance": 1.7298356814639995,
                "median": 18.71485
            },
            "Precision@20": {
                "min": 9.13793,
                "max": 11.2069,
                "mean": 9.862067999999999,
                "std": 0.7586223636408296,
                "variance": 0.575507890615999,
                "median": 9.48276
            },
            "Recall@20": {
                "min": 5.18023,
                "max": 7.51233,
                "mean": 6.448962,
                "std": 0.84626582550402,
                "variance": 0.7161658474160003,
                "median": 6.3112
            },
            "Recall@1000": {
                "min": 25.76885,
                "max": 29.08937,
                "mean": 27.484856,
                "std": 1.3347277338183992,
                "variance": 1.7814981234239995,
                "median": 26.97953
            },
            "MAP": {
                "min": 3.55111,
                "max": 5.46652,
                "mean": 4.672864000000001,
                "std": 0.7302040847489147,
                "variance": 0.5331980053840002,
                "median": 4.64884
            }
        }
    }
}