{
    "ance_batch_LLM_3shot_prompt1": {
        "full_set": {
            "MRR": {
                "min": 35.01936,
                "max": 39.29063,
                "mean": 36.731056,
                "std": 1.809367901346767,
                "variance": 3.273812202424004,
                "median": 35.61962
            },
            "NDCG@3": {
                "min": 16.98099,
                "max": 19.62187,
                "mean": 18.037486,
                "std": 0.9577689127049392,
                "variance": 0.9173212901440015,
                "median": 17.80177
            },
            "NDCG@5": {
                "min": 16.52281,
                "max": 17.90994,
                "mean": 17.232258,
                "std": 0.5370179262333795,
                "variance": 0.28838825309599947,
                "median": 17.44619
            },
            "NDCG@1000": {
                "min": 24.38126,
                "max": 25.67621,
                "mean": 25.190015999999996,
                "std": 0.46042432614274414,
                "variance": 0.21199056010400003,
                "median": 25.31695
            },
            "Precision@20": {
                "min": 14.85795,
                "max": 15.68182,
                "mean": 15.22159,
                "std": 0.2697532734185073,
                "variance": 0.07276682851999997,
                "median": 15.22727
            },
            "Recall@20": {
                "min": 6.96827,
                "max": 7.45814,
                "mean": 7.291918000000001,
                "std": 0.18121198364346652,
                "variance": 0.032837783015999975,
                "median": 7.38025
            },
            "Recall@1000": {
                "min": 39.05047,
                "max": 40.67095,
                "mean": 40.14168,
                "std": 0.5673391079063745,
                "variance": 0.32187366336000084,
                "median": 40.36515
            },
            "MAP": {
                "min": 6.87886,
                "max": 7.4904,
                "mean": 7.2317279999999995,
                "std": 0.20041925470373337,
                "variance": 0.040167877655999946,
                "median": 7.26601
            }
        },
        "subset": {
            "MRR": {
                "min": 22.00701,
                "max": 28.16918,
                "mean": 25.032592,
                "std": 2.0539890689037272,
                "variance": 4.2188710951760005,
                "median": 25.43208
            },
            "NDCG@3": {
                "min": 9.49435,
                "max": 11.22163,
                "mean": 10.489916,
                "std": 0.5881090503503575,
                "variance": 0.3458722551039994,
                "median": 10.57221
            },
            "NDCG@5": {
                "min": 9.26666,
                "max": 10.75008,
                "mean": 10.204089999999999,
                "std": 0.5143374188993061,
                "variance": 0.2645429804800003,
                "median": 10.27258
            },
            "NDCG@1000": {
                "min": 18.37456,
                "max": 18.96598,
                "mean": 18.699205999999997,
                "std": 0.21072098012300494,
                "variance": 0.04440333146399984,
                "median": 18.79133
            },
            "Precision@20": {
                "min": 10.2381,
                "max": 10.87302,
                "mean": 10.587304,
                "std": 0.21647915138414622,
                "variance": 0.04686322298400009,
                "median": 10.63492
            },
            "Recall@20": {
                "min": 4.10448,
                "max": 4.97231,
                "mean": 4.538388,
                "std": 0.30468880211783317,
                "variance": 0.0928352661360001,
                "median": 4.44191
            },
            "Recall@1000": {
                "min": 30.00733,
                "max": 31.8784,
                "mean": 30.991226,
                "std": 0.6098215175147561,
                "variance": 0.37188228322399997,
                "median": 31.03884
            },
            "MAP": {
                "min": 3.86555,
                "max": 4.14345,
                "mean": 4.009169999999999,
                "std": 0.09833620676027724,
                "variance": 0.009670009559999995,
                "median": 4.03697
            }
        },
        "corrected_subset": {
            "MRR": {
                "min": 16.70445,
                "max": 20.51745,
                "mean": 18.308884,
                "std": 1.3196727741315264,
                "variance": 1.7415362307839988,
                "median": 18.52795
            },
            "NDCG@3": {
                "min": 5.14649,
                "max": 7.30435,
                "mean": 6.451908,
                "std": 0.7825633254478517,
                "variance": 0.6124053583360003,
                "median": 6.80447
            },
            "NDCG@5": {
                "min": 4.87269,
                "max": 8.28454,
                "mean": 6.73098,
                "std": 1.2253630754515168,
                "variance": 1.5015146666799999,
                "median": 7.24446
            },
            "NDCG@1000": {
                "min": 12.93845,
                "max": 14.71788,
                "mean": 13.942472,
                "std": 0.7449274812597533,
                "variance": 0.5549169523360001,
                "median": 14.39267
            },
            "Precision@20": {
                "min": 6.72414,
                "max": 7.75862,
                "mean": 7.206896,
                "std": 0.3681743176594476,
                "variance": 0.13555232818399982,
                "median": 7.24138
            },
            "Recall@20": {
                "min": 3.1689,
                "max": 4.75638,
                "mean": 3.936462,
                "std": 0.5209096218884808,
                "variance": 0.27134683417600003,
                "median": 4.00969
            },
            "Recall@1000": {
                "min": 22.9096,
                "max": 26.35832,
                "mean": 24.260374,
                "std": 1.2078882400553446,
                "variance": 1.4589940004639979,
                "median": 23.87768
            },
            "MAP": {
                "min": 2.2319,
                "max": 2.99582,
                "mean": 2.6396179999999996,
                "std": 0.3062704855776998,
                "variance": 0.09380161033600003,
                "median": 2.74875
            }
        }
    }
}