{
    "bm25_batch_SAR_3shot": {
        "full_set": {
            "MRR": {
                "min": 38.36318,
                "max": 42.95691,
                "mean": 40.359083999999996,
                "std": 1.5872528287402738,
                "variance": 2.519371542344001,
                "median": 40.14742
            },
            "NDCG@3": {
                "min": 16.99012,
                "max": 18.92815,
                "mean": 17.702078,
                "std": 0.7400463197232989,
                "variance": 0.5476685553359992,
                "median": 17.38423
            },
            "NDCG@5": {
                "min": 16.59453,
                "max": 17.95443,
                "mean": 17.237008,
                "std": 0.49899844626611745,
                "variance": 0.24899944937599933,
                "median": 17.35183
            },
            "NDCG@1000": {
                "min": 24.81106,
                "max": 26.3632,
                "mean": 25.543931999999998,
                "std": 0.5177867516033985,
                "variance": 0.26810312013599946,
                "median": 25.53475
            },
            "Precision@20": {
                "min": 15.08523,
                "max": 15.99432,
                "mean": 15.539774,
                "std": 0.3807244616569838,
                "variance": 0.14495111570400016,
                "median": 15.34091
            },
            "Recall@20": {
                "min": 6.93924,
                "max": 7.83569,
                "mean": 7.519538,
                "std": 0.33757867523882473,
                "variance": 0.1139593619759999,
                "median": 7.73117
            },
            "Recall@1000": {
                "min": 40.83652,
                "max": 43.01819,
                "mean": 41.702304000000005,
                "std": 0.8057664933862647,
                "variance": 0.6492596418639973,
                "median": 41.85977
            },
            "MAP": {
                "min": 6.97739,
                "max": 7.91696,
                "mean": 7.379174000000001,
                "std": 0.3075742654774618,
                "variance": 0.09460192878400014,
                "median": 7.36904
            }
        },
        "subset": {
            "MRR": {
                "min": 29.17776,
                "max": 36.37817,
                "mean": 32.562652,
                "std": 2.654876289120831,
                "variance": 7.0483681105359945,
                "median": 33.2803
            },
            "NDCG@3": {
                "min": 13.73938,
                "max": 15.93967,
                "mean": 14.890442000000002,
                "std": 0.8515751682006699,
                "variance": 0.7251802670959993,
                "median": 15.06129
            },
            "NDCG@5": {
                "min": 13.02871,
                "max": 14.75375,
                "mean": 13.850198,
                "std": 0.650391546298074,
                "variance": 0.4230091634959998,
                "median": 13.96338
            },
            "NDCG@1000": {
                "min": 18.10724,
                "max": 19.51014,
                "mean": 19.044002,
                "std": 0.5318043642694177,
                "variance": 0.2828158818559995,
                "median": 19.40026
            },
            "Precision@20": {
                "min": 10.15873,
                "max": 11.90476,
                "mean": 11.000001999999999,
                "std": 0.640057837055371,
                "variance": 0.4096740347759999,
                "median": 11.19048
            },
            "Recall@20": {
                "min": 3.63739,
                "max": 5.48675,
                "mean": 4.5067140000000006,
                "std": 0.5884336021200692,
                "variance": 0.3462541041039999,
                "median": 4.4908
            },
            "Recall@1000": {
                "min": 28.06492,
                "max": 32.00691,
                "mean": 30.613571999999998,
                "std": 1.3730879440647632,
                "variance": 1.8853705021359985,
                "median": 31.09394
            },
            "MAP": {
                "min": 3.80419,
                "max": 4.16935,
                "mean": 4.0130099999999995,
                "std": 0.12070858378756653,
                "variance": 0.01457056219999997,
                "median": 4.03703
            }
        },
        "corrected_subset": {
            "MRR": {
                "min": 22.98149,
                "max": 30.87462,
                "mean": 26.945702,
                "std": 2.545306882035249,
                "variance": 6.478587123736,
                "median": 27.05015
            },
            "NDCG@3": {
                "min": 9.67111,
                "max": 16.29979,
                "mean": 13.097816,
                "std": 2.11356076223609,
                "variance": 4.467139095664001,
                "median": 13.24572
            },
            "NDCG@5": {
                "min": 10.30626,
                "max": 14.6078,
                "mean": 12.102522,
                "std": 1.3975236063752194,
                "variance": 1.953072230375999,
                "median": 11.78499
            },
            "NDCG@1000": {
                "min": 13.97815,
                "max": 16.13087,
                "mean": 15.252010000000002,
                "std": 0.8006061895588873,
                "variance": 0.640970270760001,
                "median": 15.39065
            },
            "Precision@20": {
                "min": 7.41379,
                "max": 8.62069,
                "mean": 8.344827999999998,
                "std": 0.47028365969486974,
                "variance": 0.22116672057600004,
                "median": 8.62069
            },
            "Recall@20": {
                "min": 4.04907,
                "max": 6.44273,
                "mean": 4.87427,
                "std": 0.8748602044212549,
                "variance": 0.76538037728,
                "median": 4.49137
            },
            "Recall@1000": {
                "min": 22.39374,
                "max": 26.3244,
                "mean": 24.633502000000004,
                "std": 1.3310229872004467,
                "variance": 1.7716221924560003,
                "median": 25.13125
            },
            "MAP": {
                "min": 2.75235,
                "max": 3.70444,
                "mean": 3.1559679999999997,
                "std": 0.3970685844737657,
                "variance": 0.15766346077600002,
                "median": 3.02128
            }
        }
    }
}