{
    "ance_batch_LLM_5shot_prompt1": {
        "full_set": {
            "MRR": {
                "min": 34.11683,
                "max": 39.94065,
                "mean": 37.330732,
                "std": 1.9754758079956327,
                "variance": 3.9025046679759976,
                "median": 36.97086
            },
            "NDCG@3": {
                "min": 17.33533,
                "max": 18.83238,
                "mean": 18.113718000000002,
                "std": 0.6089871616840544,
                "variance": 0.3708653630960006,
                "median": 18.34166
            },
            "NDCG@5": {
                "min": 16.96334,
                "max": 17.78169,
                "mean": 17.433146,
                "std": 0.30862352798190895,
                "variance": 0.09524848202400014,
                "median": 17.4066
            },
            "NDCG@1000": {
                "min": 24.26387,
                "max": 25.13117,
                "mean": 24.7385,
                "std": 0.3082718117506045,
                "variance": 0.09503150992000013,
                "median": 24.79919
            },
            "Precision@20": {
                "min": 14.375,
                "max": 15.42614,
                "mean": 14.960228,
                "std": 0.3421393196579429,
                "variance": 0.11705931405600004,
                "median": 14.97159
            },
            "Recall@20": {
                "min": 6.83992,
                "max": 7.72304,
                "mean": 7.206390000000001,
                "std": 0.31467258209129056,
                "variance": 0.09901883392,
                "median": 7.03814
            },
            "Recall@1000": {
                "min": 38.13488,
                "max": 39.68115,
                "mean": 38.992934000000005,
                "std": 0.5158368847455561,
                "variance": 0.26608769166400015,
                "median": 39.05768
            },
            "MAP": {
                "min": 6.66784,
                "max": 7.42236,
                "mean": 7.023608,
                "std": 0.2648430420003517,
                "variance": 0.07014183689600004,
                "median": 7.09932
            }
        },
        "subset": {
            "MRR": {
                "min": 24.25845,
                "max": 29.04514,
                "mean": 26.466062,
                "std": 2.0602815623637465,
                "variance": 4.244760116216,
                "median": 25.73505
            },
            "NDCG@3": {
                "min": 8.99097,
                "max": 12.10203,
                "mean": 10.352386000000001,
                "std": 1.1341549819067935,
                "variance": 1.286307522983999,
                "median": 10.29471
            },
            "NDCG@5": {
                "min": 9.3357,
                "max": 11.49655,
                "mean": 10.537958,
                "std": 0.8298119152771909,
                "variance": 0.6885878147359998,
                "median": 10.70468
            },
            "NDCG@1000": {
                "min": 17.28224,
                "max": 18.94566,
                "mean": 18.043724000000005,
                "std": 0.5561003755654184,
                "variance": 0.3092476277039994,
                "median": 18.07022
            },
            "Precision@20": {
                "min": 10.63492,
                "max": 11.26984,
                "mean": 10.857144,
                "std": 0.23220210831084237,
                "variance": 0.053917819104000175,
                "median": 10.87302
            },
            "Recall@20": {
                "min": 3.75072,
                "max": 5.08891,
                "mean": 4.477212,
                "std": 0.4750760797767029,
                "variance": 0.2256972815760002,
                "median": 4.67293
            },
            "Recall@1000": {
                "min": 27.62371,
                "max": 30.9375,
                "mean": 29.142823999999997,
                "std": 1.170410071600548,
                "variance": 1.369859735704,
                "median": 28.96435
            },
            "MAP": {
                "min": 3.91191,
                "max": 4.28791,
                "mean": 4.153494,
                "std": 0.132021879792707,
                "variance": 0.017429776743999974,
                "median": 4.17924
            }
        },
        "corrected_subset": {
            "MRR": {
                "min": 16.79848,
                "max": 28.68925,
                "mean": 20.886276,
                "std": 4.2956916544537975,
                "variance": 18.452966790144004,
                "median": 19.48329
            },
            "NDCG@3": {
                "min": 5.55405,
                "max": 13.81334,
                "mean": 7.812793999999999,
                "std": 3.074027111361252,
                "variance": 9.449642681384002,
                "median": 6.16927
            },
            "NDCG@5": {
                "min": 6.37584,
                "max": 12.57206,
                "mean": 8.089922,
                "std": 2.282921148479728,
                "variance": 5.211728970176001,
                "median": 7.1433
            },
            "NDCG@1000": {
                "min": 11.49018,
                "max": 15.74806,
                "mean": 13.602752,
                "std": 1.5137951454988883,
                "variance": 2.2915757425360006,
                "median": 13.54791
            },
            "Precision@20": {
                "min": 5.86207,
                "max": 8.7931,
                "mean": 7.103448,
                "std": 1.1405392866780175,
                "variance": 1.3008298644560008,
                "median": 6.55172
            },
            "Recall@20": {
                "min": 3.0132,
                "max": 4.40525,
                "mean": 3.654764,
                "std": 0.5431764512421354,
                "variance": 0.2950406571839999,
                "median": 3.82835
            },
            "Recall@1000": {
                "min": 18.92451,
                "max": 25.97346,
                "mean": 23.180224000000003,
                "std": 2.6372672780634123,
                "variance": 6.955178695943999,
                "median": 23.64252
            },
            "MAP": {
                "min": 2.42418,
                "max": 3.91629,
                "mean": 3.133014,
                "std": 0.5374784474413835,
                "variance": 0.2888830814640001,
                "median": 3.09593
            }
        }
    }
}