{
    "bm25_batch_LLM_5shot_prompt2": {
        "full_set": {
            "MRR": {
                "min": 38.10464,
                "max": 43.06685,
                "mean": 40.50363,
                "std": 1.6934055783184359,
                "variance": 2.8676224526799965,
                "median": 40.89821
            },
            "NDCG@3": {
                "min": 16.13842,
                "max": 19.64201,
                "mean": 18.318868000000002,
                "std": 1.1651939915636365,
                "variance": 1.357677037976,
                "median": 18.60114
            },
            "NDCG@5": {
                "min": 15.90244,
                "max": 18.69674,
                "mean": 17.616452000000002,
                "std": 0.9899791162524586,
                "variance": 0.980058650615999,
                "median": 17.91253
            },
            "NDCG@1000": {
                "min": 24.54169,
                "max": 25.81954,
                "mean": 25.241444,
                "std": 0.44741492047539116,
                "variance": 0.2001801110640006,
                "median": 25.42114
            },
            "Precision@20": {
                "min": 14.71591,
                "max": 16.10795,
                "mean": 15.420455999999998,
                "std": 0.4792286502119839,
                "variance": 0.22966009918400002,
                "median": 15.39773
            },
            "Recall@20": {
                "min": 6.71508,
                "max": 7.86534,
                "mean": 7.368086,
                "std": 0.38395806659581966,
                "variance": 0.14742379690399987,
                "median": 7.41425
            },
            "Recall@1000": {
                "min": 39.5834,
                "max": 41.39064,
                "mean": 40.639648,
                "std": 0.588109292339443,
                "variance": 0.34587253973600035,
                "median": 40.70121
            },
            "MAP": {
                "min": 6.9479,
                "max": 7.83275,
                "mean": 7.474232000000001,
                "std": 0.2953422110975673,
                "variance": 0.08722702165600002,
                "median": 7.57346
            }
        },
        "subset": {
            "MRR": {
                "min": 27.80958,
                "max": 33.7976,
                "mean": 30.802276,
                "std": 2.2394943852003744,
                "variance": 5.015335101344002,
                "median": 31.41294
            },
            "NDCG@3": {
                "min": 9.57467,
                "max": 14.04947,
                "mean": 12.805868,
                "std": 1.6393715411022605,
                "variance": 2.6875390497760003,
                "median": 13.5367
            },
            "NDCG@5": {
                "min": 11.04099,
                "max": 13.47399,
                "mean": 12.371096,
                "std": 0.7853219661667435,
                "variance": 0.6167305905439998,
                "median": 12.55507
            },
            "NDCG@1000": {
                "min": 16.7683,
                "max": 18.41845,
                "mean": 17.590120000000002,
                "std": 0.5712715716714776,
                "variance": 0.3263512086000001,
                "median": 17.5885
            },
            "Precision@20": {
                "min": 10.0,
                "max": 11.11111,
                "mean": 10.492066,
                "std": 0.43585737495653315,
                "variance": 0.18997165130399993,
                "median": 10.39683
            },
            "Recall@20": {
                "min": 3.9498,
                "max": 4.72429,
                "mean": 4.375103999999999,
                "std": 0.25831767176095394,
                "variance": 0.06672801954399993,
                "median": 4.44942
            },
            "Recall@1000": {
                "min": 27.32358,
                "max": 30.25865,
                "mean": 28.380325999999997,
                "std": 1.0509060235168506,
                "variance": 1.1044034702639993,
                "median": 28.05653
            },
            "MAP": {
                "min": 3.10677,
                "max": 3.56552,
                "mean": 3.45563,
                "std": 0.17548536223856392,
                "variance": 0.030795112359999998,
                "median": 3.54377
            }
        },
        "corrected_subset": {
            "MRR": {
                "min": 19.31568,
                "max": 25.23316,
                "mean": 22.832952,
                "std": 2.0706510211370723,
                "variance": 4.287595651336,
                "median": 22.51265
            },
            "NDCG@3": {
                "min": 7.17082,
                "max": 11.5653,
                "mean": 9.807956,
                "std": 1.5967419970502437,
                "variance": 2.5495850051440003,
                "median": 10.27209
            },
            "NDCG@5": {
                "min": 8.14743,
                "max": 11.79599,
                "mean": 10.052969999999998,
                "std": 1.4041057609168908,
                "variance": 1.9715129878400006,
                "median": 10.53259
            },
            "NDCG@1000": {
                "min": 12.72634,
                "max": 14.94697,
                "mean": 14.171732,
                "std": 0.8276413417272,
                "variance": 0.684990190536,
                "median": 14.52923
            },
            "Precision@20": {
                "min": 6.89655,
                "max": 9.13793,
                "mean": 8.413794000000001,
                "std": 0.818920486606606,
                "variance": 0.6706307633840003,
                "median": 8.44828
            },
            "Recall@20": {
                "min": 3.6065,
                "max": 6.19519,
                "mean": 4.91772,
                "std": 0.8436947002559635,
                "variance": 0.71182074724,
                "median": 5.02285
            },
            "Recall@1000": {
                "min": 21.1476,
                "max": 24.23047,
                "mean": 22.8397,
                "std": 1.262536898074666,
                "variance": 1.5939994189999998,
                "median": 23.25344
            },
            "MAP": {
                "min": 2.32895,
                "max": 3.24023,
                "mean": 2.9616599999999997,
                "std": 0.3225891602642593,
                "variance": 0.10406376632,
                "median": 3.07677
            }
        }
    }
}