{
    "bm25_batch_LLM_3shot_prompt2": {
        "full_set": {
            "MRR": {
                "min": 35.51184,
                "max": 44.60454,
                "mean": 40.075559999999996,
                "std": 3.087535718964236,
                "variance": 9.532876815880002,
                "median": 40.8159
            },
            "NDCG@3": {
                "min": 14.9831,
                "max": 19.18101,
                "mean": 17.625352,
                "std": 1.4216463874452043,
                "variance": 2.021078450936,
                "median": 17.92418
            },
            "NDCG@5": {
                "min": 14.8947,
                "max": 17.84363,
                "mean": 17.04682,
                "std": 1.098078348334034,
                "variance": 1.2057760590800002,
                "median": 17.48533
            },
            "NDCG@1000": {
                "min": 24.18565,
                "max": 25.74445,
                "mean": 25.106232,
                "std": 0.5394703111905239,
                "variance": 0.2910282166560007,
                "median": 25.22427
            },
            "Precision@20": {
                "min": 14.6875,
                "max": 16.02273,
                "mean": 15.659091999999998,
                "std": 0.4983839047722145,
                "variance": 0.2483865165359998,
                "median": 15.82386
            },
            "Recall@20": {
                "min": 7.18464,
                "max": 7.74874,
                "mean": 7.4741919999999995,
                "std": 0.23122867074824427,
                "variance": 0.05346669817599996,
                "median": 7.51522
            },
            "Recall@1000": {
                "min": 40.52574,
                "max": 41.63026,
                "mean": 41.050563999999994,
                "std": 0.48129869630407324,
                "variance": 0.2316484350640005,
                "median": 40.83911
            },
            "MAP": {
                "min": 7.08458,
                "max": 7.83806,
                "mean": 7.493703999999999,
                "std": 0.25063212887417274,
                "variance": 0.06281646402399994,
                "median": 7.50098
            }
        },
        "subset": {
            "MRR": {
                "min": 27.83611,
                "max": 40.20244,
                "mean": 32.57446,
                "std": 4.249986298307326,
                "variance": 18.062383535800006,
                "median": 32.13412
            },
            "NDCG@3": {
                "min": 10.80879,
                "max": 15.20206,
                "mean": 13.129924000000003,
                "std": 1.7996542913859874,
                "variance": 3.2387555685040006,
                "median": 13.96648
            },
            "NDCG@5": {
                "min": 10.93424,
                "max": 14.03064,
                "mean": 12.780106,
                "std": 1.3307749786135896,
                "variance": 1.7709620437040001,
                "median": 13.63155
            },
            "NDCG@1000": {
                "min": 17.95085,
                "max": 19.43378,
                "mean": 18.362682,
                "std": 0.5784256174617439,
                "variance": 0.3345761949359997,
                "median": 17.95805
            },
            "Precision@20": {
                "min": 10.55556,
                "max": 11.98413,
                "mean": 11.25397,
                "std": 0.5104110013312803,
                "variance": 0.26051939028000015,
                "median": 11.11111
            },
            "Recall@20": {
                "min": 4.37566,
                "max": 5.39893,
                "mean": 5.0165500000000005,
                "std": 0.4338146449810103,
                "variance": 0.1881951462,
                "median": 5.30457
            },
            "Recall@1000": {
                "min": 28.69937,
                "max": 31.76855,
                "mean": 29.777611999999998,
                "std": 1.0396697090210918,
                "variance": 1.0809131038560018,
                "median": 29.47466
            },
            "MAP": {
                "min": 3.60142,
                "max": 4.48523,
                "mean": 3.935136000000001,
                "std": 0.3017592514969506,
                "variance": 0.09105864586399989,
                "median": 3.89081
            }
        },
        "corrected_subset": {
            "MRR": {
                "min": 19.69555,
                "max": 28.68521,
                "mean": 25.114156,
                "std": 2.9897245804361314,
                "variance": 8.938453066864001,
                "median": 25.68658
            },
            "NDCG@3": {
                "min": 8.61649,
                "max": 12.21713,
                "mean": 10.625474,
                "std": 1.2411448021661289,
                "variance": 1.5404404199439992,
                "median": 10.91666
            },
            "NDCG@5": {
                "min": 9.10468,
                "max": 12.01974,
                "mean": 10.759422,
                "std": 1.1062030507171818,
                "variance": 1.223685189416,
                "median": 10.53871
            },
            "NDCG@1000": {
                "min": 14.17817,
                "max": 16.15792,
                "mean": 14.873662,
                "std": 0.6964325228878965,
                "variance": 0.4850182589360005,
                "median": 14.67624
            },
            "Precision@20": {
                "min": 7.41379,
                "max": 10.17241,
                "mean": 8.896548,
                "std": 1.0493189501843565,
                "variance": 1.101070259216,
                "median": 9.31034
            },
            "Recall@20": {
                "min": 3.67483,
                "max": 6.5274,
                "mean": 5.54868,
                "std": 0.9873862069727326,
                "variance": 0.97493152172,
                "median": 5.90147
            },
            "Recall@1000": {
                "min": 22.02154,
                "max": 26.7256,
                "mean": 24.176014000000002,
                "std": 1.499725840326824,
                "variance": 2.2491775961439986,
                "median": 24.07039
            },
            "MAP": {
                "min": 2.85921,
                "max": 4.41848,
                "mean": 3.3980259999999993,
                "std": 0.547880981257791,
                "variance": 0.30017356962399994,
                "median": 3.35031
            }
        }
    }
}