{
    "ance_batch_All_0shot_prompt2": {
        "full_set": {
            "MRR": {
                "min": 35.29394,
                "max": 36.51646,
                "mean": 35.978787999999994,
                "std": 0.41515993204547186,
                "variance": 0.17235776917600082,
                "median": 36.12784
            },
            "NDCG@3": {
                "min": 15.8716,
                "max": 17.47076,
                "mean": 16.511594,
                "std": 0.5357755567250146,
                "variance": 0.28705544718399933,
                "median": 16.42802
            },
            "NDCG@5": {
                "min": 15.74396,
                "max": 16.60075,
                "mean": 16.15474,
                "std": 0.32714183816809556,
                "variance": 0.10702178228000041,
                "median": 16.24472
            },
            "NDCG@1000": {
                "min": 23.57763,
                "max": 24.22166,
                "mean": 23.961486,
                "std": 0.23703221895767684,
                "variance": 0.056184272824000056,
                "median": 24.01774
            },
            "Precision@20": {
                "min": 14.91477,
                "max": 15.48295,
                "mean": 15.153407999999999,
                "std": 0.19731428659881686,
                "variance": 0.03893292769600004,
                "median": 15.14205
            },
            "Recall@20": {
                "min": 7.27871,
                "max": 7.84634,
                "mean": 7.621343999999999,
                "std": 0.20341413132818456,
                "variance": 0.04137730882399991,
                "median": 7.64632
            },
            "Recall@1000": {
                "min": 37.01364,
                "max": 38.83761,
                "mean": 37.748636,
                "std": 0.7249666922445466,
                "variance": 0.5255767048639991,
                "median": 37.27879
            },
            "MAP": {
                "min": 6.83156,
                "max": 7.27315,
                "mean": 7.11944,
                "std": 0.15056800257690894,
                "variance": 0.022670723400000058,
                "median": 7.17022
            }
        },
        "subset": {
            "MRR": {
                "min": 20.90587,
                "max": 27.68268,
                "mean": 25.692844,
                "std": 2.4731645163927127,
                "variance": 6.116542725144001,
                "median": 26.90124
            },
            "NDCG@3": {
                "min": 7.53943,
                "max": 11.20369,
                "mean": 10.152872,
                "std": 1.3238466705687635,
                "variance": 1.752570007176,
                "median": 10.6703
            },
            "NDCG@5": {
                "min": 8.18987,
                "max": 11.08785,
                "mean": 10.062344,
                "std": 0.9814047635221663,
                "variance": 0.9631553098639991,
                "median": 10.29646
            },
            "NDCG@1000": {
                "min": 17.34673,
                "max": 18.92364,
                "mean": 18.279028,
                "std": 0.5762787764754134,
                "variance": 0.3320972282159994,
                "median": 18.47074
            },
            "Precision@20": {
                "min": 9.92063,
                "max": 11.03175,
                "mean": 10.428571999999999,
                "std": 0.37763392487434216,
                "variance": 0.1426073812160003,
                "median": 10.47619
            },
            "Recall@20": {
                "min": 4.35676,
                "max": 5.75414,
                "mean": 5.081530000000001,
                "std": 0.45894024587085386,
                "variance": 0.2106261492799998,
                "median": 5.0361
            },
            "Recall@1000": {
                "min": 28.74483,
                "max": 30.92448,
                "mean": 29.653106,
                "std": 0.926211159889579,
                "variance": 0.8578671127039993,
                "median": 29.14928
            },
            "MAP": {
                "min": 3.8335,
                "max": 4.64738,
                "mean": 4.248506000000001,
                "std": 0.2590485158884336,
                "variance": 0.06710613358400001,
                "median": 4.27521
            }
        },
        "corrected_subset": {
            "MRR": {
                "min": 17.48925,
                "max": 27.56372,
                "mean": 23.132293999999998,
                "std": 3.9379586191660274,
                "variance": 15.507518086264005,
                "median": 22.35053
            },
            "NDCG@3": {
                "min": 6.1913,
                "max": 11.61464,
                "mean": 9.044723999999999,
                "std": 1.8157118465395325,
                "variance": 3.2968095096639987,
                "median": 9.11954
            },
            "NDCG@5": {
                "min": 6.66259,
                "max": 11.0144,
                "mean": 9.333198000000001,
                "std": 1.4904940734051915,
                "variance": 2.221572582856,
                "median": 9.41674
            },
            "NDCG@1000": {
                "min": 14.54237,
                "max": 17.81711,
                "mean": 16.09226,
                "std": 1.1181854699467344,
                "variance": 1.2503387451999994,
                "median": 16.19193
            },
            "Precision@20": {
                "min": 7.41379,
                "max": 9.82759,
                "mean": 8.689656000000001,
                "std": 0.9226965883019186,
                "variance": 0.8513689940640002,
                "median": 8.44828
            },
            "Recall@20": {
                "min": 3.70817,
                "max": 7.1573,
                "mean": 5.676032,
                "std": 1.1887552967772637,
                "variance": 1.413139155616,
                "median": 5.64675
            },
            "Recall@1000": {
                "min": 24.04227,
                "max": 28.33842,
                "mean": 25.96591,
                "std": 1.4837012723995353,
                "variance": 2.20136946572,
                "median": 25.63249
            },
            "MAP": {
                "min": 2.9782,
                "max": 4.65671,
                "mean": 3.929208,
                "std": 0.5705965997935845,
                "variance": 0.32558047969599996,
                "median": 3.91287
            }
        }
    }
}