{
    "ance_batch_SAR_5shot": {
        "full_set": {
            "MRR": {
                "min": 37.43234,
                "max": 41.42174,
                "mean": 39.349014,
                "std": 1.377728171412633,
                "variance": 1.8981349143039978,
                "median": 39.78704
            },
            "NDCG@3": {
                "min": 17.70883,
                "max": 19.59869,
                "mean": 18.943684,
                "std": 0.7256960257738778,
                "variance": 0.5266347218240007,
                "median": 19.32288
            },
            "NDCG@5": {
                "min": 17.41432,
                "max": 18.70221,
                "mean": 17.947482,
                "std": 0.4929647561195431,
                "variance": 0.2430142507760006,
                "median": 17.85467
            },
            "NDCG@1000": {
                "min": 24.51343,
                "max": 25.62872,
                "mean": 24.856968,
                "std": 0.39922063215219805,
                "variance": 0.15937711313600064,
                "median": 24.69645
            },
            "Precision@20": {
                "min": 15.56818,
                "max": 16.19318,
                "mean": 15.9375,
                "std": 0.21561094248669346,
                "variance": 0.04648807852000023,
                "median": 15.99432
            },
            "Recall@20": {
                "min": 7.52815,
                "max": 8.23552,
                "mean": 7.961084,
                "std": 0.2485629831330479,
                "variance": 0.061783556583999845,
                "median": 8.0238
            },
            "Recall@1000": {
                "min": 37.77166,
                "max": 39.15655,
                "mean": 38.44334,
                "std": 0.48484544894223847,
                "variance": 0.23507510936000076,
                "median": 38.26503
            },
            "MAP": {
                "min": 7.12826,
                "max": 7.73574,
                "mean": 7.32231,
                "std": 0.21921648222704412,
                "variance": 0.048055866079999954,
                "median": 7.2736
            }
        },
        "subset": {
            "MRR": {
                "min": 28.00766,
                "max": 31.53043,
                "mean": 29.111705999999998,
                "std": 1.3044160785516248,
                "variance": 1.7015013059839983,
                "median": 28.42496
            },
            "NDCG@3": {
                "min": 11.24504,
                "max": 12.52595,
                "mean": 11.728144,
                "std": 0.489797556245435,
                "variance": 0.23990164610400005,
                "median": 11.44934
            },
            "NDCG@5": {
                "min": 11.29159,
                "max": 12.6297,
                "mean": 11.750874,
                "std": 0.4627095056987699,
                "variance": 0.214100086664,
                "median": 11.55136
            },
            "NDCG@1000": {
                "min": 18.46237,
                "max": 19.9714,
                "mean": 19.069364,
                "std": 0.5083829368733765,
                "variance": 0.2584532105039996,
                "median": 18.88856
            },
            "Precision@20": {
                "min": 10.79365,
                "max": 12.14286,
                "mean": 11.539684,
                "std": 0.43931356703839713,
                "variance": 0.19299641018400027,
                "median": 11.50794
            },
            "Recall@20": {
                "min": 4.86629,
                "max": 6.32611,
                "mean": 5.462566000000001,
                "std": 0.5109775469274555,
                "variance": 0.26109805346399995,
                "median": 5.21887
            },
            "Recall@1000": {
                "min": 29.11761,
                "max": 31.74079,
                "mean": 30.526087999999998,
                "std": 0.9102448341276106,
                "variance": 0.8285456580560012,
                "median": 30.33142
            },
            "MAP": {
                "min": 4.31487,
                "max": 4.89658,
                "mean": 4.52895,
                "std": 0.2018562330967266,
                "variance": 0.04074593884000002,
                "median": 4.47438
            }
        },
        "corrected_subset": {
            "MRR": {
                "min": 19.33162,
                "max": 26.95305,
                "mean": 24.014695999999997,
                "std": 2.5762986525680596,
                "variance": 6.637314747223999,
                "median": 24.59758
            },
            "NDCG@3": {
                "min": 7.10976,
                "max": 9.57577,
                "mean": 8.767478,
                "std": 0.9034813883949135,
                "variance": 0.8162786191760005,
                "median": 8.96113
            },
            "NDCG@5": {
                "min": 7.52149,
                "max": 9.81145,
                "mean": 8.898104,
                "std": 0.8339668403383916,
                "variance": 0.6955006907840003,
                "median": 9.06237
            },
            "NDCG@1000": {
                "min": 13.9924,
                "max": 16.34538,
                "mean": 14.751342,
                "std": 0.8234077401239311,
                "variance": 0.6780003064959993,
                "median": 14.51798
            },
            "Precision@20": {
                "min": 7.93103,
                "max": 9.82759,
                "mean": 8.482758,
                "std": 0.7183704442249836,
                "variance": 0.5160560951360004,
                "median": 8.10345
            },
            "Recall@20": {
                "min": 3.32288,
                "max": 7.49125,
                "mean": 5.123478,
                "std": 1.3995431401339509,
                "variance": 1.9587210010959997,
                "median": 5.03959
            },
            "Recall@1000": {
                "min": 23.02689,
                "max": 25.37799,
                "mean": 23.889384,
                "std": 0.7870514587395158,
                "variance": 0.6194499987039996,
                "median": 23.68017
            },
            "MAP": {
                "min": 2.91257,
                "max": 4.15507,
                "mean": 3.234642,
                "std": 0.4644949655442996,
                "variance": 0.21575557301600007,
                "median": 3.06912
            }
        }
    }
}