{
    "bm25_batch_All_0shot_prompt2": {
        "full_set": {
            "MRR": {
                "min": 37.12259,
                "max": 41.32278,
                "mean": 39.233944,
                "std": 1.359173195565598,
                "variance": 1.847351775543999,
                "median": 39.20631
            },
            "NDCG@3": {
                "min": 16.17681,
                "max": 19.23672,
                "mean": 17.668492,
                "std": 0.9939624753158436,
                "variance": 0.9879614023359989,
                "median": 17.45921
            },
            "NDCG@5": {
                "min": 15.88867,
                "max": 18.09779,
                "mean": 16.799332,
                "std": 0.7569242937678776,
                "variance": 0.5729343864960003,
                "median": 16.70729
            },
            "NDCG@1000": {
                "min": 24.76995,
                "max": 25.43275,
                "mean": 25.049754,
                "std": 0.24202429998659128,
                "variance": 0.05857576178399952,
                "median": 25.02915
            },
            "Precision@20": {
                "min": 14.85795,
                "max": 15.96591,
                "mean": 15.522726,
                "std": 0.36585110778020025,
                "variance": 0.1338470330639997,
                "median": 15.59659
            },
            "Recall@20": {
                "min": 7.27208,
                "max": 7.95651,
                "mean": 7.526501999999999,
                "std": 0.23107297586693248,
                "variance": 0.053394720175999964,
                "median": 7.44178
            },
            "Recall@1000": {
                "min": 40.06792,
                "max": 40.86086,
                "mean": 40.467854,
                "std": 0.28013149295286366,
                "variance": 0.07847365334400029,
                "median": 40.49897
            },
            "MAP": {
                "min": 7.14921,
                "max": 7.71541,
                "mean": 7.451707999999999,
                "std": 0.18492664766333708,
                "variance": 0.034197865016000015,
                "median": 7.50252
            }
        },
        "subset": {
            "MRR": {
                "min": 24.43625,
                "max": 30.50057,
                "mean": 27.809230000000003,
                "std": 2.5265512119963054,
                "variance": 6.38346102684,
                "median": 28.28161
            },
            "NDCG@3": {
                "min": 9.5231,
                "max": 13.52903,
                "mean": 11.20139,
                "std": 1.4004738040106286,
                "variance": 1.9613268757200006,
                "median": 11.20023
            },
            "NDCG@5": {
                "min": 9.63568,
                "max": 12.97768,
                "mean": 10.93556,
                "std": 1.1094339327242515,
                "variance": 1.230843651079999,
                "median": 10.75869
            },
            "NDCG@1000": {
                "min": 17.158,
                "max": 18.17441,
                "mean": 17.688414,
                "std": 0.36875155243605423,
                "variance": 0.13597770742400006,
                "median": 17.71882
            },
            "Precision@20": {
                "min": 9.52381,
                "max": 10.95238,
                "mean": 10.238096,
                "std": 0.5240512621719366,
                "variance": 0.27462972538399993,
                "median": 10.39683
            },
            "Recall@20": {
                "min": 3.99729,
                "max": 4.83322,
                "mean": 4.467964,
                "std": 0.3250855939348897,
                "variance": 0.105680643384,
                "median": 4.40778
            },
            "Recall@1000": {
                "min": 28.58678,
                "max": 30.18025,
                "mean": 29.146570000000004,
                "std": 0.6267391658417399,
                "variance": 0.39280198200000005,
                "median": 28.75334
            },
            "MAP": {
                "min": 3.11657,
                "max": 3.57183,
                "mean": 3.416854,
                "std": 0.15833620035860405,
                "variance": 0.025070352344000006,
                "median": 3.4798
            }
        },
        "corrected_subset": {
            "MRR": {
                "min": 16.67644,
                "max": 31.82381,
                "mean": 24.114962,
                "std": 5.351573684457311,
                "variance": 28.639340900176006,
                "median": 22.53896
            },
            "NDCG@3": {
                "min": 7.09563,
                "max": 14.34378,
                "mean": 10.419846,
                "std": 2.8729772012920676,
                "variance": 8.253997999144001,
                "median": 10.38504
            },
            "NDCG@5": {
                "min": 7.60347,
                "max": 12.82307,
                "mean": 10.255464,
                "std": 2.066024901859607,
                "variance": 4.268458895103999,
                "median": 9.31243
            },
            "NDCG@1000": {
                "min": 13.67549,
                "max": 15.8086,
                "mean": 15.112103999999999,
                "std": 0.7499644145051152,
                "variance": 0.5624466230240002,
                "median": 15.25533
            },
            "Precision@20": {
                "min": 7.06897,
                "max": 10.34483,
                "mean": 8.58621,
                "std": 1.0424969795831545,
                "variance": 1.0867999524399998,
                "median": 8.44828
            },
            "Recall@20": {
                "min": 4.02395,
                "max": 6.29734,
                "mean": 5.2763100000000005,
                "std": 0.9970159830012759,
                "variance": 0.9940408703600004,
                "median": 5.59402
            },
            "Recall@1000": {
                "min": 24.0713,
                "max": 26.36613,
                "mean": 25.27671,
                "std": 0.7448274366321364,
                "variance": 0.5547679103599991,
                "median": 25.44302
            },
            "MAP": {
                "min": 2.3849,
                "max": 3.36941,
                "mean": 2.937384,
                "std": 0.3252527454519023,
                "variance": 0.10578934842399997,
                "median": 2.97746
            }
        }
    }
}