{
    "bm25_batch_SAR_5shot": {
        "full_set": {
            "MRR": {
                "min": 38.35887,
                "max": 41.8667,
                "mean": 39.82,
                "std": 1.1964177671532634,
                "variance": 1.4314154735600002,
                "median": 39.27878
            },
            "NDCG@3": {
                "min": 16.24968,
                "max": 19.36644,
                "mean": 17.795845999999997,
                "std": 1.3385338704657415,
                "variance": 1.7916729223839982,
                "median": 17.70819
            },
            "NDCG@5": {
                "min": 16.32284,
                "max": 18.51339,
                "mean": 17.452756,
                "std": 0.8414350664097623,
                "variance": 0.7080129709840011,
                "median": 17.07864
            },
            "NDCG@1000": {
                "min": 25.43979,
                "max": 26.68556,
                "mean": 26.268662,
                "std": 0.4753685107534997,
                "variance": 0.22597522101600012,
                "median": 26.50104
            },
            "Precision@20": {
                "min": 16.22159,
                "max": 17.21591,
                "mean": 16.488638,
                "std": 0.36936189112576345,
                "variance": 0.13642820661600033,
                "median": 16.36364
            },
            "Recall@20": {
                "min": 7.71405,
                "max": 8.0351,
                "mean": 7.934252000000001,
                "std": 0.1130337479516625,
                "variance": 0.012776628175999968,
                "median": 7.98193
            },
            "Recall@1000": {
                "min": 41.44456,
                "max": 43.64641,
                "mean": 42.703632,
                "std": 0.7850581684792527,
                "variance": 0.6163163278959988,
                "median": 42.64942
            },
            "MAP": {
                "min": 7.42294,
                "max": 8.00544,
                "mean": 7.77179,
                "std": 0.22023819223740468,
                "variance": 0.04850486132000002,
                "median": 7.85563
            }
        },
        "subset": {
            "MRR": {
                "min": 24.44553,
                "max": 36.4477,
                "mean": 30.635326,
                "std": 4.034350349320692,
                "variance": 16.27598274106399,
                "median": 31.99085
            },
            "NDCG@3": {
                "min": 9.96898,
                "max": 16.50714,
                "mean": 13.737172000000001,
                "std": 2.394646970485629,
                "variance": 5.734334113256001,
                "median": 13.19123
            },
            "NDCG@5": {
                "min": 10.12281,
                "max": 16.71455,
                "mean": 13.526,
                "std": 2.221507457471165,
                "variance": 4.935095383599999,
                "median": 13.57292
            },
            "NDCG@1000": {
                "min": 18.22442,
                "max": 20.51761,
                "mean": 19.678577999999998,
                "std": 0.8450943265079948,
                "variance": 0.7141844206960013,
                "median": 19.93273
            },
            "Precision@20": {
                "min": 11.34921,
                "max": 12.77778,
                "mean": 11.920635999999998,
                "std": 0.6094072400160669,
                "variance": 0.37137718418400023,
                "median": 11.50794
            },
            "Recall@20": {
                "min": 3.86234,
                "max": 5.57132,
                "mean": 4.87795,
                "std": 0.6286870630766949,
                "variance": 0.3952474232800001,
                "median": 5.11772
            },
            "Recall@1000": {
                "min": 29.63328,
                "max": 33.34693,
                "mean": 31.511282,
                "std": 1.2496670902668443,
                "variance": 1.561667836496001,
                "median": 31.91392
            },
            "MAP": {
                "min": 3.47515,
                "max": 4.7815,
                "mean": 4.124528,
                "std": 0.41370996871721627,
                "variance": 0.17115593821600006,
                "median": 4.14196
            }
        },
        "corrected_subset": {
            "MRR": {
                "min": 21.04234,
                "max": 28.62015,
                "mean": 24.381908,
                "std": 3.2888283248865395,
                "variance": 10.816391750576,
                "median": 23.15291
            },
            "NDCG@3": {
                "min": 8.64232,
                "max": 15.30906,
                "mean": 11.487464,
                "std": 2.7140034737089045,
                "variance": 7.365814855304,
                "median": 9.85761
            },
            "NDCG@5": {
                "min": 7.95652,
                "max": 14.09325,
                "mean": 11.107862,
                "std": 2.4134862530240357,
                "variance": 5.824915893536,
                "median": 11.87148
            },
            "NDCG@1000": {
                "min": 14.28482,
                "max": 16.45848,
                "mean": 15.790724,
                "std": 0.7849996255948157,
                "variance": 0.6162244121840008,
                "median": 16.11019
            },
            "Precision@20": {
                "min": 7.93103,
                "max": 9.82759,
                "mean": 8.827584,
                "std": 0.7664200082356936,
                "variance": 0.5873996290240007,
                "median": 9.13793
            },
            "Recall@20": {
                "min": 3.43745,
                "max": 6.0528,
                "mean": 4.83655,
                "std": 0.8769475416237851,
                "variance": 0.7690369907600003,
                "median": 4.95337
            },
            "Recall@1000": {
                "min": 23.3797,
                "max": 25.93606,
                "mean": 24.922612,
                "std": 0.8965726699693677,
                "variance": 0.8038425525360008,
                "median": 24.90725
            },
            "MAP": {
                "min": 2.26426,
                "max": 4.02559,
                "mean": 3.2968740000000003,
                "std": 0.6621270714779754,
                "variance": 0.43841225878400003,
                "median": 3.67502
            }
        }
    }
}