{
    "ance_batch_None_0shot_prompt1": {
        "full_set": {
            "MRR": {
                "min": 35.51068,
                "max": 41.03542,
                "mean": 38.079153999999996,
                "std": 2.0243652603579227,
                "variance": 4.098054707344,
                "median": 38.1221
            },
            "NDCG@3": {
                "min": 17.58707,
                "max": 20.15727,
                "mean": 18.620942000000003,
                "std": 1.0154589353272734,
                "variance": 1.0311568493359995,
                "median": 18.13116
            },
            "NDCG@5": {
                "min": 16.95003,
                "max": 18.76598,
                "mean": 17.968476,
                "std": 0.7208438716559913,
                "variance": 0.5196158873039992,
                "median": 18.04869
            },
            "NDCG@1000": {
                "min": 24.86553,
                "max": 26.03309,
                "mean": 25.637778000000004,
                "std": 0.42483258869347634,
                "variance": 0.18048272841600044,
                "median": 25.68983
            },
            "Precision@20": {
                "min": 15.59659,
                "max": 17.32955,
                "mean": 16.21023,
                "std": 0.6308114772576673,
                "variance": 0.3979231198400005,
                "median": 16.07955
            },
            "Recall@20": {
                "min": 7.1363,
                "max": 8.1273,
                "mean": 7.69036,
                "std": 0.3571647244059805,
                "variance": 0.12756664036,
                "median": 7.81608
            },
            "Recall@1000": {
                "min": 39.90637,
                "max": 40.1748,
                "mean": 40.017344,
                "std": 0.10340516575103915,
                "variance": 0.01069262830399988,
                "median": 39.95507
            },
            "MAP": {
                "min": 7.10724,
                "max": 7.98679,
                "mean": 7.673748000000001,
                "std": 0.2987880582218775,
                "variance": 0.08927430373600004,
                "median": 7.74284
            }
        },
        "subset": {
            "MRR": {
                "min": 24.29603,
                "max": 32.59057,
                "mean": 27.631164000000002,
                "std": 3.0347053156614727,
                "variance": 9.209436352903998,
                "median": 26.44712
            },
            "NDCG@3": {
                "min": 10.48097,
                "max": 14.31356,
                "mean": 12.737524,
                "std": 1.4031303067869358,
                "variance": 1.9687746578240009,
                "median": 12.59223
            },
            "NDCG@5": {
                "min": 11.33991,
                "max": 12.92369,
                "mean": 12.073376000000001,
                "std": 0.5537439243043667,
                "variance": 0.30663233370400017,
                "median": 12.0461
            },
            "NDCG@1000": {
                "min": 18.0785,
                "max": 19.31159,
                "mean": 18.712435999999997,
                "std": 0.4895187012811671,
                "variance": 0.2396285589040005,
                "median": 18.47592
            },
            "Precision@20": {
                "min": 11.26984,
                "max": 13.57143,
                "mean": 12.126984,
                "std": 0.8539032700862551,
                "variance": 0.7291507946639999,
                "median": 11.90476
            },
            "Recall@20": {
                "min": 4.53223,
                "max": 5.42399,
                "mean": 5.044420000000001,
                "std": 0.359629239189474,
                "variance": 0.12933318967999988,
                "median": 5.26245
            },
            "Recall@1000": {
                "min": 27.95556,
                "max": 29.49857,
                "mean": 28.699009999999998,
                "std": 0.5321518195778352,
                "variance": 0.2831855590800008,
                "median": 28.61907
            },
            "MAP": {
                "min": 4.05576,
                "max": 5.27694,
                "mean": 4.624446,
                "std": 0.39994164482334155,
                "variance": 0.15995331926399986,
                "median": 4.50874
            }
        },
        "corrected_subset": {
            "MRR": {
                "min": 19.85063,
                "max": 27.08207,
                "mean": 23.486986,
                "std": 2.9333749076011415,
                "variance": 8.604688348544006,
                "median": 22.82175
            },
            "NDCG@3": {
                "min": 8.08808,
                "max": 13.80517,
                "mean": 10.166465999999998,
                "std": 1.9533046102193077,
                "variance": 3.815398900304001,
                "median": 9.57702
            },
            "NDCG@5": {
                "min": 8.80432,
                "max": 12.87393,
                "mean": 10.513677999999999,
                "std": 1.4750901084801564,
                "variance": 2.1758908281359997,
                "median": 10.03369
            },
            "NDCG@1000": {
                "min": 14.26272,
                "max": 17.60989,
                "mean": 16.480454,
                "std": 1.2113032124055483,
                "variance": 1.4672554723840006,
                "median": 16.77182
            },
            "Precision@20": {
                "min": 9.65517,
                "max": 10.17241,
                "mean": 9.931031999999998,
                "std": 0.23387302062444026,
                "variance": 0.05469658977599986,
                "median": 10.0
            },
            "Recall@20": {
                "min": 3.82546,
                "max": 5.76476,
                "mean": 4.8433,
                "std": 0.6180044123143458,
                "variance": 0.3819294536399999,
                "median": 4.92821
            },
            "Recall@1000": {
                "min": 23.28635,
                "max": 27.94628,
                "mean": 25.411568,
                "std": 1.545420540000683,
                "variance": 2.3883246454560028,
                "median": 24.93739
            },
            "MAP": {
                "min": 2.78135,
                "max": 4.62508,
                "mean": 4.077008,
                "std": 0.6664638019697692,
                "variance": 0.44417399933599977,
                "median": 4.39585
            }
        }
    }
}