{
    "bm25_batch_LLM_0shot_prompt1": {
        "full_set": {
            "MRR": {
                "min": 42.98635,
                "max": 47.08924,
                "mean": 44.65519799999999,
                "std": 1.34479173089962,
                "variance": 1.8084647994959961,
                "median": 44.37298
            },
            "NDCG@3": {
                "min": 19.27989,
                "max": 22.06381,
                "mean": 21.100882000000002,
                "std": 1.0067701532802802,
                "variance": 1.013586141535999,
                "median": 21.59871
            },
            "NDCG@5": {
                "min": 18.74233,
                "max": 20.73636,
                "mean": 20.049764,
                "std": 0.6891068268592331,
                "variance": 0.4748682188240011,
                "median": 20.23008
            },
            "NDCG@1000": {
                "min": 29.15695,
                "max": 29.96775,
                "mean": 29.43913,
                "std": 0.28108303463567463,
                "variance": 0.07900767235999986,
                "median": 29.36777
            },
            "Precision@20": {
                "min": 17.61364,
                "max": 18.75,
                "mean": 18.045454,
                "std": 0.3942211774930411,
                "variance": 0.1554103367839998,
                "median": 17.98295
            },
            "Recall@20": {
                "min": 8.63792,
                "max": 9.0863,
                "mean": 8.902866,
                "std": 0.18281843885122784,
                "variance": 0.03342258158400013,
                "median": 8.96814
            },
            "Recall@1000": {
                "min": 46.11506,
                "max": 47.53646,
                "mean": 46.731752,
                "std": 0.6523334459737591,
                "variance": 0.4255389247359992,
                "median": 46.25228
            },
            "MAP": {
                "min": 8.99721,
                "max": 9.56313,
                "mean": 9.330088,
                "std": 0.20613263209884974,
                "variance": 0.042490662015999735,
                "median": 9.39363
            }
        },
        "subset": {
            "MRR": {
                "min": 32.17756,
                "max": 37.67738,
                "mean": 35.290321999999996,
                "std": 2.151457585474555,
                "variance": 4.628769742096001,
                "median": 35.5349
            },
            "NDCG@3": {
                "min": 14.50168,
                "max": 17.35189,
                "mean": 16.48922,
                "std": 1.0610639463481926,
                "variance": 1.12585669824,
                "median": 16.93553
            },
            "NDCG@5": {
                "min": 13.42713,
                "max": 16.47188,
                "mean": 14.932278,
                "std": 0.9914877600333749,
                "variance": 0.9830479782959992,
                "median": 14.95164
            },
            "NDCG@1000": {
                "min": 22.14001,
                "max": 22.50782,
                "mean": 22.241638000000002,
                "std": 0.1355614957722136,
                "variance": 0.018376919135999883,
                "median": 22.19546
            },
            "Precision@20": {
                "min": 11.5873,
                "max": 13.57143,
                "mean": 12.650794,
                "std": 0.6556155343675129,
                "variance": 0.42983172890399945,
                "median": 12.61905
            },
            "Recall@20": {
                "min": 4.4564,
                "max": 5.45283,
                "mean": 5.1128160000000005,
                "std": 0.35380949922804483,
                "variance": 0.12518116174399985,
                "median": 5.17183
            },
            "Recall@1000": {
                "min": 34.52968,
                "max": 37.02733,
                "mean": 35.861760000000004,
                "std": 1.026519187117318,
                "variance": 1.0537416415199996,
                "median": 36.42885
            },
            "MAP": {
                "min": 4.62585,
                "max": 5.02672,
                "mean": 4.914966,
                "std": 0.14816063641871963,
                "variance": 0.021951574184000025,
                "median": 4.98761
            }
        },
        "corrected_subset": {
            "MRR": {
                "min": 19.76473,
                "max": 33.78353,
                "mean": 24.985856000000002,
                "std": 4.687349705160049,
                "variance": 21.971247258463997,
                "median": 24.02007
            },
            "NDCG@3": {
                "min": 8.1525,
                "max": 12.88183,
                "mean": 10.236020000000002,
                "std": 1.9363877393745295,
                "variance": 3.7495974772000005,
                "median": 9.25117
            },
            "NDCG@5": {
                "min": 7.48753,
                "max": 12.00973,
                "mean": 9.864597999999999,
                "std": 1.5046256297351843,
                "variance": 2.263898285656,
                "median": 9.93142
            },
            "NDCG@1000": {
                "min": 15.98814,
                "max": 17.34479,
                "mean": 16.790438,
                "std": 0.49436789610167853,
                "variance": 0.244399616696,
                "median": 17.06409
            },
            "Precision@20": {
                "min": 7.24138,
                "max": 10.0,
                "mean": 8.482759999999999,
                "std": 0.9593400178872973,
                "variance": 0.9203332699199999,
                "median": 8.44828
            },
            "Recall@20": {
                "min": 4.23268,
                "max": 4.95739,
                "mean": 4.53359,
                "std": 0.2645087306687626,
                "variance": 0.0699648686,
                "median": 4.40531
            },
            "Recall@1000": {
                "min": 27.34563,
                "max": 29.92763,
                "mean": 28.47009,
                "std": 0.9198263064079004,
                "variance": 0.8460804339600008,
                "median": 28.30713
            },
            "MAP": {
                "min": 2.96213,
                "max": 3.25851,
                "mean": 3.1156300000000003,
                "std": 0.11104522231955764,
                "variance": 0.012331041399999982,
                "median": 3.13699
            }
        }
    }
}