{
    "ance_batch_LLM_3shot_prompt1": {
        "full_set": {
            "MRR": {
                "min": 35.53052,
                "max": 39.63004,
                "mean": 37.077802000000005,
                "std": 1.4834890342216884,
                "variance": 2.200739714655998,
                "median": 36.3051
            },
            "NDCG@3": {
                "min": 17.13808,
                "max": 20.24271,
                "mean": 18.062646,
                "std": 1.1382458717096227,
                "variance": 1.295603664463999,
                "median": 17.82758
            },
            "NDCG@5": {
                "min": 16.75045,
                "max": 18.66845,
                "mean": 17.251852,
                "std": 0.7177671671900296,
                "variance": 0.5151897062959999,
                "median": 16.9557
            },
            "NDCG@1000": {
                "min": 24.01889,
                "max": 24.81088,
                "mean": 24.462338,
                "std": 0.29940223542251704,
                "variance": 0.08964169857600031,
                "median": 24.63472
            },
            "Precision@20": {
                "min": 14.28977,
                "max": 15.625,
                "mean": 14.926136,
                "std": 0.5319700618493489,
                "variance": 0.28299214670400014,
                "median": 14.71591
            },
            "Recall@20": {
                "min": 6.51434,
                "max": 7.55711,
                "mean": 7.119491999999999,
                "std": 0.36566947957957874,
                "variance": 0.13371416829599997,
                "median": 7.25105
            },
            "Recall@1000": {
                "min": 38.28346,
                "max": 38.97482,
                "mean": 38.61495599999999,
                "std": 0.26481299172057315,
                "variance": 0.07012592058400036,
                "median": 38.68771
            },
            "MAP": {
                "min": 6.4518,
                "max": 7.0733,
                "mean": 6.795498,
                "std": 0.23041626768958814,
                "variance": 0.053091656415999944,
                "median": 6.82239
            }
        },
        "subset": {
            "MRR": {
                "min": 24.70215,
                "max": 26.9874,
                "mean": 25.508098,
                "std": 0.874714238923776,
                "variance": 0.7651249997760006,
                "median": 25.03558
            },
            "NDCG@3": {
                "min": 10.04678,
                "max": 11.82854,
                "mean": 10.82724,
                "std": 0.6854146054177719,
                "variance": 0.46979318131999986,
                "median": 10.60729
            },
            "NDCG@5": {
                "min": 9.53627,
                "max": 11.03677,
                "mean": 10.205118,
                "std": 0.5122889728034367,
                "variance": 0.26243999165600024,
                "median": 10.07202
            },
            "NDCG@1000": {
                "min": 17.46501,
                "max": 18.04969,
                "mean": 17.748721999999997,
                "std": 0.23532721520470162,
                "variance": 0.05537889821599995,
                "median": 17.64856
            },
            "Precision@20": {
                "min": 9.7619,
                "max": 11.5873,
                "mean": 10.571428000000001,
                "std": 0.6907960893751499,
                "variance": 0.47719923709600015,
                "median": 10.71429
            },
            "Recall@20": {
                "min": 3.89745,
                "max": 4.39032,
                "mean": 4.172759999999999,
                "std": 0.1881864248026407,
                "variance": 0.03541413047999994,
                "median": 4.22135
            },
            "Recall@1000": {
                "min": 27.71211,
                "max": 29.16785,
                "mean": 28.549746,
                "std": 0.5532217747196875,
                "variance": 0.3060543320240006,
                "median": 28.57852
            },
            "MAP": {
                "min": 3.67316,
                "max": 4.17165,
                "mean": 3.900582,
                "std": 0.1694569863298647,
                "variance": 0.028715670215999946,
                "median": 3.83282
            }
        },
        "corrected_subset": {
            "MRR": {
                "min": 17.10687,
                "max": 24.09385,
                "mean": 21.17721,
                "std": 2.393052161546003,
                "variance": 5.726698647879998,
                "median": 21.11235
            },
            "NDCG@3": {
                "min": 7.27121,
                "max": 10.67563,
                "mean": 8.65794,
                "std": 1.1878410426315467,
                "variance": 1.41096634256,
                "median": 8.77556
            },
            "NDCG@5": {
                "min": 6.56045,
                "max": 10.12096,
                "mean": 7.842242000000001,
                "std": 1.2692524434075356,
                "variance": 1.6110017650959996,
                "median": 7.84734
            },
            "NDCG@1000": {
                "min": 12.05435,
                "max": 13.907,
                "mean": 13.06289,
                "std": 0.7222687955048315,
                "variance": 0.5216722129600001,
                "median": 13.105
            },
            "Precision@20": {
                "min": 5.0,
                "max": 7.75862,
                "mean": 6.655174,
                "std": 0.9667479742228581,
                "variance": 0.934601645664,
                "median": 7.06897
            },
            "Recall@20": {
                "min": 2.41892,
                "max": 4.49134,
                "mean": 3.481982,
                "std": 0.6905708545949504,
                "variance": 0.4768881052160001,
                "median": 3.3894
            },
            "Recall@1000": {
                "min": 20.11211,
                "max": 22.86334,
                "mean": 21.742966000000003,
                "std": 0.9632033278098654,
                "variance": 0.927760650703999,
                "median": 21.91118
            },
            "MAP": {
                "min": 2.22522,
                "max": 3.47331,
                "mean": 2.709238,
                "std": 0.44181934142361856,
                "variance": 0.19520433045600005,
                "median": 2.68654
            }
        }
    }
}