{
    "ance_batch_SAR_3shot": {
        "full_set": {
            "MRR": {
                "min": 36.60341,
                "max": 40.64798,
                "mean": 38.656631999999995,
                "std": 1.4996092977492508,
                "variance": 2.248828045896001,
                "median": 38.48816
            },
            "NDCG@3": {
                "min": 15.91678,
                "max": 19.21914,
                "mean": 17.92246,
                "std": 1.1165161618355555,
                "variance": 1.2466083396400003,
                "median": 18.39505
            },
            "NDCG@5": {
                "min": 16.01698,
                "max": 18.28966,
                "mean": 17.309050000000003,
                "std": 0.8549698434915706,
                "variance": 0.7309734332800006,
                "median": 17.08988
            },
            "NDCG@1000": {
                "min": 23.60546,
                "max": 24.74041,
                "mean": 24.379334,
                "std": 0.40295827662923106,
                "variance": 0.1623753727039999,
                "median": 24.51514
            },
            "Precision@20": {
                "min": 14.97159,
                "max": 16.19318,
                "mean": 15.59659,
                "std": 0.39035370166043026,
                "variance": 0.1523760124000002,
                "median": 15.625
            },
            "Recall@20": {
                "min": 7.46759,
                "max": 8.26395,
                "mean": 7.868208,
                "std": 0.3464435949703787,
                "variance": 0.12002316449599978,
                "median": 7.86895
            },
            "Recall@1000": {
                "min": 37.35714,
                "max": 38.58383,
                "mean": 37.92905400000001,
                "std": 0.4916421598113798,
                "variance": 0.24171201330399836,
                "median": 37.63401
            },
            "MAP": {
                "min": 6.83788,
                "max": 7.38392,
                "mean": 7.1814279999999995,
                "std": 0.20368222695169044,
                "variance": 0.04148644957599994,
                "median": 7.21038
            }
        },
        "subset": {
            "MRR": {
                "min": 24.57338,
                "max": 32.40491,
                "mean": 28.364954,
                "std": 2.4802288997961464,
                "variance": 6.151535395384002,
                "median": 28.32051
            },
            "NDCG@3": {
                "min": 9.47572,
                "max": 13.51535,
                "mean": 11.414832,
                "std": 1.615788773081432,
                "variance": 2.6107733592159996,
                "median": 11.83967
            },
            "NDCG@5": {
                "min": 9.59829,
                "max": 13.82577,
                "mean": 11.788785999999998,
                "std": 1.584746487405478,
                "variance": 2.5114214293440007,
                "median": 12.01381
            },
            "NDCG@1000": {
                "min": 17.90075,
                "max": 19.36587,
                "mean": 18.687428,
                "std": 0.5331058849196856,
                "variance": 0.2842018845360011,
                "median": 18.89282
            },
            "Precision@20": {
                "min": 10.47619,
                "max": 12.30159,
                "mean": 11.539684,
                "std": 0.6200655594886717,
                "variance": 0.38448129806399944,
                "median": 11.50794
            },
            "Recall@20": {
                "min": 5.24005,
                "max": 6.41151,
                "mean": 5.773183999999999,
                "std": 0.4717905633477634,
                "variance": 0.22258633566399996,
                "median": 5.63545
            },
            "Recall@1000": {
                "min": 28.87074,
                "max": 32.35743,
                "mean": 30.225492000000003,
                "std": 1.154189729921385,
                "variance": 1.332153932656,
                "median": 29.94435
            },
            "MAP": {
                "min": 4.19917,
                "max": 5.05668,
                "mean": 4.570334,
                "std": 0.32519605862310214,
                "variance": 0.10575247654400008,
                "median": 4.38352
            }
        },
        "corrected_subset": {
            "MRR": {
                "min": 15.60134,
                "max": 25.42383,
                "mean": 21.699854,
                "std": 3.383564429938345,
                "variance": 11.448508251543998,
                "median": 21.6821
            },
            "NDCG@3": {
                "min": 4.35706,
                "max": 11.56113,
                "mean": 8.400828,
                "std": 2.4098582024957405,
                "variance": 5.807416556136,
                "median": 8.43099
            },
            "NDCG@5": {
                "min": 5.90635,
                "max": 10.91506,
                "mean": 8.833307999999999,
                "std": 1.8625004441599473,
                "variance": 3.468907904496001,
                "median": 8.33133
            },
            "NDCG@1000": {
                "min": 13.62202,
                "max": 15.57142,
                "mean": 14.428918,
                "std": 0.7150522880293441,
                "variance": 0.5112997746160001,
                "median": 14.05451
            },
            "Precision@20": {
                "min": 8.27586,
                "max": 8.7931,
                "mean": 8.482757999999999,
                "std": 0.20106699922165278,
                "variance": 0.040427938176000114,
                "median": 8.44828
            },
            "Recall@20": {
                "min": 5.28396,
                "max": 6.19955,
                "mean": 5.7495959999999995,
                "std": 0.3886444811701305,
                "variance": 0.15104453274399993,
                "median": 5.74242
            },
            "Recall@1000": {
                "min": 22.1856,
                "max": 27.86931,
                "mean": 23.726998000000002,
                "std": 2.092015195168524,
                "variance": 4.376527576815997,
                "median": 22.91256
            },
            "MAP": {
                "min": 2.8057,
                "max": 4.53986,
                "mean": 3.407263999999999,
                "std": 0.6071292359489865,
                "variance": 0.36860590914400004,
                "median": 3.28661
            }
        }
    }
}