{
    "bm25_batch_automatic_0shot": {
        "full_set_baseline": {
            "MRR": {
                "min": 63.39306,
                "max": 66.10807,
                "mean": 64.356802,
                "std": 0.9955787879299157,
                "variance": 0.9911771229760001,
                "median": 63.93752
            },
            "NDCG@3": {
                "min": 36.73796,
                "max": 37.77871,
                "mean": 37.333274,
                "std": 0.34738320935819433,
                "variance": 0.12067509414399906,
                "median": 37.45098
            },
            "NDCG@5": {
                "min": 31.18191,
                "max": 31.37424,
                "mean": 31.266816,
                "std": 0.0626279233569185,
                "variance": 0.0039222567840000565,
                "median": 31.26865
            },
            "NDCG@1000": {
                "min": 30.25322,
                "max": 31.09567,
                "mean": 30.63265,
                "std": 0.27549256607030237,
                "variance": 0.0758961539599999,
                "median": 30.65129
            },
            "Precision@20": {
                "min": 18.94886,
                "max": 19.51705,
                "mean": 19.22159,
                "std": 0.1940176304359997,
                "variance": 0.03764284092000016,
                "median": 19.23295
            },
            "Recall@20": {
                "min": 9.35144,
                "max": 10.09662,
                "mean": 9.634088,
                "std": 0.2598585905757206,
                "variance": 0.06752648709599998,
                "median": 9.62823
            },
            "Recall@1000": {
                "min": 42.27374,
                "max": 43.53854,
                "mean": 43.100366,
                "std": 0.44025388114586905,
                "variance": 0.193823479864001,
                "median": 43.27373
            },
            "MAP": {
                "min": 9.99706,
                "max": 10.57293,
                "mean": 10.238729999999999,
                "std": 0.24195354240018876,
                "variance": 0.05854151667999994,
                "median": 10.08237
            }
        },
        "full_set_always_ptkb": {
            "MRR": {
                "min": 63.39306,
                "max": 66.10807,
                "mean": 64.356802,
                "std": 0.9955787879299157,
                "variance": 0.9911771229760001,
                "median": 63.93752
            },
            "NDCG@3": {
                "min": 36.73796,
                "max": 37.77871,
                "mean": 37.333274,
                "std": 0.34738320935819433,
                "variance": 0.12067509414399906,
                "median": 37.45098
            },
            "NDCG@5": {
                "min": 31.18191,
                "max": 31.37424,
                "mean": 31.266816,
                "std": 0.0626279233569185,
                "variance": 0.0039222567840000565,
                "median": 31.26865
            },
            "NDCG@1000": {
                "min": 30.25322,
                "max": 31.09567,
                "mean": 30.63265,
                "std": 0.27549256607030237,
                "variance": 0.0758961539599999,
                "median": 30.65129
            },
            "Precision@20": {
                "min": 18.94886,
                "max": 19.51705,
                "mean": 19.22159,
                "std": 0.1940176304359997,
                "variance": 0.03764284092000016,
                "median": 19.23295
            },
            "Recall@20": {
                "min": 9.35144,
                "max": 10.09662,
                "mean": 9.634088,
                "std": 0.2598585905757206,
                "variance": 0.06752648709599998,
                "median": 9.62823
            },
            "Recall@1000": {
                "min": 42.27374,
                "max": 43.53854,
                "mean": 43.100366,
                "std": 0.44025388114586905,
                "variance": 0.193823479864001,
                "median": 43.27373
            },
            "MAP": {
                "min": 9.99706,
                "max": 10.57293,
                "mean": 10.238729999999999,
                "std": 0.24195354240018876,
                "variance": 0.05854151667999994,
                "median": 10.08237
            }
        },
        "subset_baseline": {
            "MRR": {
                "min": 52.25464,
                "max": 60.93418,
                "mean": 56.42348400000001,
                "std": 3.362979832693619,
                "variance": 11.309633355104001,
                "median": 56.74238
            },
            "NDCG@3": {
                "min": 30.6362,
                "max": 32.90999,
                "mean": 31.702049999999996,
                "std": 0.9590887166680683,
                "variance": 0.9198511664400021,
                "median": 31.35234
            },
            "NDCG@5": {
                "min": 25.11317,
                "max": 27.23358,
                "mean": 26.203478,
                "std": 0.7249330715976472,
                "variance": 0.5255279582959995,
                "median": 26.02705
            },
            "NDCG@1000": {
                "min": 22.74504,
                "max": 23.87408,
                "mean": 23.082166,
                "std": 0.422290954513591,
                "variance": 0.17832965026399977,
                "median": 22.85269
            },
            "Precision@20": {
                "min": 13.73016,
                "max": 16.03175,
                "mean": 14.619046,
                "std": 0.7652062603141714,
                "variance": 0.5855406208239995,
                "median": 14.44444
            },
            "Recall@20": {
                "min": 6.00374,
                "max": 7.10928,
                "mean": 6.471264,
                "std": 0.43294265609200483,
                "variance": 0.18743934346399999,
                "median": 6.28033
            },
            "Recall@1000": {
                "min": 30.24758,
                "max": 32.45104,
                "mean": 31.19538,
                "std": 1.0027076626614557,
                "variance": 1.0054226567599995,
                "median": 30.51381
            },
            "MAP": {
                "min": 5.80226,
                "max": 6.17673,
                "mean": 6.02921,
                "std": 0.15742237312402585,
                "variance": 0.024781803560000017,
                "median": 6.13468
            }
        },
        "subset_always_ptkb": {
            "MRR": {
                "min": 52.25464,
                "max": 60.93418,
                "mean": 56.42348400000001,
                "std": 3.362979832693619,
                "variance": 11.309633355104001,
                "median": 56.74238
            },
            "NDCG@3": {
                "min": 30.6362,
                "max": 32.90999,
                "mean": 31.702049999999996,
                "std": 0.9590887166680683,
                "variance": 0.9198511664400021,
                "median": 31.35234
            },
            "NDCG@5": {
                "min": 25.11317,
                "max": 27.23358,
                "mean": 26.203478,
                "std": 0.7249330715976472,
                "variance": 0.5255279582959995,
                "median": 26.02705
            },
            "NDCG@1000": {
                "min": 22.74504,
                "max": 23.87408,
                "mean": 23.082166,
                "std": 0.422290954513591,
                "variance": 0.17832965026399977,
                "median": 22.85269
            },
            "Precision@20": {
                "min": 13.73016,
                "max": 16.03175,
                "mean": 14.619046,
                "std": 0.7652062603141714,
                "variance": 0.5855406208239995,
                "median": 14.44444
            },