{
    "bm25_batch_All_0shot_prompt1": {
        "full_set": {
            "MRR": {
                "min": 43.86664,
                "max": 47.19653,
                "mean": 45.445436,
                "std": 1.3973532491192062,
                "variance": 1.9525961028240026,
                "median": 44.6315
            },
            "NDCG@3": {
                "min": 20.7789,
                "max": 22.4378,
                "mean": 21.223928,
                "std": 0.6152729162054833,
                "variance": 0.37856076141599965,
                "median": 20.96225
            },
            "NDCG@5": {
                "min": 19.72858,
                "max": 20.72734,
                "mean": 20.198622,
                "std": 0.35917457117117907,
                "variance": 0.1290063725760004,
                "median": 20.22084
            },
            "NDCG@1000": {
                "min": 29.45306,
                "max": 30.01285,
                "mean": 29.817178000000002,
                "std": 0.19602632531371883,
                "variance": 0.03842632021599992,
                "median": 29.84254
            },
            "Precision@20": {
                "min": 17.47159,
                "max": 18.49432,
                "mean": 18.09659,
                "std": 0.35254835259861866,
                "variance": 0.12429034091999994,
                "median": 18.23864
            },
            "Recall@20": {
                "min": 8.97335,
                "max": 9.30481,
                "mean": 9.117524,
                "std": 0.11744746546435142,
                "variance": 0.013793907144000018,
                "median": 9.1303
            },
            "Recall@1000": {
                "min": 46.59799,
                "max": 48.75655,
                "mean": 47.543736,
                "std": 0.7615832921644208,
                "variance": 0.5800091109039975,
                "median": 47.35724
            },
            "MAP": {
                "min": 9.20713,
                "max": 9.4776,
                "mean": 9.339114,
                "std": 0.11025844232529357,
                "variance": 0.01215692410400009,
                "median": 9.34445
            }
        },
        "subset": {
            "MRR": {
                "min": 32.89112,
                "max": 36.78785,
                "mean": 35.551108,
                "std": 1.384626036955827,
                "variance": 1.9171892622159994,
                "median": 35.92155
            },
            "NDCG@3": {
                "min": 14.14971,
                "max": 17.06527,
                "mean": 15.414564000000002,
                "std": 1.1983508114170913,
                "variance": 1.4360446672240013,
                "median": 14.96586
            },
            "NDCG@5": {
                "min": 13.59481,
                "max": 16.07649,
                "mean": 14.85908,
                "std": 0.9790769135670596,
                "variance": 0.9585916026799994,
                "median": 14.59354
            },
            "NDCG@1000": {
                "min": 21.93833,
                "max": 23.51717,
                "mean": 22.545188000000003,
                "std": 0.5261830491150393,
                "variance": 0.27686860117599993,
                "median": 22.45134
            },
            "Precision@20": {
                "min": 11.26984,
                "max": 13.25397,
                "mean": 12.492062,
                "std": 0.8211123071882434,
                "variance": 0.6742254210160001,
                "median": 13.01587
            },
            "Recall@20": {
                "min": 4.89609,
                "max": 5.90968,
                "mean": 5.419455999999999,
                "std": 0.40993897275570185,
                "variance": 0.16804996138400005,
                "median": 5.53656
            },
            "Recall@1000": {
                "min": 34.12701,
                "max": 37.98438,
                "mean": 36.525028,
                "std": 1.2926129199632823,
                "variance": 1.6708481608560029,
                "median": 36.6753
            },
            "MAP": {
                "min": 4.64951,
                "max": 5.31558,
                "mean": 4.966244,
                "std": 0.2678231194351971,
                "variance": 0.07172922330399986,
                "median": 5.10514
            }
        },
        "corrected_subset": {
            "MRR": {
                "min": 22.37063,
                "max": 34.43531,
                "mean": 27.085534000000003,
                "std": 4.589953216971171,
                "variance": 21.067670533984007,
                "median": 24.74873
            },
            "NDCG@3": {
                "min": 10.19358,
                "max": 14.48944,
                "mean": 11.981252000000001,
                "std": 1.3975097684867892,
                "variance": 1.9530335530159995,
                "median": 11.6451
            },
            "NDCG@5": {
                "min": 11.19592,
                "max": 14.18202,
                "mean": 12.085174,
                "std": 1.0769755577467854,
                "variance": 1.1598763519839996,
                "median": 11.59012
            },
            "NDCG@1000": {
                "min": 16.53855,
                "max": 18.60893,
                "mean": 17.493212,
                "std": 0.7281134163136952,
                "variance": 0.5301491470160004,
                "median": 17.6542
            },
            "Precision@20": {
                "min": 7.24138,
                "max": 10.86207,
                "mean": 9.034484,
                "std": 1.2650987544472563,
                "variance": 1.6004748585039992,
                "median": 8.62069
            },
            "Recall@20": {
                "min": 3.81145,
                "max": 7.22203,
                "mean": 5.280665999999999,
                "std": 1.1288398071932086,
                "variance": 1.2742793103040004,
                "median": 5.22517
            },
            "Recall@1000": {
                "min": 26.94414,
                "max": 29.94,
                "mean": 28.4166,
                "std": 1.2473248510472326,
                "variance": 1.555819284040001,
                "median": 28.75089
            },
            "MAP": {
                "min": 3.03136,
                "max": 3.97731,
                "mean": 3.4404579999999996,
                "std": 0.3221838102326063,
                "variance": 0.10380240757600005,
                "median": 3.46663
            }
        }
    }
}