{
    "ance_batch_human_0shot_prompt1": {
        "full_set": {
            "MRR": {
                "min": 37.28676,
                "max": 40.06544,
                "mean": 38.22686,
                "std": 1.0102014173223084,
                "variance": 1.0205069035600007,
                "median": 37.96166
            },
            "NDCG@3": {
                "min": 17.23043,
                "max": 19.1411,
                "mean": 18.266862,
                "std": 0.7473746882360959,
                "variance": 0.5585689246160015,
                "median": 18.69927
            },
            "NDCG@5": {
                "min": 16.33663,
                "max": 18.49879,
                "mean": 17.469468000000003,
                "std": 0.7816484812343717,
                "variance": 0.6109743482159999,
                "median": 17.73636
            },
            "NDCG@1000": {
                "min": 24.56975,
                "max": 26.45169,
                "mean": 25.837473999999997,
                "std": 0.6820431411164546,
                "variance": 0.46518284634400003,
                "median": 26.00567
            },
            "Precision@20": {
                "min": 14.54545,
                "max": 16.98864,
                "mean": 15.75,
                "std": 0.8215310993017853,
                "variance": 0.6749133471199997,
                "median": 15.76705
            },
            "Recall@20": {
                "min": 7.06121,
                "max": 8.64881,
                "mean": 7.82115,
                "std": 0.5501733215269526,
                "variance": 0.3026906837199996,
                "median": 7.86128
            },
            "Recall@1000": {
                "min": 38.82952,
                "max": 41.96729,
                "mean": 40.751039999999996,
                "std": 1.0332407814057656,
                "variance": 1.067586512359997,
                "median": 40.98207
            },
            "MAP": {
                "min": 6.74745,
                "max": 8.0064,
                "mean": 7.501256000000001,
                "std": 0.4541178376853303,
                "variance": 0.20622301050400002,
                "median": 7.41267
            }
        },
        "subset": {
            "MRR": {
                "min": 24.8711,
                "max": 37.10667,
                "mean": 31.663108000000005,
                "std": 4.483865569177561,
                "variance": 20.105050442456008,
                "median": 30.33256
            },
            "NDCG@3": {
                "min": 10.61094,
                "max": 15.82118,
                "mean": 13.25608,
                "std": 1.9601769232291253,
                "variance": 3.8422935703600003,
                "median": 13.79731
            },
            "NDCG@5": {
                "min": 10.08775,
                "max": 13.97853,
                "mean": 12.220119999999998,
                "std": 1.490627361952007,
                "variance": 2.2219699321999995,
                "median": 12.73484
            },
            "NDCG@1000": {
                "min": 19.22841,
                "max": 20.16481,
                "mean": 19.773372000000002,
                "std": 0.36378343015591014,
                "variance": 0.13233838405599996,
                "median": 19.91268
            },
            "Precision@20": {
                "min": 10.71429,
                "max": 13.09524,
                "mean": 11.682542000000002,
                "std": 0.8814882351432717,
                "variance": 0.7770215086959998,
                "median": 11.19048
            },
            "Recall@20": {
                "min": 4.6316,
                "max": 6.67686,
                "mean": 5.461012,
                "std": 0.688790622276465,
                "variance": 0.474432521336,
                "median": 5.31547
            },
            "Recall@1000": {
                "min": 30.44976,
                "max": 32.64885,
                "mean": 31.660277999999998,
                "std": 0.8140548265418007,
                "variance": 0.6626852606160012,
                "median": 31.75662
            },
            "MAP": {
                "min": 4.17923,
                "max": 5.12465,
                "mean": 4.576508,
                "std": 0.30625574935991007,
                "variance": 0.09379258401600005,
                "median": 4.51502
            }
        },
        "corrected_subset": {
            "MRR": {
                "min": 17.01996,
                "max": 38.42295,
                "mean": 24.54954,
                "std": 7.476647694337348,
                "variance": 55.90026074523998,
                "median": 21.5548
            },
            "NDCG@3": {
                "min": 5.99763,
                "max": 17.58789,
                "mean": 9.853282,
                "std": 4.030003372104793,
                "variance": 16.240927179176005,
                "median": 8.54483
            },
            "NDCG@5": {
                "min": 6.3831,
                "max": 14.85855,
                "mean": 9.443744,
                "std": 2.87929932639592,
                "variance": 8.290364610984,
                "median": 8.30382
            },
            "NDCG@1000": {
                "min": 12.93051,
                "max": 16.94094,
                "mean": 15.141580000000001,
                "std": 1.341699390996359,
                "variance": 1.800157255800001,
                "median": 15.61032
            },
            "Precision@20": {
                "min": 6.37931,
                "max": 10.0,
                "mean": 8.034482,
                "std": 1.1875296914755435,
                "variance": 1.4102267681359997,
                "median": 8.10345
            },
            "Recall@20": {
                "min": 2.96804,
                "max": 5.72579,
                "mean": 4.668176,
                "std": 1.0033182601467991,
                "variance": 1.0066475311440002,
                "median": 4.61013
            },
            "Recall@1000": {
                "min": 21.37479,
                "max": 26.82786,
                "mean": 25.007802,
                "std": 1.9000765702613143,
                "variance": 3.6102909728559993,
                "median": 25.69245
            },
            "MAP": {
                "min": 2.14433,
                "max": 4.22597,
                "mean": 3.11627,
                "std": 0.7794044967024505,
                "variance": 0.6074713694800001,
                "median": 2.93371
            }
        }
    }
}