{
    "ance_batch_LLM_5shot_prompt1": {
        "full_set": {
            "MRR": {
                "min": 35.57088,
                "max": 38.9841,
                "mean": 37.218819999999994,
                "std": 1.3084545468910997,
                "variance": 1.7120533012799932,
                "median": 37.80658
            },
            "NDCG@3": {
                "min": 16.64532,
                "max": 19.2251,
                "mean": 17.769634,
                "std": 0.8631541558632504,
                "variance": 0.7450350967840003,
                "median": 17.61342
            },
            "NDCG@5": {
                "min": 16.86437,
                "max": 18.74495,
                "mean": 17.537364000000004,
                "std": 0.6521456136048143,
                "variance": 0.4252939013439997,
                "median": 17.47267
            },
            "NDCG@1000": {
                "min": 25.37695,
                "max": 25.86167,
                "mean": 25.634217999999997,
                "std": 0.18618703578928372,
                "variance": 0.034665612296000015,
                "median": 25.58412
            },
            "Precision@20": {
                "min": 15.11364,
                "max": 16.19318,
                "mean": 15.670454000000001,
                "std": 0.4138742173462852,
                "variance": 0.17129186778400013,
                "median": 15.48295
            },
            "Recall@20": {
                "min": 7.45907,
                "max": 8.00168,
                "mean": 7.806927999999999,
                "std": 0.18433336316576032,
                "variance": 0.033978788776000086,
                "median": 7.86968
            },
            "Recall@1000": {
                "min": 39.98489,
                "max": 40.87957,
                "mean": 40.509732,
                "std": 0.35282347225772864,
                "variance": 0.12448440257600021,
                "median": 40.6963
            },
            "MAP": {
                "min": 7.30149,
                "max": 7.68885,
                "mean": 7.51076,
                "std": 0.15149107511665497,
                "variance": 0.022949545839999995,
                "median": 7.45953
            }
        },
        "subset": {
            "MRR": {
                "min": 24.08766,
                "max": 30.81021,
                "mean": 26.817562,
                "std": 2.4396209253029464,
                "variance": 5.951750259176004,
                "median": 25.61444
            },
            "NDCG@3": {
                "min": 9.43889,
                "max": 13.92265,
                "mean": 11.13645,
                "std": 1.6569847951022363,
                "variance": 2.7455986112,
                "median": 10.83841
            },
            "NDCG@5": {
                "min": 10.34277,
                "max": 12.36568,
                "mean": 11.311568,
                "std": 0.7168342922712332,
                "variance": 0.5138514025759998,
                "median": 11.16013
            },
            "NDCG@1000": {
                "min": 18.64673,
                "max": 20.16746,
                "mean": 19.291238,
                "std": 0.5659223091343891,
                "variance": 0.32026805997599905,
                "median": 19.02757
            },
            "Precision@20": {
                "min": 10.55556,
                "max": 12.30159,
                "mean": 11.349207999999999,
                "std": 0.5917886250816248,
                "variance": 0.35021377677599985,
                "median": 11.34921
            },
            "Recall@20": {
                "min": 5.06011,
                "max": 6.37891,
                "mean": 5.623948,
                "std": 0.47937000596199175,
                "variance": 0.22979560261600002,
                "median": 5.57128
            },
            "Recall@1000": {
                "min": 29.62649,
                "max": 32.4412,
                "mean": 30.954974,
                "std": 1.1790197749249174,
                "variance": 1.390087629664003,
                "median": 30.60074
            },
            "MAP": {
                "min": 4.1603,
                "max": 4.77572,
                "mean": 4.51089,
                "std": 0.23673545083066866,
                "variance": 0.05604367367999994,
                "median": 4.65522
            }
        },
        "corrected_subset": {
            "MRR": {
                "min": 12.5777,
                "max": 27.1367,
                "mean": 18.765244000000003,
                "std": 4.7117744791218525,
                "variance": 22.200818742104005,
                "median": 18.04752
            },
            "NDCG@3": {
                "min": 5.06648,
                "max": 10.57361,
                "mean": 7.4854579999999995,
                "std": 1.7660719572814694,
                "variance": 3.119010158296,
                "median": 7.29323
            },
            "NDCG@5": {
                "min": 6.17337,
                "max": 11.26964,
                "mean": 7.928623999999999,
                "std": 1.7975336622895275,
                "variance": 3.231127267064001,
                "median": 7.54737
            },
            "NDCG@1000": {
                "min": 13.29503,
                "max": 17.52029,
                "mean": 14.799097999999997,
                "std": 1.5303366033314367,
                "variance": 2.3419301194959994,
                "median": 14.0163
            },
            "Precision@20": {
                "min": 6.55172,
                "max": 10.0,
                "mean": 7.689656000000001,
                "std": 1.20245509655205,
                "variance": 1.4458982592239997,
                "median": 7.24138
            },
            "Recall@20": {
                "min": 4.08756,
                "max": 5.98009,
                "mean": 4.881431999999999,
                "std": 0.7119285660907277,
                "variance": 0.5068422832159998,
                "median": 4.67407
            },
            "Recall@1000": {
                "min": 23.06565,
                "max": 28.78437,
                "mean": 25.26868,
                "std": 2.237462716650268,
                "variance": 5.006239408399996,
                "median": 24.10784
            },
            "MAP": {
                "min": 2.55572,
                "max": 4.13662,
                "mean": 3.0675999999999997,
                "std": 0.5526133665773928,
                "variance": 0.30538153291999987,
                "median": 2.9226
            }
        }
    }
}