{
    "bm25_batch_LLM_1shot_prompt1": {
        "full_set": {
            "MRR": {
                "min": 42.92189,
                "max": 48.48289,
                "mean": 44.98530999999999,
                "std": 1.8613427558405247,
                "variance": 3.464596854719999,
                "median": 44.64757
            },
            "NDCG@3": {
                "min": 20.10216,
                "max": 23.06439,
                "mean": 21.101582,
                "std": 1.0618840830034129,
                "variance": 1.1275978057359992,
                "median": 20.87859
            },
            "NDCG@5": {
                "min": 19.45969,
                "max": 21.86329,
                "mean": 20.294278,
                "std": 0.8963040367062957,
                "variance": 0.8033609262160006,
                "median": 19.99946
            },
            "NDCG@1000": {
                "min": 29.25581,
                "max": 30.14835,
                "mean": 29.766544,
                "std": 0.29214127949333,
                "variance": 0.08534652718399997,
                "median": 29.83179
            },
            "Precision@20": {
                "min": 18.03977,
                "max": 18.60795,
                "mean": 18.215908000000002,
                "std": 0.20200311961947473,
                "variance": 0.040805260335999814,
                "median": 18.15341
            },
            "Recall@20": {
                "min": 8.88458,
                "max": 9.40214,
                "mean": 9.103414,
                "std": 0.1929573938049535,
                "variance": 0.03723255582399991,
                "median": 9.13704
            },
            "Recall@1000": {
                "min": 46.08745,
                "max": 48.13644,
                "mean": 47.25308,
                "std": 0.7043965420414847,
                "variance": 0.4961744884400012,
                "median": 47.2109
            },
            "MAP": {
                "min": 9.41823,
                "max": 9.67413,
                "mean": 9.546178,
                "std": 0.10085067722132576,
                "variance": 0.010170859096000035,
                "median": 9.49709
            }
        },
        "subset": {
            "MRR": {
                "min": 33.16107,
                "max": 44.01426,
                "mean": 37.459132,
                "std": 4.098915494285775,
                "variance": 16.801108229296,
                "median": 35.20769
            },
            "NDCG@3": {
                "min": 15.17935,
                "max": 20.2707,
                "mean": 17.035488,
                "std": 2.040961739116146,
                "variance": 4.165524820536003,
                "median": 15.72223
            },
            "NDCG@5": {
                "min": 14.64398,
                "max": 18.22378,
                "mean": 15.930815999999998,
                "std": 1.3535898355498983,
                "variance": 1.832205442904001,
                "median": 15.44403
            },
            "NDCG@1000": {
                "min": 21.71806,
                "max": 23.85438,
                "mean": 22.616636,
                "std": 0.7019734959840002,
                "variance": 0.49276678906399907,
                "median": 22.60679
            },
            "Precision@20": {
                "min": 11.74603,
                "max": 13.73016,
                "mean": 12.904762,
                "std": 0.68933577488478,
                "variance": 0.4751838105360001,
                "median": 13.01587
            },
            "Recall@20": {
                "min": 5.04937,
                "max": 5.5347,
                "mean": 5.342594,
                "std": 0.1834265970463391,
                "variance": 0.03364531650400006,
                "median": 5.4501
            },
            "Recall@1000": {
                "min": 34.61098,
                "max": 37.58276,
                "mean": 36.049246000000004,
                "std": 1.3185682060416897,
                "variance": 1.738622113984,
                "median": 35.8671
            },
            "MAP": {
                "min": 4.86181,
                "max": 5.41516,
                "mean": 5.1761420000000005,
                "std": 0.22378259873368173,
                "variance": 0.05007865149600001,
                "median": 5.2091
            }
        },
        "corrected_subset": {
            "MRR": {
                "min": 20.3838,
                "max": 32.26535,
                "mean": 25.650498,
                "std": 5.114074249251373,
                "variance": 26.15375542685599,
                "median": 22.25657
            },
            "NDCG@3": {
                "min": 7.48906,
                "max": 16.12909,
                "mean": 11.813320000000001,
                "std": 3.260727506891676,
                "variance": 10.632343874200004,
                "median": 10.4603
            },
            "NDCG@5": {
                "min": 8.18131,
                "max": 13.91593,
                "mean": 11.066128,
                "std": 2.130070844346732,
                "variance": 4.537201801936,
                "median": 10.62991
            },
            "NDCG@1000": {
                "min": 15.4904,
                "max": 18.94503,
                "mean": 16.981972000000003,
                "std": 1.1687325467770628,
                "variance": 1.3659357658959996,
                "median": 16.72956
            },
            "Precision@20": {
                "min": 8.44828,
                "max": 9.48276,
                "mean": 9.034482,
                "std": 0.3713893764985746,
                "variance": 0.137930068976,
                "median": 9.13793
            },
            "Recall@20": {
                "min": 3.91072,
                "max": 5.93123,
                "mean": 4.9427840000000005,
                "std": 0.7478502663127158,
                "variance": 0.559280020824,
                "median": 5.20906
            },
            "Recall@1000": {
                "min": 25.5154,
                "max": 29.944,
                "mean": 27.508042,
                "std": 1.4398551376635078,
                "variance": 2.073182817455999,
                "median": 27.47065
            },
            "MAP": {
                "min": 2.97382,
                "max": 4.06901,
                "mean": 3.4348219999999996,
                "std": 0.404782836266559,
                "variance": 0.1638491445359999,
                "median": 3.29413
            }
        }
    }
}