{
    "ance_batch_human_0shot_prompt2": {
        "full_set": {
            "MRR": {
                "min": 34.47928,
                "max": 38.05071,
                "mean": 36.656561999999994,
                "std": 1.2179708216439333,
                "variance": 1.483452922375998,
                "median": 37.18031
            },
            "NDCG@3": {
                "min": 16.1104,
                "max": 17.96217,
                "mean": 17.006942,
                "std": 0.6283088717629259,
                "variance": 0.39477203833600094,
                "median": 16.8231
            },
            "NDCG@5": {
                "min": 15.85198,
                "max": 16.74348,
                "mean": 16.319288,
                "std": 0.2925486518444416,
                "variance": 0.08558471369600032,
                "median": 16.26692
            },
            "NDCG@1000": {
                "min": 23.80922,
                "max": 24.27146,
                "mean": 24.028996,
                "std": 0.1944243773398803,
                "variance": 0.037800838504000164,
                "median": 23.99234
            },
            "Precision@20": {
                "min": 14.34659,
                "max": 15.71023,
                "mean": 15.125000000000004,
                "std": 0.4984492273441696,
                "variance": 0.24845163223999966,
                "median": 15.11364
            },
            "Recall@20": {
                "min": 7.35609,
                "max": 8.11614,
                "mean": 7.69928,
                "std": 0.2493917632160291,
                "variance": 0.06219625155999993,
                "median": 7.71072
            },
            "Recall@1000": {
                "min": 37.60545,
                "max": 38.84246,
                "mean": 38.128998,
                "std": 0.45751266611537733,
                "variance": 0.20931783965600076,
                "median": 37.99105
            },
            "MAP": {
                "min": 7.01833,
                "max": 7.12476,
                "mean": 7.075234,
                "std": 0.04171587256668621,
                "variance": 0.0017402140240000033,
                "median": 7.07443
            }
        },
        "subset": {
            "MRR": {
                "min": 24.69203,
                "max": 29.03474,
                "mean": 26.574706,
                "std": 1.4387243177843352,
                "variance": 2.069927662584001,
                "median": 26.70874
            },
            "NDCG@3": {
                "min": 8.41235,
                "max": 11.47852,
                "mean": 9.900253999999999,
                "std": 1.2458196803646986,
                "variance": 1.5520666759839998,
                "median": 9.47222
            },
            "NDCG@5": {
                "min": 8.22108,
                "max": 10.82742,
                "mean": 9.609378000000001,
                "std": 0.9474815401346878,
                "variance": 0.897721268896,
                "median": 9.49476
            },
            "NDCG@1000": {
                "min": 17.4539,
                "max": 18.41309,
                "mean": 17.96156,
                "std": 0.33859223688678963,
                "variance": 0.11464470287999987,
                "median": 17.93975
            },
            "Precision@20": {
                "min": 9.84127,
                "max": 11.5873,
                "mean": 10.793652,
                "std": 0.6973284549306734,
                "variance": 0.4862669740560003,
                "median": 11.19048
            },
            "Recall@20": {
                "min": 5.06535,
                "max": 5.85517,
                "mean": 5.422116000000001,
                "std": 0.27000410986501683,
                "variance": 0.07290221934400007,
                "median": 5.33901
            },
            "Recall@1000": {
                "min": 28.46457,
                "max": 30.59727,
                "mean": 29.738466,
                "std": 0.8005695458009888,
                "variance": 0.6409115976640015,
                "median": 29.76229
            },
            "MAP": {
                "min": 4.00932,
                "max": 4.46518,
                "mean": 4.19749,
                "std": 0.17263828613607138,
                "variance": 0.029803977840000058,
                "median": 4.14057
            }
        },
        "corrected_subset": {
            "MRR": {
                "min": 19.61366,
                "max": 25.98833,
                "mean": 22.346102000000002,
                "std": 2.31521363938104,
                "variance": 5.360214195976001,
                "median": 22.6796
            },
            "NDCG@3": {
                "min": 5.4075,
                "max": 8.84458,
                "mean": 7.085615999999999,
                "std": 1.3484915207386365,
                "variance": 1.8184293815040005,
                "median": 7.60522
            },
            "NDCG@5": {
                "min": 4.73492,
                "max": 8.56329,
                "mean": 7.161954,
                "std": 1.3057422706123902,
                "variance": 1.7049628772640006,
                "median": 7.29248
            },
            "NDCG@1000": {
                "min": 13.83464,
                "max": 15.53985,
                "mean": 14.5857,
                "std": 0.7427521723159077,
                "variance": 0.5516807894799999,
                "median": 14.1111
            },
            "Precision@20": {
                "min": 7.75862,
                "max": 8.96552,
                "mean": 8.448276,
                "std": 0.42232632452169044,
                "variance": 0.17835952438400018,
                "median": 8.44828
            },
            "Recall@20": {
                "min": 5.07231,
                "max": 7.40413,
                "mean": 5.913996,
                "std": 0.888739935405178,
                "variance": 0.7898586727840001,
                "median": 5.32011
            },
            "Recall@1000": {
                "min": 23.15566,
                "max": 25.87836,
                "mean": 24.513474,
                "std": 0.9249099935366684,
                "variance": 0.8554584961439999,
                "median": 24.70317
            },
            "MAP": {
                "min": 2.64502,
                "max": 4.02479,
                "mean": 3.45662,
                "std": 0.5394327667096245,
                "variance": 0.2909877098000001,
                "median": 3.7404
            }
        }
    }
}