{
    "ance_batch_None_0shot_prompt1": {
        "full_set": {
            "MRR": {
                "min": 38.12686,
                "max": 40.85053,
                "mean": 39.692026000000006,
                "std": 1.0974153100371793,
                "variance": 1.2043203627039984,
                "median": 40.08714
            },
            "NDCG@3": {
                "min": 17.91152,
                "max": 19.61966,
                "mean": 19.164728,
                "std": 0.6408625652165992,
                "variance": 0.41070482749599996,
                "median": 19.52491
            },
            "NDCG@5": {
                "min": 17.55789,
                "max": 18.40926,
                "mean": 18.007641999999997,
                "std": 0.3424350764393154,
                "variance": 0.11726178157599979,
                "median": 17.9778
            },
            "NDCG@1000": {
                "min": 24.46182,
                "max": 25.69058,
                "mean": 25.114838,
                "std": 0.42586068080535483,
                "variance": 0.1813573194560003,
                "median": 25.08718
            },
            "Precision@20": {
                "min": 15.02841,
                "max": 16.70455,
                "mean": 15.835228,
                "std": 0.5407001066913163,
                "variance": 0.2923566053760008,
                "median": 15.90909
            },
            "Recall@20": {
                "min": 7.32256,
                "max": 8.23214,
                "mean": 7.7576920000000005,
                "std": 0.320478208894146,
                "variance": 0.10270628237599988,
                "median": 7.70369
            },
            "Recall@1000": {
                "min": 38.09804,
                "max": 39.9679,
                "mean": 38.744158,
                "std": 0.6763420774548927,
                "variance": 0.4574386057360001,
                "median": 38.63557
            },
            "MAP": {
                "min": 7.0165,
                "max": 7.55393,
                "mean": 7.293904,
                "std": 0.19179911424195906,
                "variance": 0.036786900224000066,
                "median": 7.22207
            }
        },
        "subset": {
            "MRR": {
                "min": 26.08597,
                "max": 30.69451,
                "mean": 28.404226,
                "std": 1.8414791354191338,
                "variance": 3.3910454061840007,
                "median": 29.25995
            },
            "NDCG@3": {
                "min": 10.07009,
                "max": 14.12569,
                "mean": 12.576088000000002,
                "std": 1.4512570931492463,
                "variance": 2.106147150416,
                "median": 13.28348
            },
            "NDCG@5": {
                "min": 10.89108,
                "max": 12.88189,
                "mean": 11.972748,
                "std": 0.8015764760620163,
                "variance": 0.6425248469760002,
                "median": 11.98273
            },
            "NDCG@1000": {
                "min": 17.61008,
                "max": 19.83872,
                "mean": 18.253421999999997,
                "std": 0.811668334442092,
                "variance": 0.6588054851359996,
                "median": 17.85936
            },
            "Precision@20": {
                "min": 11.19048,
                "max": 13.88889,
                "mean": 12.238096,
                "std": 0.922002069728696,
                "variance": 0.8500878165839992,
                "median": 12.22222
            },
            "Recall@20": {
                "min": 4.18037,
                "max": 5.90759,
                "mean": 4.8799779999999995,
                "std": 0.6013457972714201,
                "variance": 0.36161676789599995,
                "median": 4.7474
            },
            "Recall@1000": {
                "min": 26.90826,
                "max": 30.49803,
                "mean": 28.089229999999997,
                "std": 1.2870318278426534,
                "variance": 1.656450925880001,
                "median": 27.93682
            },
            "MAP": {
                "min": 3.97084,
                "max": 5.34101,
                "mean": 4.42447,
                "std": 0.47958168643099786,
                "variance": 0.22999859395999994,
                "median": 4.33907
            }
        },
        "corrected_subset": {
            "MRR": {
                "min": 18.77214,
                "max": 31.05156,
                "mean": 25.622130000000006,
                "std": 4.3921564449368145,
                "variance": 19.291038236799995,
                "median": 25.32527
            },
            "NDCG@3": {
                "min": 7.21744,
                "max": 13.26059,
                "mean": 10.920710000000001,
                "std": 2.0742886264645044,
                "variance": 4.302673305880001,
                "median": 11.64701
            },
            "NDCG@5": {
                "min": 8.27738,
                "max": 11.95938,
                "mean": 10.208003999999999,
                "std": 1.1673860329916574,
                "variance": 1.362790150023999,
                "median": 10.23927
            },
            "NDCG@1000": {
                "min": 13.86022,
                "max": 17.85861,
                "mean": 15.880925999999999,
                "std": 1.3304242202034653,
                "variance": 1.7700286057039984,
                "median": 15.73891
            },
            "Precision@20": {
                "min": 8.96552,
                "max": 12.06897,
                "mean": 10.275862,
                "std": 1.2744637780400039,
                "variance": 1.624257921536,
                "median": 9.48276
            },
            "Recall@20": {
                "min": 3.1228,
                "max": 6.79655,
                "mean": 4.771122,
                "std": 1.1838156213431212,
                "variance": 1.401419425336,
                "median": 4.70031
            },
            "Recall@1000": {
                "min": 23.26003,
                "max": 26.63359,
                "mean": 24.858576,
                "std": 1.206763346536512,
                "variance": 1.4562777745440016,
                "median": 24.75939
            },
            "MAP": {
                "min": 2.84372,
                "max": 5.11066,
                "mean": 3.8128539999999993,
                "std": 0.7423830427373729,
                "variance": 0.5511325821440001,
                "median": 3.69542
            }
        }
    }
}