{
    "ance_batch_LLM_0shot_prompt2": {
        "full_set": {
            "MRR": {
                "min": 33.65942,
                "max": 37.12752,
                "mean": 35.053886,
                "std": 1.2920302320549628,
                "variance": 1.6693421205440013,
                "median": 34.95894
            },
            "NDCG@3": {
                "min": 14.20743,
                "max": 17.36726,
                "mean": 16.004908,
                "std": 1.043709517373489,
                "variance": 1.089329556656001,
                "median": 16.29459
            },
            "NDCG@5": {
                "min": 14.04186,
                "max": 16.43397,
                "mean": 15.511008,
                "std": 0.8507617638657721,
                "variance": 0.7237955788559998,
                "median": 15.41346
            },
            "NDCG@1000": {
                "min": 23.05174,
                "max": 23.82456,
                "mean": 23.329485999999996,
                "std": 0.28299018354706323,
                "variance": 0.08008344398400054,
                "median": 23.29467
            },
            "Precision@20": {
                "min": 14.0625,
                "max": 15.45455,
                "mean": 14.761364,
                "std": 0.4853228221957009,
                "variance": 0.23553824174399987,
                "median": 14.85795
            },
            "Recall@20": {
                "min": 7.15954,
                "max": 7.6425,
                "mean": 7.459460000000002,
                "std": 0.17307099491249264,
                "variance": 0.029953569280000054,
                "median": 7.46178
            },
            "Recall@1000": {
                "min": 36.53236,
                "max": 37.85253,
                "mean": 37.26254399999999,
                "std": 0.5319555815516936,
                "variance": 0.28297674074400064,
                "median": 37.41724
            },
            "MAP": {
                "min": 6.68703,
                "max": 7.00427,
                "mean": 6.813946,
                "std": 0.1068410128368315,
                "variance": 0.011415002023999995,
                "median": 6.78042
            }
        },
        "subset": {
            "MRR": {
                "min": 21.85612,
                "max": 30.05691,
                "mean": 25.006268,
                "std": 2.747975228777726,
                "variance": 7.551367857975995,
                "median": 24.04212
            },
            "NDCG@3": {
                "min": 8.8197,
                "max": 14.06927,
                "mean": 10.42581,
                "std": 1.879070794440699,
                "variance": 3.5309070505199998,
                "median": 9.67562
            },
            "NDCG@5": {
                "min": 8.45711,
                "max": 12.58344,
                "mean": 10.211511999999999,
                "std": 1.4274730793874886,
                "variance": 2.0376793923759995,
                "median": 10.05682
            },
            "NDCG@1000": {
                "min": 16.39706,
                "max": 18.95072,
                "mean": 17.386738,
                "std": 0.8684833604485465,
                "variance": 0.7542633473759999,
                "median": 17.0242
            },
            "Precision@20": {
                "min": 9.36508,
                "max": 11.50794,
                "mean": 10.555556,
                "std": 0.7342884043916256,
                "variance": 0.5391794608239995,
                "median": 10.47619
            },
            "Recall@20": {
                "min": 4.67478,
                "max": 5.73932,
                "mean": 5.129436,
                "std": 0.35479040847238247,
                "variance": 0.125876233944,
                "median": 5.04659
            },
            "Recall@1000": {
                "min": 26.2015,
                "max": 30.32778,
                "mean": 28.169845999999996,
                "std": 1.4111323532199243,
                "variance": 1.9912945183040012,
                "median": 28.06505
            },
            "MAP": {
                "min": 3.6884,
                "max": 4.64132,
                "mean": 4.126168000000001,
                "std": 0.309285018285723,
                "variance": 0.09565722253600004,
                "median": 4.09428
            }
        },
        "corrected_subset": {
            "MRR": {
                "min": 15.51268,
                "max": 24.5088,
                "mean": 18.39401,
                "std": 3.3805928570237507,
                "variance": 11.428408064960005,
                "median": 16.21511
            },
            "NDCG@3": {
                "min": 5.64203,
                "max": 12.33059,
                "mean": 8.007568000000001,
                "std": 2.3129841640132347,
                "variance": 5.349895742976002,
                "median": 7.15879
            },
            "NDCG@5": {
                "min": 6.06781,
                "max": 10.95283,
                "mean": 8.083092,
                "std": 1.741420075092739,
                "variance": 3.032543877936001,
                "median": 7.54755
            },
            "NDCG@1000": {
                "min": 11.82994,
                "max": 15.25614,
                "mean": 13.301426000000001,
                "std": 1.2323750454403073,
                "variance": 1.5187482526239997,
                "median": 13.5854
            },
            "Precision@20": {
                "min": 6.72414,
                "max": 9.48276,
                "mean": 7.86207,
                "std": 0.9031582056096265,
                "variance": 0.8156947443600002,
                "median": 7.58621
            },
            "Recall@20": {
                "min": 4.87158,
                "max": 5.5278,
                "mean": 5.11798,
                "std": 0.2922436723010441,
                "variance": 0.08540636400000004,
                "median": 4.89474
            },
            "Recall@1000": {
                "min": 19.92732,
                "max": 24.6121,
                "mean": 22.134828000000002,
                "std": 1.9890709197753607,
                "variance": 3.956403123895999,
                "median": 21.11663
            },
            "MAP": {
                "min": 2.39153,
                "max": 3.91535,
                "mean": 3.109286,
                "std": 0.5690752640064406,
                "variance": 0.3238466561040001,
                "median": 2.81769
            }
        }
    }
}