{
    "bm25_batch_None_0shot_prompt2": {
        "full_set": {
            "MRR": {
                "min": 38.27725,
                "max": 41.91856,
                "mean": 39.963692,
                "std": 1.2312580593425562,
                "variance": 1.5159964086959976,
                "median": 39.6623
            },
            "NDCG@3": {
                "min": 17.08933,
                "max": 18.9324,
                "mean": 18.346136,
                "std": 0.6506195592387305,
                "variance": 0.4233058108639999,
                "median": 18.57821
            },
            "NDCG@5": {
                "min": 16.45254,
                "max": 18.11227,
                "mean": 17.598257999999998,
                "std": 0.6233811858373659,
                "variance": 0.3886041028560005,
                "median": 17.93089
            },
            "NDCG@1000": {
                "min": 25.30102,
                "max": 26.08396,
                "mean": 25.503396000000002,
                "std": 0.2951108829304679,
                "variance": 0.08709043322400031,
                "median": 25.35051
            },
            "Precision@20": {
                "min": 14.82955,
                "max": 16.53409,
                "mean": 15.704547999999999,
                "std": 0.5809350257438434,
                "variance": 0.337485504136,
                "median": 15.73864
            },
            "Recall@20": {
                "min": 7.08463,
                "max": 7.6542,
                "mean": 7.4497919999999995,
                "std": 0.2082341368171897,
                "variance": 0.043361455736000074,
                "median": 7.45679
            },
            "Recall@1000": {
                "min": 40.14134,
                "max": 41.37505,
                "mean": 40.6374,
                "std": 0.45693860528521824,
                "variance": 0.20879288900000045,
                "median": 40.51227
            },
            "MAP": {
                "min": 7.26847,
                "max": 7.95029,
                "mean": 7.5710999999999995,
                "std": 0.22940150208749732,
                "variance": 0.052625049160000034,
                "median": 7.57224
            }
        },
        "subset": {
            "MRR": {
                "min": 27.79436,
                "max": 33.57229,
                "mean": 30.2733,
                "std": 1.9172891798682854,
                "variance": 3.6759977992400024,
                "median": 29.8318
            },
            "NDCG@3": {
                "min": 11.5019,
                "max": 15.12121,
                "mean": 13.709352,
                "std": 1.309096228447703,
                "variance": 1.713732935336001,
                "median": 13.74086
            },
            "NDCG@5": {
                "min": 12.53949,
                "max": 14.25359,
                "mean": 13.487286000000001,
                "std": 0.6775769223224769,
                "variance": 0.4591104856639999,
                "median": 13.58411
            },
            "NDCG@1000": {
                "min": 17.5205,
                "max": 18.97772,
                "mean": 18.229824,
                "std": 0.50971706365787,
                "variance": 0.25981148498400103,
                "median": 18.08697
            },
            "Precision@20": {
                "min": 10.63492,
                "max": 13.01587,
                "mean": 11.349206,
                "std": 0.8606617363075926,
                "variance": 0.740738624344,
                "median": 11.03175
            },
            "Recall@20": {
                "min": 4.8282,
                "max": 5.13994,
                "mean": 4.972544000000001,
                "std": 0.10676827648697906,
                "variance": 0.011399464864000005,
                "median": 4.96222
            },
            "Recall@1000": {
                "min": 26.67614,
                "max": 28.6425,
                "mean": 27.928912000000004,
                "std": 0.731055557708167,
                "variance": 0.5344422284559991,
                "median": 28.20935
            },
            "MAP": {
                "min": 3.8243,
                "max": 4.34135,
                "mean": 3.9737319999999996,
                "std": 0.18982733969584056,
                "variance": 0.036034418896000044,
                "median": 3.91439
            }
        },
        "corrected_subset": {
            "MRR": {
                "min": 30.23964,
                "max": 35.73861,
                "mean": 32.109972000000006,
                "std": 2.1060617998377924,
                "variance": 4.435496304736002,
                "median": 30.97587
            },
            "NDCG@3": {
                "min": 13.70076,
                "max": 17.83469,
                "mean": 16.147268000000004,
                "std": 1.3823716460547062,
                "variance": 1.9109513678159977,
                "median": 16.5378
            },
            "NDCG@5": {
                "min": 13.25031,
                "max": 16.51175,
                "mean": 15.303909999999998,
                "std": 1.1275907912891088,
                "variance": 1.2714609925999987,
                "median": 15.67714
            },
            "NDCG@1000": {
                "min": 17.38325,
                "max": 18.23198,
                "mean": 17.795706000000003,
                "std": 0.340020165437287,
                "variance": 0.11561371290400002,
                "median": 17.63693
            },
            "Precision@20": {
                "min": 10.17241,
                "max": 12.58621,
                "mean": 11.10345,
                "std": 0.834740171191012,
                "variance": 0.6967911534,
                "median": 10.68966
            },
            "Recall@20": {
                "min": 5.50759,
                "max": 7.06787,
                "mean": 6.399255999999999,
                "std": 0.701317937588937,
                "variance": 0.4918468495840001,
                "median": 6.84631
            },
            "Recall@1000": {
                "min": 24.13656,
                "max": 26.34778,
                "mean": 25.514580000000002,
                "std": 0.7439600346524003,
                "variance": 0.5534765331600007,
                "median": 25.61343
            },
            "MAP": {
                "min": 4.00855,
                "max": 4.53525,
                "mean": 4.27132,
                "std": 0.20976236421245822,
                "variance": 0.04400024943999997,
                "median": 4.16971
            }
        }
    }
}