{
    "ance_batch_human_0shot_prompt1": {
        "full_set": {
            "MRR": {
                "min": 36.819,
                "max": 41.38533,
                "mean": 39.578552,
                "std": 1.617116673977484,
                "variance": 2.615066337256,
                "median": 40.10922
            },
            "NDCG@3": {
                "min": 16.25469,
                "max": 20.00139,
                "mean": 18.882088,
                "std": 1.418541810880455,
                "variance": 2.012260869216001,
                "median": 19.6491
            },
            "NDCG@5": {
                "min": 16.38537,
                "max": 18.70121,
                "mean": 17.978008,
                "std": 0.8734603385019829,
                "variance": 0.7629329629359985,
                "median": 18.5324
            },
            "NDCG@1000": {
                "min": 24.90509,
                "max": 25.59843,
                "mean": 25.304856,
                "std": 0.2481693424740447,
                "variance": 0.061588022543999685,
                "median": 25.25103
            },
            "Precision@20": {
                "min": 14.88636,
                "max": 15.88068,
                "mean": 15.488636,
                "std": 0.35682690204635636,
                "variance": 0.127325438024,
                "median": 15.59659
            },
            "Recall@20": {
                "min": 7.61473,
                "max": 8.19005,
                "mean": 7.856004,
                "std": 0.23932550558601118,
                "variance": 0.057276697623999874,
                "median": 7.74642
            },
            "Recall@1000": {
                "min": 38.61038,
                "max": 40.03562,
                "mean": 39.409238,
                "std": 0.4872221719257051,
                "variance": 0.23738544481600132,
                "median": 39.49815
            },
            "MAP": {
                "min": 7.00934,
                "max": 7.363,
                "mean": 7.225759999999999,
                "std": 0.1182931103657353,
                "variance": 0.013993259960000032,
                "median": 7.23807
            }
        },
        "subset": {
            "MRR": {
                "min": 24.80121,
                "max": 38.30994,
                "mean": 31.976152000000003,
                "std": 4.821377895736445,
                "variance": 23.24568481349599,
                "median": 31.12301
            },
            "NDCG@3": {
                "min": 10.19658,
                "max": 16.44598,
                "mean": 13.706546,
                "std": 2.2758028796941083,
                "variance": 5.1792787472239965,
                "median": 13.39295
            },
            "NDCG@5": {
                "min": 9.62928,
                "max": 14.36505,
                "mean": 12.778514000000001,
                "std": 1.6680257447365734,
                "variance": 2.7823098851040005,
                "median": 13.0041
            },
            "NDCG@1000": {
                "min": 17.8333,
                "max": 20.49865,
                "mean": 18.925058,
                "std": 0.9582453574194871,
                "variance": 0.9182341650160006,
                "median": 18.84483
            },
            "Precision@20": {
                "min": 9.68254,
                "max": 12.53968,
                "mean": 11.507936,
                "std": 1.0138867163662815,
                "variance": 1.0279662736240003,
                "median": 11.74603
            },
            "Recall@20": {
                "min": 4.36727,
                "max": 5.99809,
                "mean": 5.089202,
                "std": 0.703876204553045,
                "variance": 0.495441711336,
                "median": 4.6717
            },
            "Recall@1000": {
                "min": 28.51114,
                "max": 31.49728,
                "mean": 29.569272,
                "std": 1.094105984142304,
                "variance": 1.1970679045359995,
                "median": 29.34695
            },
            "MAP": {
                "min": 3.97622,
                "max": 4.90213,
                "mean": 4.390752,
                "std": 0.4080308614994703,
                "variance": 0.16648918393599993,
                "median": 4.20491
            }
        },
        "corrected_subset": {
            "MRR": {
                "min": 19.74687,
                "max": 34.91222,
                "mean": 28.554152,
                "std": 4.991867125088166,
                "variance": 24.918737394535988,
                "median": 29.49538
            },
            "NDCG@3": {
                "min": 6.47763,
                "max": 18.02947,
                "mean": 12.46833,
                "std": 3.9066706711828165,
                "variance": 15.26207573308,
                "median": 11.59911
            },
            "NDCG@5": {
                "min": 6.87651,
                "max": 14.68887,
                "mean": 11.207182,
                "std": 2.563543334522746,
                "variance": 6.571754427976001,
                "median": 11.31171
            },
            "NDCG@1000": {
                "min": 12.68733,
                "max": 17.71926,
                "mean": 14.708738,
                "std": 1.7240834843405928,
                "variance": 2.972463860975999,
                "median": 14.21714
            },
            "Precision@20": {
                "min": 6.37931,
                "max": 9.13793,
                "mean": 7.9310339999999995,
                "std": 0.912328377166906,
                "variance": 0.8323430677840002,
                "median": 7.93103
            },
            "Recall@20": {
                "min": 3.25745,
                "max": 6.03509,
                "mean": 4.462274,
                "std": 1.0087485607543638,
                "variance": 1.0175736588240003,
                "median": 3.94557
            },
            "Recall@1000": {
                "min": 19.93127,
                "max": 27.00698,
                "mean": 23.192181999999995,
                "std": 2.272156325585015,
                "variance": 5.162694367895996,
                "median": 22.82183
            },
            "MAP": {
                "min": 2.65652,
                "max": 4.29018,
                "mean": 3.2719859999999996,
                "std": 0.6692809089642406,
                "variance": 0.4479369351040002,
                "median": 2.82363
            }
        }
    }
}