{
    "ance_batch_LLM_5shot_prompt2": {
        "full_set": {
            "MRR": {
                "min": 34.25732,
                "max": 37.9856,
                "mean": 36.028596,
                "std": 1.3985657353960876,
                "variance": 1.9559861162239993,
                "median": 35.75638
            },
            "NDCG@3": {
                "min": 15.63076,
                "max": 18.92688,
                "mean": 17.15324,
                "std": 1.2490123483777091,
                "variance": 1.5600318463999998,
                "median": 17.45352
            },
            "NDCG@5": {
                "min": 15.00393,
                "max": 18.19697,
                "mean": 16.49355,
                "std": 1.1919230255851254,
                "variance": 1.4206804989199997,
                "median": 16.84195
            },
            "NDCG@1000": {
                "min": 23.31395,
                "max": 24.63035,
                "mean": 23.742482,
                "std": 0.4642001431451742,
                "variance": 0.2154817728960002,
                "median": 23.61181
            },
            "Precision@20": {
                "min": 14.71591,
                "max": 15.625,
                "mean": 15.034091999999998,
                "std": 0.3190931882945797,
                "variance": 0.1018204628160001,
                "median": 14.91477
            },
            "Recall@20": {
                "min": 7.31115,
                "max": 8.25539,
                "mean": 7.754032,
                "std": 0.3341206418286666,
                "variance": 0.11163660329600011,
                "median": 7.66794
            },
            "Recall@1000": {
                "min": 36.55361,
                "max": 38.26352,
                "mean": 37.251304,
                "std": 0.7661154658822654,
                "variance": 0.5869329070640006,
                "median": 36.72504
            },
            "MAP": {
                "min": 6.71178,
                "max": 7.31357,
                "mean": 6.950514,
                "std": 0.20047916167023458,
                "variance": 0.04019189426400005,
                "median": 6.94229
            }
        },
        "subset": {
            "MRR": {
                "min": 24.80169,
                "max": 31.65911,
                "mean": 27.35859,
                "std": 2.5023520176266163,
                "variance": 6.261765620119997,
                "median": 26.21138
            },
            "NDCG@3": {
                "min": 10.24497,
                "max": 13.12649,
                "mean": 11.401306,
                "std": 1.1607791186715928,
                "variance": 1.3474081623439997,
                "median": 10.62833
            },
            "NDCG@5": {
                "min": 9.98859,
                "max": 13.21352,
                "mean": 11.113482,
                "std": 1.2997462475637314,
                "variance": 1.6893403080560003,
                "median": 10.20551
            },
            "NDCG@1000": {
                "min": 16.96881,
                "max": 18.85897,
                "mean": 17.955758,
                "std": 0.6527340929168627,
                "variance": 0.4260617960559996,
                "median": 17.90956
            },
            "Precision@20": {
                "min": 10.47619,
                "max": 11.74603,
                "mean": 11.04762,
                "std": 0.5004411105414895,
                "variance": 0.2504413051199994,
                "median": 11.19048
            },
            "Recall@20": {
                "min": 4.68597,
                "max": 6.33041,
                "mean": 5.514190000000001,
                "std": 0.6460372188349522,
                "variance": 0.41736408812,
                "median": 5.39284
            },
            "Recall@1000": {
                "min": 26.68735,
                "max": 30.25958,
                "mean": 28.440978,
                "std": 1.2633831232433022,
                "variance": 1.5961369160960008,
                "median": 28.45054
            },
            "MAP": {
                "min": 4.05503,
                "max": 4.63436,
                "mean": 4.347774,
                "std": 0.20647090948605798,
                "variance": 0.042630236463999945,
                "median": 4.35838
            }
        },
        "corrected_subset": {
            "MRR": {
                "min": 18.24728,
                "max": 28.88796,
                "mean": 23.43868,
                "std": 3.4360774435219006,
                "variance": 11.806628197879999,
                "median": 23.38227
            },
            "NDCG@3": {
                "min": 7.93732,
                "max": 13.47875,
                "mean": 10.324714,
                "std": 2.098956715729031,
                "variance": 4.405619294504,
                "median": 10.83287
            },
            "NDCG@5": {
                "min": 7.09024,
                "max": 12.12505,
                "mean": 9.50038,
                "std": 2.0322952386009274,
                "variance": 4.130223936840001,
                "median": 8.81968
            },
            "NDCG@1000": {
                "min": 12.72735,
                "max": 16.13662,
                "mean": 14.478515999999999,
                "std": 1.252796576473611,
                "variance": 1.5694992620240005,
                "median": 14.27177
            },
            "Precision@20": {
                "min": 7.75862,
                "max": 9.13793,
                "mean": 8.48276,
                "std": 0.5160908122801646,
                "variance": 0.26634972652000016,
                "median": 8.44828
            },
            "Recall@20": {
                "min": 4.37072,
                "max": 7.06707,
                "mean": 5.656826000000001,
                "std": 1.0408746186280073,
                "variance": 1.0834199717039998,
                "median": 5.847
            },
            "Recall@1000": {
                "min": 20.34934,
                "max": 25.01468,
                "mean": 22.411409999999997,
                "std": 1.7376022830325697,
                "variance": 3.019261693999998,
                "median": 22.71212
            },
            "MAP": {
                "min": 3.18073,
                "max": 4.40553,
                "mean": 3.6913600000000004,
                "std": 0.4483823505893155,
                "variance": 0.20104673231999987,
                "median": 3.49575
            }
        }
    }
}