{
    "ance_batch_LLM_1shot_prompt2": {
        "full_set": {
            "MRR": {
                "min": 33.41716,
                "max": 39.22611,
                "mean": 36.410724,
                "std": 2.048184086595733,
                "variance": 4.195058052583997,
                "median": 35.82806
            },
            "NDCG@3": {
                "min": 15.403,
                "max": 18.62769,
                "mean": 17.257958,
                "std": 1.1316838893153869,
                "variance": 1.280708425336001,
                "median": 17.28988
            },
            "NDCG@5": {
                "min": 15.01464,
                "max": 18.10747,
                "mean": 16.776868,
                "std": 1.0502928169877195,
                "variance": 1.1031150014159992,
                "median": 16.6113
            },
            "NDCG@1000": {
                "min": 23.35298,
                "max": 24.33981,
                "mean": 23.974486,
                "std": 0.3455864899326942,
                "variance": 0.11943002202400015,
                "median": 23.98164
            },
            "Precision@20": {
                "min": 14.57386,
                "max": 15.625,
                "mean": 15.204545999999999,
                "std": 0.3863643235393251,
                "variance": 0.14927739050400027,
                "median": 15.14205
            },
            "Recall@20": {
                "min": 7.69598,
                "max": 8.54156,
                "mean": 8.007862,
                "std": 0.3416515403975227,
                "variance": 0.1167257750560001,
                "median": 7.79295
            },
            "Recall@1000": {
                "min": 36.76238,
                "max": 38.82684,
                "mean": 37.610352,
                "std": 0.6731958926018474,
                "variance": 0.45319270981599813,
                "median": 37.43845
            },
            "MAP": {
                "min": 6.86597,
                "max": 7.50065,
                "mean": 7.215003999999999,
                "std": 0.20891241395379076,
                "variance": 0.043644396704000034,
                "median": 7.2004
            }
        },
        "subset": {
            "MRR": {
                "min": 23.46425,
                "max": 29.65545,
                "mean": 26.257821999999997,
                "std": 2.3041926729108395,
                "variance": 5.309303873895998,
                "median": 25.77748
            },
            "NDCG@3": {
                "min": 9.19045,
                "max": 14.15711,
                "mean": 11.125379999999998,
                "std": 1.940818384001965,
                "variance": 3.766775999679999,
                "median": 10.16105
            },
            "NDCG@5": {
                "min": 9.38536,
                "max": 13.86146,
                "mean": 11.156417999999999,
                "std": 1.7186927509755778,
                "variance": 2.9539047722559992,
                "median": 10.34526
            },
            "NDCG@1000": {
                "min": 17.30435,
                "max": 18.61904,
                "mean": 17.691234,
                "std": 0.5051833398915682,
                "variance": 0.25521020690399965,
                "median": 17.35308
            },
            "Precision@20": {
                "min": 9.84127,
                "max": 11.66667,
                "mean": 10.555558000000001,
                "std": 0.6249224129249966,
                "variance": 0.390528022176,
                "median": 10.39683
            },
            "Recall@20": {
                "min": 4.5787,
                "max": 5.40707,
                "mean": 5.047058,
                "std": 0.27394642004596437,
                "variance": 0.07504664105599994,
                "median": 5.09878
            },
            "Recall@1000": {
                "min": 26.12247,
                "max": 28.93904,
                "mean": 28.104228,
                "std": 1.0291784455846318,
                "variance": 1.059208272855999,
                "median": 28.51018
            },
            "MAP": {
                "min": 3.64703,
                "max": 4.5713,
                "mean": 4.307834000000001,
                "std": 0.33833674305933725,
                "variance": 0.11447175170400001,
                "median": 4.44202
            }
        },
        "corrected_subset": {
            "MRR": {
                "min": 14.59461,
                "max": 27.50779,
                "mean": 20.218660000000003,
                "std": 4.367680738982647,
                "variance": 19.07663503768,
                "median": 20.74846
            },
            "NDCG@3": {
                "min": 6.50497,
                "max": 12.81469,
                "mean": 8.383886,
                "std": 2.2570001105325628,
                "variance": 5.094049498944001,
                "median": 7.42891
            },
            "NDCG@5": {
                "min": 6.3837,
                "max": 12.25819,
                "mean": 8.694498,
                "std": 1.94852820983839,
                "variance": 3.796762184536001,
                "median": 8.16957
            },
            "NDCG@1000": {
                "min": 12.77925,
                "max": 15.45436,
                "mean": 14.026318,
                "std": 0.9698555846186585,
                "variance": 0.9406198550159999,
                "median": 14.10031
            },
            "Precision@20": {
                "min": 7.58621,
                "max": 8.44828,
                "mean": 8.068968000000002,
                "std": 0.35165760696450193,
                "variance": 0.12366307253600013,
                "median": 8.10345
            },
            "Recall@20": {
                "min": 4.63047,
                "max": 5.99085,
                "mean": 5.222998,
                "std": 0.4370240047136999,
                "variance": 0.190989980696,
                "median": 5.14994
            },
            "Recall@1000": {
                "min": 19.19959,
                "max": 23.51954,
                "mean": 22.089408,
                "std": 1.5799212657775068,
                "variance": 2.4961512060559996,
                "median": 22.30162
            },
            "MAP": {
                "min": 2.63476,
                "max": 4.11532,
                "mean": 3.628934,
                "std": 0.5604265031777138,
                "variance": 0.314077865464,
                "median": 3.96151
            }
        }
    }
}