{
    "bm25_batch_automatic_0shot": {
        "full_set_baseline": {
            "MRR": {
                "min": 18.02923,
                "max": 20.51327,
                "mean": 19.213428,
                "std": 0.8706951575471175,
                "variance": 0.7581100573759998,
                "median": 18.92768
            },
            "NDCG@3": {
                "min": 4.39804,
                "max": 5.29825,
                "mean": 4.902086,
                "std": 0.33772536875988474,
                "variance": 0.11405842470400011,
                "median": 4.98832
            },
            "NDCG@5": {
                "min": 7.49565,
                "max": 8.13699,
                "mean": 7.877460000000001,
                "std": 0.22208256788861205,
                "variance": 0.04932066695999998,
                "median": 7.95842
            },
            "NDCG@1000": {
                "min": 21.75338,
                "max": 22.26025,
                "mean": 21.958318000000002,
                "std": 0.16800350036829553,
                "variance": 0.02822517613599988,
                "median": 21.94411
            },
            "Precision@20": {
                "min": 12.58523,
                "max": 13.52273,
                "mean": 13.056819999999998,
                "std": 0.3125519791650663,
                "variance": 0.09768873968000003,
                "median": 12.98295
            },
            "Recall@20": {
                "min": 6.26631,
                "max": 6.64502,
                "mean": 6.40152,
                "std": 0.14184959034131883,
                "variance": 0.02012130627999997,
                "median": 6.33288
            },
            "Recall@1000": {
                "min": 38.64207,
                "max": 40.14646,
                "mean": 39.529309999999995,
                "std": 0.537498838882467,
                "variance": 0.2889050018000002,
                "median": 39.57623
            },
            "MAP": {
                "min": 5.64356,
                "max": 5.77234,
                "mean": 5.712452,
                "std": 0.05077501015263318,
                "variance": 0.0025781016560000028,
                "median": 5.68845
            }
        },
        "full_set_always_ptkb": {
            "MRR": {
                "min": 18.02923,
                "max": 20.51327,
                "mean": 19.213428,
                "std": 0.8706951575471175,
                "variance": 0.7581100573759998,
                "median": 18.92768
            },
            "NDCG@3": {
                "min": 4.39804,
                "max": 5.29825,
                "mean": 4.902086,
                "std": 0.33772536875988474,
                "variance": 0.11405842470400011,
                "median": 4.98832
            },
            "NDCG@5": {
                "min": 7.49565,
                "max": 8.13699,
                "mean": 7.877460000000001,
                "std": 0.22208256788861205,
                "variance": 0.04932066695999998,
                "median": 7.95842
            },
            "NDCG@1000": {
                "min": 21.75338,
                "max": 22.26025,
                "mean": 21.958318000000002,
                "std": 0.16800350036829553,
                "variance": 0.02822517613599988,
                "median": 21.94411
            },
            "Precision@20": {
                "min": 12.58523,
                "max": 13.52273,
                "mean": 13.056819999999998,
                "std": 0.3125519791650663,
                "variance": 0.09768873968000003,
                "median": 12.98295
            },
            "Recall@20": {
                "min": 6.26631,
                "max": 6.64502,
                "mean": 6.40152,
                "std": 0.14184959034131883,
                "variance": 0.02012130627999997,
                "median": 6.33288
            },
            "Recall@1000": {
                "min": 38.64207,
                "max": 40.14646,
                "mean": 39.529309999999995,
                "std": 0.537498838882467,
                "variance": 0.2889050018000002,
                "median": 39.57623
            },
            "MAP": {
                "min": 5.64356,
                "max": 5.77234,
                "mean": 5.712452,
                "std": 0.05077501015263318,
                "variance": 0.0025781016560000028,
                "median": 5.68845
            }
        },
        "subset_baseline": {
            "MRR": {
                "min": 10.86535,
                "max": 16.09517,
                "mean": 12.311392000000001,
                "std": 1.9360860672542428,
                "variance": 3.7484292598160005,
                "median": 11.70366
            },
            "NDCG@3": {
                "min": 1.1794,
                "max": 3.19818,
                "mean": 1.8158400000000001,
                "std": 0.7078713020034079,
                "variance": 0.5010817801999999,
                "median": 1.54822
            },
            "NDCG@5": {
                "min": 3.37611,
                "max": 5.08214,
                "mean": 4.378632,
                "std": 0.597842082071846,
                "variance": 0.3574151550959998,
                "median": 4.44311
            },
            "NDCG@1000": {
                "min": 13.17519,
                "max": 15.03261,
                "mean": 14.367936,
                "std": 0.632082750645831,
                "variance": 0.3995286036639998,
                "median": 14.58309
            },
            "Precision@20": {
                "min": 7.06349,
                "max": 9.36508,
                "mean": 8.031744,
                "std": 0.784712475970658,
                "variance": 0.6157736699440005,
                "median": 7.85714
            },
            "Recall@20": {
                "min": 2.57813,
                "max": 4.21536,
                "mean": 3.3743880000000006,
                "std": 0.5305935032546104,
                "variance": 0.28152946569600024,
                "median": 3.30515
            },
            "Recall@1000": {
                "min": 23.68613,
                "max": 26.87812,
                "mean": 25.913836000000003,
                "std": 1.1576507946112253,
                "variance": 1.3401553622640012,
                "median": 26.36177
            },
            "MAP": {
                "min": 1.98694,
                "max": 2.59743,
                "mean": 2.428824,
                "std": 0.22936567385727102,
                "variance": 0.052608612344000015,
                "median": 2.55623
            }
        },
        "subset_always_ptkb": {
            "MRR": {
                "min": 10.86535,
                "max": 16.09517,
                "mean": 12.311392000000001,
                "std": 1.9360860672542428,
                "variance": 3.7484292598160005,
                "median": 11.70366
            },
            "NDCG@3": {
                "min": 1.1794,
                "max": 3.19818,
                "mean": 1.8158400000000001,
                "std": 0.7078713020034079,
                "variance": 0.5010817801999999,
                "median": 1.54822
            },
            "NDCG@5": {
                "min": 3.37611,
                "max": 5.08214,
                "mean": 4.378632,
                "std": 0.597842082071846,
                "variance": 0.3574151550959998,
                "median": 4.44311
            },
            "NDCG@1000": {
                "min": 13.17519,
                "max": 15.03261,
                "mean": 14.367936,
                "std": 0.632082750645831,
                "variance": 0.3995286036639998,
                "median": 14.58309
            },
            "Precision@20": {
                "min": 7.06349,
                "max": 9.36508,
                "mean": 8.031744,
                "std": 0.784712475970658,
                "variance": 0.6157736699440005,