{
    "ance_batch_automatic_0shot_prompt2": {
        "full_set_baseline": {
            "MRR": {
                "min": 53.37077,
                "max": 57.4692,
                "mean": 55.373523999999996,
                "std": 1.5182713373913113,
                "variance": 2.305147853944001,
                "median": 55.2765
            },
            "NDCG@3": {
                "min": 29.9628,
                "max": 32.93762,
                "mean": 31.553982,
                "std": 1.1892349932355684,
                "variance": 1.4142798691360023,
                "median": 31.06947
            },
            "NDCG@5": {
                "min": 25.72587,
                "max": 27.64245,
                "mean": 26.808065999999997,
                "std": 0.728131299165199,
                "variance": 0.5301751888240005,
                "median": 26.79194
            },
            "NDCG@1000": {
                "min": 26.93819,
                "max": 28.19286,
                "mean": 27.766134,
                "std": 0.436461914975408,
                "variance": 0.1904990032240003,
                "median": 27.85827
            },
            "Precision@20": {
                "min": 17.47159,
                "max": 17.69886,
                "mean": 17.585228,
                "std": 0.08616915907678374,
                "variance": 0.007425123976000062,
                "median": 17.61364
            },
            "Recall@20": {
                "min": 8.61138,
                "max": 9.60462,
                "mean": 9.108163999999999,
                "std": 0.39956779798176945,
                "variance": 0.15965442518400014,
                "median": 8.97204
            },
            "Recall@1000": {
                "min": 38.21713,
                "max": 40.16957,
                "mean": 39.41923799999999,
                "std": 0.7367032433320773,
                "variance": 0.5427316687360018,
                "median": 39.49905
            },
            "MAP": {
                "min": 8.34862,
                "max": 9.03924,
                "mean": 8.850716000000002,
                "std": 0.2557207866873554,
                "variance": 0.06539312074399992,
                "median": 8.95039
            }
        },
        "full_set_always_ptkb": {
            "MRR": {
                "min": 53.37077,
                "max": 57.4692,
                "mean": 55.373523999999996,
                "std": 1.5182713373913113,
                "variance": 2.305147853944001,
                "median": 55.2765
            },
            "NDCG@3": {
                "min": 29.9628,
                "max": 32.93762,
                "mean": 31.553982,
                "std": 1.1892349932355684,
                "variance": 1.4142798691360023,
                "median": 31.06947
            },
            "NDCG@5": {
                "min": 25.72587,
                "max": 27.64245,
                "mean": 26.808065999999997,
                "std": 0.728131299165199,
                "variance": 0.5301751888240005,
                "median": 26.79194
            },
            "NDCG@1000": {
                "min": 26.93819,
                "max": 28.19286,
                "mean": 27.766134,
                "std": 0.436461914975408,
                "variance": 0.1904990032240003,
                "median": 27.85827
            },
            "Precision@20": {
                "min": 17.47159,
                "max": 17.69886,
                "mean": 17.585228,
                "std": 0.08616915907678374,
                "variance": 0.007425123976000062,
                "median": 17.61364
            },
            "Recall@20": {
                "min": 8.61138,
                "max": 9.60462,
                "mean": 9.108163999999999,
                "std": 0.39956779798176945,
                "variance": 0.15965442518400014,
                "median": 8.97204
            },
            "Recall@1000": {
                "min": 38.21713,
                "max": 40.16957,
                "mean": 39.41923799999999,
                "std": 0.7367032433320773,
                "variance": 0.5427316687360018,
                "median": 39.49905
            },
            "MAP": {
                "min": 8.34862,
                "max": 9.03924,
                "mean": 8.850716000000002,
                "std": 0.2557207866873554,
                "variance": 0.06539312074399992,
                "median": 8.95039
            }
        },
        "subset_baseline": {
            "MRR": {
                "min": 42.9075,
                "max": 52.76536,
                "mean": 48.000924,
                "std": 3.315731346768614,
                "variance": 10.994074363944005,
                "median": 48.95355
            },
            "NDCG@3": {
                "min": 22.85744,
                "max": 27.1022,
                "mean": 25.328236,
                "std": 1.5156306332296137,
                "variance": 2.2971362163839997,
                "median": 25.64302
            },
            "NDCG@5": {
                "min": 19.7808,
                "max": 23.24477,
                "mean": 21.506660000000004,
                "std": 1.2525490813377338,
                "variance": 1.5688792011600008,
                "median": 21.4856
            },
            "NDCG@1000": {
                "min": 21.17392,
                "max": 22.86666,
                "mean": 21.834471999999998,
                "std": 0.6018835024288341,
                "variance": 0.36226375049600046,
                "median": 21.84714
            },
            "Precision@20": {
                "min": 13.57143,
                "max": 14.7619,
                "mean": 14.206348,
                "std": 0.47882587145642036,
                "variance": 0.2292742151760004,
                "median": 14.04762
            },
            "Recall@20": {
                "min": 6.08772,
                "max": 7.55879,
                "mean": 6.681824000000001,
                "std": 0.5170103166320765,
                "variance": 0.2672996675040001,
                "median": 6.53981
            },
            "Recall@1000": {
                "min": 29.00708,
                "max": 30.84312,
                "mean": 29.880508,
                "std": 0.7314915400850506,
                "variance": 0.5350798732159991,
                "median": 29.55872
            },
            "MAP": {
                "min": 5.50122,
                "max": 6.36868,
                "mean": 5.879998,
                "std": 0.27971684793018825,
                "variance": 0.07824151501600005,
                "median": 5.84765
            }
        },
        "subset_always_ptkb": {
            "MRR": {
                "min": 42.9075,
                "max": 52.76536,
                "mean": 48.000924,
                "std": 3.315731346768614,
                "variance": 10.994074363944005,
                "median": 48.95355
            },
            "NDCG@3": {
                "min": 22.85744,
                "max": 27.1022,
                "mean": 25.328236,
                "std": 1.5156306332296137,
                "variance": 2.2971362163839997,
                "median": 25.64302
            },
            "NDCG@5": {
                "min": 19.7808,
                "max": 23.24477,
                "mean": 21.506660000000004,
                "std": 1.2525490813377338,
                "variance": 1.5688792011600008,
                "median": 21.4856
            },
            "NDCG@1000": {
                "min": 21.17392,
                "max": 22.86666,
                "mean": 21.834471999999998,
                "std": 0.6018835024288341,
                "variance": 0.36226375049600046,
                "median": 21.84714
            },
            "Precision@20": {
                "min": 13.57143,
                "max": 14.7619,
                "mean": 14.206348,
                "std": 0.47882587145642036,