{
    "ance_batch_LLM_3shot_prompt2": {
        "full_set": {
            "MRR": {
                "min": 34.53304,
                "max": 36.0966,
                "mean": 35.220758000000004,
                "std": 0.5952917962948931,
                "variance": 0.35437232273600056,
                "median": 34.90462
            },
            "NDCG@3": {
                "min": 15.35888,
                "max": 16.61677,
                "mean": 16.037812,
                "std": 0.42855111468295143,
                "variance": 0.1836560578960002,
                "median": 16.10256
            },
            "NDCG@5": {
                "min": 14.67371,
                "max": 16.20562,
                "mean": 15.631124,
                "std": 0.5262032695679495,
                "variance": 0.2768898809040001,
                "median": 15.70862
            },
            "NDCG@1000": {
                "min": 22.88893,
                "max": 23.59859,
                "mean": 23.224244000000002,
                "std": 0.2818777378651965,
                "variance": 0.07945505910400043,
                "median": 23.20031
            },
            "Precision@20": {
                "min": 14.00568,
                "max": 14.85795,
                "mean": 14.573864,
                "std": 0.3278766523923288,
                "variance": 0.10750309918400003,
                "median": 14.77273
            },
            "Recall@20": {
                "min": 7.30028,
                "max": 8.11045,
                "mean": 7.584014000000001,
                "std": 0.2979706674557078,
                "variance": 0.08878651866400002,
                "median": 7.49307
            },
            "Recall@1000": {
                "min": 36.29554,
                "max": 37.62155,
                "mean": 36.89329200000001,
                "std": 0.4832279701093462,
                "variance": 0.23350927109599917,
                "median": 36.67147
            },
            "MAP": {
                "min": 6.49818,
                "max": 7.15564,
                "mean": 6.81568,
                "std": 0.22240870018953854,
                "variance": 0.049465629920000045,
                "median": 6.75234
            }
        },
        "subset": {
            "MRR": {
                "min": 25.9718,
                "max": 31.53506,
                "mean": 27.262796,
                "std": 2.143071997648236,
                "variance": 4.592757587104002,
                "median": 26.35208
            },
            "NDCG@3": {
                "min": 9.76845,
                "max": 13.45547,
                "mean": 10.999820000000001,
                "std": 1.314787740435695,
                "variance": 1.7286668024,
                "median": 10.72996
            },
            "NDCG@5": {
                "min": 9.69853,
                "max": 12.73795,
                "mean": 10.863192,
                "std": 1.0313686897787813,
                "variance": 1.0637213742559999,
                "median": 10.76813
            },
            "NDCG@1000": {
                "min": 16.92814,
                "max": 18.99863,
                "mean": 17.748762,
                "std": 0.7160643471197261,
                "variance": 0.5127481492159996,
                "median": 17.78262
            },
            "Precision@20": {
                "min": 9.44444,
                "max": 11.50794,
                "mean": 10.68254,
                "std": 0.6745591545001816,
                "variance": 0.45503005291999976,
                "median": 10.79365
            },
            "Recall@20": {
                "min": 4.58478,
                "max": 6.43541,
                "mean": 5.521598,
                "std": 0.6313863973637696,
                "variance": 0.39864878277599997,
                "median": 5.44833
            },
            "Recall@1000": {
                "min": 27.3231,
                "max": 29.38856,
                "mean": 28.357158000000005,
                "std": 0.7849024072430906,
                "variance": 0.6160717888959983,
                "median": 28.43853
            },
            "MAP": {
                "min": 4.01271,
                "max": 5.05382,
                "mean": 4.3380719999999995,
                "std": 0.3812482329086916,
                "variance": 0.14535021509599994,
                "median": 4.23454
            }
        },
        "corrected_subset": {
            "MRR": {
                "min": 19.68513,
                "max": 28.6213,
                "mean": 23.657482000000005,
                "std": 3.186861487416107,
                "variance": 10.156086139976,
                "median": 22.48283
            },
            "NDCG@3": {
                "min": 8.02163,
                "max": 11.89931,
                "mean": 9.897720000000001,
                "std": 1.388594102536807,
                "variance": 1.9281935816,
                "median": 9.28965
            },
            "NDCG@5": {
                "min": 7.38588,
                "max": 11.79949,
                "mean": 9.528786,
                "std": 1.5137989235377334,
                "variance": 2.291587180904,
                "median": 9.47147
            },
            "NDCG@1000": {
                "min": 13.4983,
                "max": 16.47327,
                "mean": 14.721042,
                "std": 1.037303760089589,
                "variance": 1.0759990906959995,
                "median": 14.85437
            },
            "Precision@20": {
                "min": 6.55172,
                "max": 9.13793,
                "mean": 8.206896,
                "std": 0.8965527692355874,
                "variance": 0.8038068680240003,
                "median": 8.44828
            },
            "Recall@20": {
                "min": 4.18627,
                "max": 7.99022,
                "mean": 5.930486,
                "std": 1.235030476767274,
                "variance": 1.5253002785439997,
                "median": 5.76122
            },
            "Recall@1000": {
                "min": 21.84569,
                "max": 25.11706,
                "mean": 23.562052,
                "std": 1.0821341434849925,
                "variance": 1.1710143044959984,
                "median": 23.41241
            },
            "MAP": {
                "min": 2.77941,
                "max": 4.77069,
                "mean": 3.695928,
                "std": 0.6514504355175458,
                "variance": 0.42438766993600013,
                "median": 3.52052
            }
        }
    }
}