{
    "bm25_batch_SAR_1shot": {
        "full_set": {
            "MRR": {
                "min": 37.69844,
                "max": 43.52039,
                "mean": 40.723644,
                "std": 2.2135016272377133,
                "variance": 4.899589453784005,
                "median": 40.65679
            },
            "NDCG@3": {
                "min": 16.56569,
                "max": 20.48119,
                "mean": 18.97173,
                "std": 1.594339724638385,
                "variance": 2.541919157560001,
                "median": 19.76854
            },
            "NDCG@5": {
                "min": 16.36438,
                "max": 19.40716,
                "mean": 18.11584,
                "std": 1.046572552802719,
                "variance": 1.09531410828,
                "median": 18.25377
            },
            "NDCG@1000": {
                "min": 25.72135,
                "max": 26.96799,
                "mean": 26.188708000000002,
                "std": 0.47372713704832253,
                "variance": 0.22441740037600014,
                "median": 25.89892
            },
            "Precision@20": {
                "min": 15.59659,
                "max": 16.84659,
                "mean": 16.392044,
                "std": 0.44412715028919314,
                "variance": 0.19724892562399957,
                "median": 16.44886
            },
            "Recall@20": {
                "min": 7.59824,
                "max": 8.30992,
                "mean": 7.8440259999999995,
                "std": 0.25963651612205874,
                "variance": 0.06741112050400007,
                "median": 7.68561
            },
            "Recall@1000": {
                "min": 41.26378,
                "max": 42.31701,
                "mean": 41.791444,
                "std": 0.37801176471639275,
                "variance": 0.14289289426400148,
                "median": 41.67932
            },
            "MAP": {
                "min": 7.50818,
                "max": 8.16331,
                "mean": 7.843208,
                "std": 0.22781813618761745,
                "variance": 0.05190110317599981,
                "median": 7.89264
            }
        },
        "subset": {
            "MRR": {
                "min": 29.05563,
                "max": 41.4202,
                "mean": 33.702188,
                "std": 4.240992438707714,
                "variance": 17.986016865176005,
                "median": 31.74112
            },
            "NDCG@3": {
                "min": 12.04552,
                "max": 18.24825,
                "mean": 14.981572,
                "std": 2.333522976097728,
                "variance": 5.445329479975998,
                "median": 15.78374
            },
            "NDCG@5": {
                "min": 11.78217,
                "max": 16.27656,
                "mean": 14.027660000000001,
                "std": 1.459387845296787,
                "variance": 2.1298128829999987,
                "median": 14.0476
            },
            "NDCG@1000": {
                "min": 17.84125,
                "max": 20.64635,
                "mean": 19.061096,
                "std": 0.9231783236320066,
                "variance": 0.852258217224002,
                "median": 19.02278
            },
            "Precision@20": {
                "min": 10.47619,
                "max": 13.65079,
                "mean": 11.730158,
                "std": 1.0770265572844524,
                "variance": 1.159986205096,
                "median": 11.5873
            },
            "Recall@20": {
                "min": 4.32469,
                "max": 5.83466,
                "mean": 4.77089,
                "std": 0.5500851715143756,
                "variance": 0.30259369592000007,
                "median": 4.64736
            },
            "Recall@1000": {
                "min": 28.42392,
                "max": 32.2499,
                "mean": 30.085729999999995,
                "std": 1.4508774943185239,
                "variance": 2.105045503519998,
                "median": 30.33523
            },
            "MAP": {
                "min": 3.80268,
                "max": 4.82922,
                "mean": 4.0514,
                "std": 0.39282416483714455,
                "variance": 0.1543108244800001,
                "median": 3.85776
            }
        },
        "corrected_subset": {
            "MRR": {
                "min": 22.93935,
                "max": 34.42859,
                "mean": 28.499552,
                "std": 4.483341110557615,
                "variance": 20.10034751361599,
                "median": 27.81755
            },
            "NDCG@3": {
                "min": 7.28371,
                "max": 16.77663,
                "mean": 11.980384,
                "std": 3.315801647623694,
                "variance": 10.994540566384003,
                "median": 12.365
            },
            "NDCG@5": {
                "min": 9.17045,
                "max": 13.83512,
                "mean": 12.050924,
                "std": 1.642270899804292,
                "variance": 2.697053708343999,
                "median": 12.06336
            },
            "NDCG@1000": {
                "min": 15.67109,
                "max": 18.35516,
                "mean": 16.438062000000002,
                "std": 0.9957616252376875,
                "variance": 0.9915412142960008,
                "median": 16.05844
            },
            "Precision@20": {
                "min": 8.44828,
                "max": 10.86207,
                "mean": 9.517242,
                "std": 0.9898405113027042,
                "variance": 0.979784237815999,
                "median": 9.13793
            },
            "Recall@20": {
                "min": 4.60142,
                "max": 6.5333,
                "mean": 5.348906,
                "std": 0.6409566802397801,
                "variance": 0.4108254659439998,
                "median": 5.27247
            },
            "Recall@1000": {
                "min": 23.79968,
                "max": 29.17643,
                "mean": 26.215549999999997,
                "std": 1.9601114085990117,
                "variance": 3.8420367341200015,
                "median": 26.88559
            },
            "MAP": {
                "min": 3.26202,
                "max": 4.18441,
                "mean": 3.56241,
                "std": 0.3328413023649558,
                "variance": 0.11078333255999992,
                "median": 3.53404
            }
        }
    }
}