{
    "ance_batch_SAR_1shot": {
        "full_set": {
            "MRR": {
                "min": 34.34354,
                "max": 39.81153,
                "mean": 36.79501,
                "std": 1.887071859214693,
                "variance": 3.5610402018399974,
                "median": 36.45328
            },
            "NDCG@3": {
                "min": 15.91219,
                "max": 18.51468,
                "mean": 17.213739999999998,
                "std": 0.9609952672308012,
                "variance": 0.923511903639999,
                "median": 16.96558
            },
            "NDCG@5": {
                "min": 15.79028,
                "max": 17.76429,
                "mean": 16.537972,
                "std": 0.6999845099828993,
                "variance": 0.4899783142159997,
                "median": 16.33688
            },
            "NDCG@1000": {
                "min": 23.63259,
                "max": 24.66121,
                "mean": 24.003884,
                "std": 0.348862060511028,
                "variance": 0.12170473726400019,
                "median": 23.90178
            },
            "Precision@20": {
                "min": 14.46023,
                "max": 16.22159,
                "mean": 15.46591,
                "std": 0.5748460717444279,
                "variance": 0.3304480062,
                "median": 15.625
            },
            "Recall@20": {
                "min": 7.36153,
                "max": 8.54124,
                "mean": 7.85055,
                "std": 0.3845510521114199,
                "variance": 0.14787951167999996,
                "median": 7.80462
            },
            "Recall@1000": {
                "min": 37.00016,
                "max": 37.85831,
                "mean": 37.475268,
                "std": 0.3221414821720428,
                "variance": 0.10377513453600058,
                "median": 37.55669
            },
            "MAP": {
                "min": 6.79838,
                "max": 7.43459,
                "mean": 7.016288,
                "std": 0.2238024013633456,
                "variance": 0.05008751485600003,
                "median": 6.99344
            }
        },
        "subset": {
            "MRR": {
                "min": 23.29967,
                "max": 28.34355,
                "mean": 25.827158000000004,
                "std": 1.9968711720729513,
                "variance": 3.9874944778560026,
                "median": 26.01705
            },
            "NDCG@3": {
                "min": 9.55176,
                "max": 12.53599,
                "mean": 10.861134,
                "std": 1.0170000392645027,
                "variance": 1.0342890798639999,
                "median": 10.94361
            },
            "NDCG@5": {
                "min": 9.76924,
                "max": 12.0175,
                "mean": 10.902942,
                "std": 0.8601466421814363,
                "variance": 0.7398522460559999,
                "median": 10.82769
            },
            "NDCG@1000": {
                "min": 17.52979,
                "max": 18.96388,
                "mean": 18.24221,
                "std": 0.4612288053016641,
                "variance": 0.21273201084000037,
                "median": 18.16595
            },
            "Precision@20": {
                "min": 10.71429,
                "max": 12.85714,
                "mean": 11.698412,
                "std": 0.6911579185222431,
                "variance": 0.4776992683359996,
                "median": 11.74603
            },
            "Recall@20": {
                "min": 5.36152,
                "max": 6.81405,
                "mean": 5.999172,
                "std": 0.48554060886397554,
                "variance": 0.2357496828560001,
                "median": 6.04526
            },
            "Recall@1000": {
                "min": 27.98098,
                "max": 30.85268,
                "mean": 29.175258000000003,
                "std": 0.940621198834047,
                "variance": 0.8847682396959998,
                "median": 28.9784
            },
            "MAP": {
                "min": 4.05085,
                "max": 4.85589,
                "mean": 4.428284,
                "std": 0.2639567740824243,
                "variance": 0.06967317858399998,
                "median": 4.42508
            }
        },
        "corrected_subset": {
            "MRR": {
                "min": 16.5366,
                "max": 24.68108,
                "mean": 19.975488,
                "std": 2.8064891752037826,
                "variance": 7.876381490536007,
                "median": 18.90789
            },
            "NDCG@3": {
                "min": 4.61859,
                "max": 8.28933,
                "mean": 6.79289,
                "std": 1.3368588731350814,
                "variance": 1.7871916466799997,
                "median": 6.8409
            },
            "NDCG@5": {
                "min": 5.41918,
                "max": 8.45424,
                "mean": 6.958588000000001,
                "std": 0.9813088123399283,
                "variance": 0.9629669851760007,
                "median": 6.92862
            },
            "NDCG@1000": {
                "min": 13.41459,
                "max": 16.17671,
                "mean": 14.846487999999999,
                "std": 0.9528420291821723,
                "variance": 0.9079079325759997,
                "median": 15.17783
            },
            "Precision@20": {
                "min": 7.24138,
                "max": 10.34483,
                "mean": 8.655172,
                "std": 1.0017826821302112,
                "variance": 1.003568542216,
                "median": 8.62069
            },
            "Recall@20": {
                "min": 4.8833,
                "max": 6.89765,
                "mean": 6.112768,
                "std": 0.7899129845343726,
                "variance": 0.623962523136,
                "median": 6.46487
            },
            "Recall@1000": {
                "min": 23.19322,
                "max": 27.77176,
                "mean": 24.918366,
                "std": 1.6626264716477963,
                "variance": 2.7643267842240005,
                "median": 24.50868
            },
            "MAP": {
                "min": 2.91832,
                "max": 3.85555,
                "mean": 3.378568,
                "std": 0.3771845106257679,
                "variance": 0.14226815505600002,
                "median": 3.37993
            }
        }
    }
}