{
    "ance_batch_None_0shot_prompt2": {
        "full_set": {
            "MRR": {
                "min": 33.78042,
                "max": 38.33189,
                "mean": 36.398076,
                "std": 1.53396771995502,
                "variance": 2.3530569658640026,
                "median": 36.47227
            },
            "NDCG@3": {
                "min": 15.85286,
                "max": 18.25631,
                "mean": 16.881046,
                "std": 0.8020312261402293,
                "variance": 0.6432540877039995,
                "median": 16.63501
            },
            "NDCG@5": {
                "min": 15.09163,
                "max": 17.29181,
                "mean": 16.254654000000002,
                "std": 0.8177006162551183,
                "variance": 0.6686342978240001,
                "median": 16.42589
            },
            "NDCG@1000": {
                "min": 23.53056,
                "max": 23.86412,
                "mean": 23.674827999999998,
                "std": 0.12045074568469855,
                "variance": 0.014508382135999925,
                "median": 23.67223
            },
            "Precision@20": {
                "min": 14.80114,
                "max": 15.625,
                "mean": 15.221591999999998,
                "std": 0.2685508478035397,
                "variance": 0.07211955785599995,
                "median": 15.25568
            },
            "Recall@20": {
                "min": 7.19493,
                "max": 7.72523,
                "mean": 7.472086,
                "std": 0.20411679035297403,
                "variance": 0.04166366410399995,
                "median": 7.44881
            },
            "Recall@1000": {
                "min": 35.85675,
                "max": 37.71528,
                "mean": 36.974528,
                "std": 0.6618990989388045,
                "variance": 0.4381104171760013,
                "median": 37.32222
            },
            "MAP": {
                "min": 6.90125,
                "max": 7.08168,
                "mean": 6.993412000000001,
                "std": 0.07305883366164578,
                "variance": 0.005337593176000028,
                "median": 6.97142
            }
        },
        "subset": {
            "MRR": {
                "min": 22.355,
                "max": 26.08955,
                "mean": 24.77912,
                "std": 1.3115164263401349,
                "variance": 1.7200753365599986,
                "median": 24.89693
            },
            "NDCG@3": {
                "min": 9.35126,
                "max": 11.01749,
                "mean": 10.044248,
                "std": 0.5407292448314592,
                "variance": 0.29238811621600014,
                "median": 9.96532
            },
            "NDCG@5": {
                "min": 8.85628,
                "max": 11.32549,
                "mean": 10.130790000000001,
                "std": 0.8523503827886746,
                "variance": 0.72650117504,
                "median": 10.44582
            },
            "NDCG@1000": {
                "min": 16.74093,
                "max": 17.38383,
                "mean": 17.169762,
                "std": 0.22770841305494233,
                "variance": 0.05185112137600023,
                "median": 17.23343
            },
            "Precision@20": {
                "min": 9.44444,
                "max": 11.90476,
                "mean": 11.015872000000002,
                "std": 0.9355674524351516,
                "variance": 0.8752864580559997,
                "median": 11.42857
            },
            "Recall@20": {
                "min": 4.36581,
                "max": 4.91023,
                "mean": 4.711088000000001,
                "std": 0.20494324593896737,
                "variance": 0.04200173405600007,
                "median": 4.8184
            },
            "Recall@1000": {
                "min": 25.61361,
                "max": 28.30431,
                "mean": 26.546432000000003,
                "std": 1.0000263250214962,
                "variance": 1.0000526507359992,
                "median": 26.09372
            },
            "MAP": {
                "min": 3.70941,
                "max": 4.22154,
                "mean": 3.9940320000000007,
                "std": 0.1637909729380713,
                "variance": 0.026827482816000003,
                "median": 4.01055
            }
        },
        "corrected_subset": {
            "MRR": {
                "min": 16.93771,
                "max": 25.61056,
                "mean": 21.67469,
                "std": 3.3509057278353858,
                "variance": 11.228569196839997,
                "median": 22.21647
            },
            "NDCG@3": {
                "min": 6.25083,
                "max": 9.79609,
                "mean": 8.230624,
                "std": 1.3859163083332269,
                "variance": 1.9207640137040003,
                "median": 8.00348
            },
            "NDCG@5": {
                "min": 7.08529,
                "max": 10.33616,
                "mean": 8.508099999999999,
                "std": 1.1066124090213338,
                "variance": 1.2245910238,
                "median": 8.1781
            },
            "NDCG@1000": {
                "min": 13.99816,
                "max": 16.35518,
                "mean": 15.47062,
                "std": 0.7837149396304757,
                "variance": 0.6142091066,
                "median": 15.68637
            },
            "Precision@20": {
                "min": 8.44828,
                "max": 11.03448,
                "mean": 9.931036,
                "std": 0.848862368033829,
                "variance": 0.7205673198639998,
                "median": 10.0
            },
            "Recall@20": {
                "min": 4.42587,
                "max": 5.05968,
                "mean": 4.79859,
                "std": 0.2220630183528992,
                "variance": 0.049311984120000055,
                "median": 4.83493
            },
            "Recall@1000": {
                "min": 21.41337,
                "max": 26.35729,
                "mean": 23.358526,
                "std": 1.6531110599424341,
                "variance": 2.732776176503998,
                "median": 22.75
            },
            "MAP": {
                "min": 3.05848,
                "max": 4.16045,
                "mean": 3.6950579999999995,
                "std": 0.37131862002328947,
                "variance": 0.13787751757600003,
                "median": 3.72433
            }
        }
    }
}