{
    "bm25_batch_LLM_0shot_prompt2": {
        "full_set": {
            "MRR": {
                "min": 36.15727,
                "max": 42.14186,
                "mean": 39.00683,
                "std": 1.9928752422266691,
                "variance": 3.9715517310800053,
                "median": 38.47563
            },
            "NDCG@3": {
                "min": 16.18978,
                "max": 19.72244,
                "mean": 17.951248,
                "std": 1.2371567505275958,
                "variance": 1.530556825376,
                "median": 17.65932
            },
            "NDCG@5": {
                "min": 15.77524,
                "max": 18.96864,
                "mean": 17.114328,
                "std": 1.041647395108345,
                "variance": 1.0850292957360004,
                "median": 16.87107
            },
            "NDCG@1000": {
                "min": 24.69663,
                "max": 25.72715,
                "mean": 25.245160000000002,
                "std": 0.40602428099807125,
                "variance": 0.16485571676000071,
                "median": 25.30388
            },
            "Precision@20": {
                "min": 14.91477,
                "max": 16.13636,
                "mean": 15.642045999999999,
                "std": 0.4575901008806898,
                "variance": 0.20938870042399987,
                "median": 15.76705
            },
            "Recall@20": {
                "min": 7.03972,
                "max": 8.07245,
                "mean": 7.557024000000001,
                "std": 0.4111833000791739,
                "variance": 0.169071706264,
                "median": 7.74225
            },
            "Recall@1000": {
                "min": 40.59096,
                "max": 41.4066,
                "mean": 40.932234,
                "std": 0.30309581228383736,
                "variance": 0.09186707142399918,
                "median": 40.77976
            },
            "MAP": {
                "min": 7.19112,
                "max": 7.84924,
                "mean": 7.553293999999999,
                "std": 0.24955680985298717,
                "variance": 0.062278601344,
                "median": 7.68168
            }
        },
        "subset": {
            "MRR": {
                "min": 29.04109,
                "max": 31.50167,
                "mean": 29.953938,
                "std": 0.844074588064349,
                "variance": 0.7124619102160005,
                "median": 29.85051
            },
            "NDCG@3": {
                "min": 11.86521,
                "max": 13.86654,
                "mean": 12.887936000000002,
                "std": 0.8167701355607959,
                "variance": 0.6671134543440009,
                "median": 13.33676
            },
            "NDCG@5": {
                "min": 11.68832,
                "max": 12.75701,
                "mean": 12.351057999999998,
                "std": 0.39013662742172783,
                "variance": 0.15220658805600007,
                "median": 12.32236
            },
            "NDCG@1000": {
                "min": 17.87286,
                "max": 18.58339,
                "mean": 18.324108000000003,
                "std": 0.2479559745922656,
                "variance": 0.06148216533600026,
                "median": 18.35586
            },
            "Precision@20": {
                "min": 10.71429,
                "max": 11.66667,
                "mean": 11.111112,
                "std": 0.37225527318763413,
                "variance": 0.1385739884160001,
                "median": 10.95238
            },
            "Recall@20": {
                "min": 4.19325,
                "max": 5.49816,
                "mean": 4.7245099999999995,
                "std": 0.47440434702898765,
                "variance": 0.22505948448000015,
                "median": 4.56054
            },
            "Recall@1000": {
                "min": 29.51101,
                "max": 30.97381,
                "mean": 30.263984,
                "std": 0.5358081056348437,
                "variance": 0.2870903260639998,
                "median": 30.04089
            },
            "MAP": {
                "min": 3.58373,
                "max": 4.06127,
                "mean": 3.795194,
                "std": 0.15494508609181526,
                "variance": 0.02400797970400004,
                "median": 3.77197
            }
        },
        "corrected_subset": {
            "MRR": {
                "min": 21.21251,
                "max": 28.65257,
                "mean": 24.787632000000002,
                "std": 2.862944904118135,
                "variance": 8.196453524015999,
                "median": 23.51769
            },
            "NDCG@3": {
                "min": 9.76329,
                "max": 14.53825,
                "mean": 11.816694,
                "std": 2.071229845329581,
                "variance": 4.289993072184001,
                "median": 10.4938
            },
            "NDCG@5": {
                "min": 10.05539,
                "max": 13.37866,
                "mean": 11.316224,
                "std": 1.2457403100261308,
                "variance": 1.5518689200240008,
                "median": 10.91284
            },
            "NDCG@1000": {
                "min": 14.75665,
                "max": 16.47514,
                "mean": 15.512108000000001,
                "std": 0.6229471056967838,
                "variance": 0.3880630964959999,
                "median": 15.49211
            },
            "Precision@20": {
                "min": 8.27586,
                "max": 10.17241,
                "mean": 9.068964000000001,
                "std": 0.7908521149899013,
                "variance": 0.6254470677839999,
                "median": 8.7931
            },
            "Recall@20": {
                "min": 4.62697,
                "max": 5.84548,
                "mean": 5.229062000000001,
                "std": 0.4528632633544038,
                "variance": 0.2050851352960001,
                "median": 5.01126
            },
            "Recall@1000": {
                "min": 24.76864,
                "max": 26.9583,
                "mean": 25.980222000000005,
                "std": 0.8585055561940176,
                "variance": 0.7370317900159995,
                "median": 26.1971
            },
            "MAP": {
                "min": 3.02418,
                "max": 3.59894,
                "mean": 3.334338,
                "std": 0.19370684514492512,
                "variance": 0.037522341856,
                "median": 3.34218
            }
        }
    }
}