{
    "ance_batch_LLM_0shot_prompt1": {
        "full_set": {
            "MRR": {
                "min": 34.78547,
                "max": 39.35454,
                "mean": 37.332308,
                "std": 1.7677382161326949,
                "variance": 3.1248984007760026,
                "median": 37.49754
            },
            "NDCG@3": {
                "min": 16.81836,
                "max": 19.10409,
                "mean": 17.989808,
                "std": 0.7907305636536384,
                "variance": 0.6252548242960007,
                "median": 18.15891
            },
            "NDCG@5": {
                "min": 16.16633,
                "max": 17.86159,
                "mean": 17.017985999999997,
                "std": 0.700909361061757,
                "variance": 0.4912739324240006,
                "median": 17.33656
            },
            "NDCG@1000": {
                "min": 24.89894,
                "max": 25.94937,
                "mean": 25.304824000000004,
                "std": 0.36150433300860946,
                "variance": 0.1306853827839996,
                "median": 25.21971
            },
            "Precision@20": {
                "min": 14.74432,
                "max": 15.39773,
                "mean": 15.096592000000001,
                "std": 0.2234044575562446,
                "variance": 0.0499095516559999,
                "median": 15.08523
            },
            "Recall@20": {
                "min": 7.07201,
                "max": 7.62795,
                "mean": 7.37436,
                "std": 0.20980301313374902,
                "variance": 0.04401730432000006,
                "median": 7.46835
            },
            "Recall@1000": {
                "min": 39.74886,
                "max": 41.10975,
                "mean": 40.572814,
                "std": 0.5071475107145839,
                "variance": 0.257198597623999,
                "median": 40.82557
            },
            "MAP": {
                "min": 7.10987,
                "max": 7.60318,
                "mean": 7.2548259999999996,
                "std": 0.18370764432652226,
                "variance": 0.03374849858400001,
                "median": 7.15541
            }
        },
        "subset": {
            "MRR": {
                "min": 22.82502,
                "max": 30.53848,
                "mean": 25.691179999999996,
                "std": 3.054694200420068,
                "variance": 9.33115665808,
                "median": 23.57842
            },
            "NDCG@3": {
                "min": 9.56889,
                "max": 12.4611,
                "mean": 10.705547999999999,
                "std": 1.2446502746297852,
                "variance": 1.5491543061359996,
                "median": 9.90596
            },
            "NDCG@5": {
                "min": 9.10571,
                "max": 11.83759,
                "mean": 10.327608000000001,
                "std": 0.9697957334903057,
                "variance": 0.940503764696,
                "median": 9.98486
            },
            "NDCG@1000": {
                "min": 18.24069,
                "max": 19.57064,
                "mean": 18.863977999999996,
                "std": 0.550823067214873,
                "variance": 0.30340605137600046,
                "median": 18.5791
            },
            "Precision@20": {
                "min": 10.07937,
                "max": 11.03175,
                "mean": 10.555558,
                "std": 0.3513629295984424,
                "variance": 0.12345590829599998,
                "median": 10.63492
            },
            "Recall@20": {
                "min": 4.34495,
                "max": 5.3729,
                "mean": 4.909482,
                "std": 0.3694493560097242,
                "variance": 0.1364928266559999,
                "median": 4.83626
            },
            "Recall@1000": {
                "min": 29.57763,
                "max": 32.48571,
                "mean": 31.316325999999997,
                "std": 0.9809401614695972,
                "variance": 0.9622436003839994,
                "median": 31.32959
            },
            "MAP": {
                "min": 3.82554,
                "max": 4.54796,
                "mean": 4.087388,
                "std": 0.26356841536117326,
                "variance": 0.06946830957599995,
                "median": 4.08923
            }
        },
        "corrected_subset": {
            "MRR": {
                "min": 10.78745,
                "max": 22.12795,
                "mean": 16.621236,
                "std": 3.606913117631751,
                "variance": 13.009822238143997,
                "median": 16.79469
            },
            "NDCG@3": {
                "min": 2.25482,
                "max": 10.19293,
                "mean": 5.7846340000000005,
                "std": 2.676065006800844,
                "variance": 7.161323920624001,
                "median": 4.87852
            },
            "NDCG@5": {
                "min": 3.25823,
                "max": 10.40763,
                "mean": 5.796342000000001,
                "std": 2.5500863242596314,
                "variance": 6.502940261175999,
                "median": 5.06898
            },
            "NDCG@1000": {
                "min": 12.97964,
                "max": 15.74599,
                "mean": 13.992197999999998,
                "std": 1.026170954089035,
                "variance": 1.0530268270160004,
                "median": 13.34497
            },
            "Precision@20": {
                "min": 6.55172,
                "max": 8.62069,
                "mean": 7.034482,
                "std": 0.7968435769308803,
                "variance": 0.6349596860959996,
                "median": 6.72414
            },
            "Recall@20": {
                "min": 3.70602,
                "max": 5.67789,
                "mean": 4.260146,
                "std": 0.7330574323912143,
                "variance": 0.5373731991839998,
                "median": 3.98928
            },
            "Recall@1000": {
                "min": 23.07196,
                "max": 25.77129,
                "mean": 24.629906,
                "std": 0.9738859372965601,
                "variance": 0.9484538188639995,
                "median": 24.76216
            },
            "MAP": {
                "min": 2.18881,
                "max": 3.30545,
                "mean": 2.528736,
                "std": 0.4216416220251506,
                "variance": 0.17778165742399996,
                "median": 2.28399
            }
        }
    }
}