{
    "ance_batch_All_0shot_prompt1": {
        "full_set": {
            "MRR": {
                "min": 37.40933,
                "max": 39.93807,
                "mean": 38.939734,
                "std": 0.8706588543074735,
                "variance": 0.7580468405840023,
                "median": 39.16833
            },
            "NDCG@3": {
                "min": 17.0479,
                "max": 21.11746,
                "mean": 18.904244,
                "std": 1.3562267497966563,
                "variance": 1.839350996864002,
                "median": 19.15058
            },
            "NDCG@5": {
                "min": 16.04854,
                "max": 19.87867,
                "mean": 18.096286,
                "std": 1.2435944472471723,
                "variance": 1.546527149224,
                "median": 18.12181
            },
            "NDCG@1000": {
                "min": 25.19188,
                "max": 26.53998,
                "mean": 25.978564,
                "std": 0.4706449374464782,
                "variance": 0.22150665714399934,
                "median": 25.98482
            },
            "Precision@20": {
                "min": 15.59659,
                "max": 16.67614,
                "mean": 15.982955999999998,
                "std": 0.3881159354419759,
                "variance": 0.15063397934400002,
                "median": 15.90909
            },
            "Recall@20": {
                "min": 7.55679,
                "max": 8.23208,
                "mean": 7.876465999999999,
                "std": 0.250569486298711,
                "variance": 0.06278506746399994,
                "median": 7.95685
            },
            "Recall@1000": {
                "min": 39.92986,
                "max": 40.99455,
                "mean": 40.429866,
                "std": 0.3884547461210896,
                "variance": 0.15089708978400015,
                "median": 40.42099
            },
            "MAP": {
                "min": 7.25859,
                "max": 8.04354,
                "mean": 7.717996000000001,
                "std": 0.2655163017669537,
                "variance": 0.07049890650400001,
                "median": 7.74933
            }
        },
        "subset": {
            "MRR": {
                "min": 24.61779,
                "max": 28.06766,
                "mean": 26.610433999999998,
                "std": 1.2860875139833996,
                "variance": 1.6540210936240012,
                "median": 27.21586
            },
            "NDCG@3": {
                "min": 9.2497,
                "max": 13.58767,
                "mean": 11.649866,
                "std": 1.430057066534059,
                "variance": 2.0450632135439983,
                "median": 11.79035
            },
            "NDCG@5": {
                "min": 9.36275,
                "max": 11.93905,
                "mean": 11.105452,
                "std": 1.0027060765029796,
                "variance": 1.0054194758559993,
                "median": 11.78641
            },
            "NDCG@1000": {
                "min": 19.05493,
                "max": 19.99959,
                "mean": 19.539492,
                "std": 0.388682584966191,
                "variance": 0.15107415185600032,
                "median": 19.76267
            },
            "Precision@20": {
                "min": 9.68254,
                "max": 12.06349,
                "mean": 11.238096000000002,
                "std": 0.9126630623970712,
                "variance": 0.8329538654640002,
                "median": 11.8254
            },
            "Recall@20": {
                "min": 5.05462,
                "max": 5.68705,
                "mean": 5.490242,
                "std": 0.23307356207000407,
                "variance": 0.054323285336000046,
                "median": 5.62281
            },
            "Recall@1000": {
                "min": 29.7197,
                "max": 32.84677,
                "mean": 31.009832,
                "std": 1.0288375097244462,
                "variance": 1.058506621416,
                "median": 30.81892
            },
            "MAP": {
                "min": 4.38515,
                "max": 4.98272,
                "mean": 4.703804,
                "std": 0.1947216670635292,
                "variance": 0.03791652762399991,
                "median": 4.74062
            }
        },
        "corrected_subset": {
            "MRR": {
                "min": 14.30387,
                "max": 26.0577,
                "mean": 20.041059999999998,
                "std": 3.920330948208327,
                "variance": 15.368994743479998,
                "median": 20.38291
            },
            "NDCG@3": {
                "min": 6.24199,
                "max": 11.11934,
                "mean": 8.073564000000001,
                "std": 1.743427162007062,
                "variance": 3.039538269223999,
                "median": 7.52337
            },
            "NDCG@5": {
                "min": 6.16564,
                "max": 9.63265,
                "mean": 7.878977999999999,
                "std": 1.1319662592038686,
                "variance": 1.281347611976,
                "median": 7.90871
            },
            "NDCG@1000": {
                "min": 15.05708,
                "max": 16.79008,
                "mean": 15.897306,
                "std": 0.6115940752361817,
                "variance": 0.37404731286400034,
                "median": 15.90331
            },
            "Precision@20": {
                "min": 5.34483,
                "max": 9.31034,
                "mean": 7.8965499999999995,
                "std": 1.5513386494379622,
                "variance": 2.4066516052400004,
                "median": 8.62069
            },
            "Recall@20": {
                "min": 4.10515,
                "max": 6.05429,
                "mean": 5.174916,
                "std": 0.632218655675392,
                "variance": 0.39970042858399996,
                "median": 5.17876
            },
            "Recall@1000": {
                "min": 25.0737,
                "max": 27.2712,
                "mean": 26.416912000000004,
                "std": 0.9091644274475327,
                "variance": 0.826579956136,
                "median": 26.93601
            },
            "MAP": {
                "min": 3.12635,
                "max": 3.77635,
                "mean": 3.5115120000000006,
                "std": 0.2129036425616058,
                "variance": 0.045327961016,
                "median": 3.56288
            }
        }
    }
}