{
    "bm25_batch_human_0shot_prompt2": {
        "full_set": {
            "MRR": {
                "min": 39.80962,
                "max": 41.78367,
                "mean": 40.989036000000006,
                "std": 0.7578945338396358,
                "variance": 0.5744041244239988,
                "median": 41.47649
            },
            "NDCG@3": {
                "min": 17.32836,
                "max": 19.24623,
                "mean": 18.292790000000004,
                "std": 0.6363364881570128,
                "variance": 0.4049241261600002,
                "median": 18.45156
            },
            "NDCG@5": {
                "min": 16.34351,
                "max": 18.50927,
                "mean": 17.659944000000003,
                "std": 0.7734172471208547,
                "variance": 0.5981742381440013,
                "median": 18.07657
            },
            "NDCG@1000": {
                "min": 24.74057,
                "max": 26.05163,
                "mean": 25.338196,
                "std": 0.4596974891208343,
                "variance": 0.21132178150399955,
                "median": 25.33836
            },
            "Precision@20": {
                "min": 15.14205,
                "max": 16.33523,
                "mean": 15.784092000000001,
                "std": 0.49844801905113434,
                "variance": 0.24845042769599995,
                "median": 16.05114
            },
            "Recall@20": {
                "min": 7.07801,
                "max": 7.98535,
                "mean": 7.58075,
                "std": 0.3070255772407245,
                "variance": 0.09426470508000008,
                "median": 7.69255
            },
            "Recall@1000": {
                "min": 40.6319,
                "max": 41.68741,
                "mean": 41.007326,
                "std": 0.36042439421326544,
                "variance": 0.12990574394399937,
                "median": 40.88705
            },
            "MAP": {
                "min": 7.12763,
                "max": 7.75031,
                "mean": 7.493114,
                "std": 0.24835373712509337,
                "variance": 0.061679578743999985,
                "median": 7.64787
            }
        },
        "subset": {
            "MRR": {
                "min": 27.56954,
                "max": 35.65592,
                "mean": 30.898320000000002,
                "std": 2.9850158465040018,
                "variance": 8.910319603880003,
                "median": 30.60793
            },
            "NDCG@3": {
                "min": 10.8739,
                "max": 15.32764,
                "mean": 13.094476,
                "std": 1.457982382755018,
                "variance": 2.125712628424,
                "median": 12.97017
            },
            "NDCG@5": {
                "min": 10.91042,
                "max": 15.08754,
                "mean": 12.686688,
                "std": 1.4595786087963885,
                "variance": 2.130369715256001,
                "median": 12.61261
            },
            "NDCG@1000": {
                "min": 17.54341,
                "max": 19.54313,
                "mean": 18.460926,
                "std": 0.6896680314064151,
                "variance": 0.47564199354399994,
                "median": 18.57076
            },
            "Precision@20": {
                "min": 10.47619,
                "max": 12.38095,
                "mean": 11.444444,
                "std": 0.7070173041616449,
                "variance": 0.4998734683839999,
                "median": 11.66667
            },
            "Recall@20": {
                "min": 4.232,
                "max": 5.45779,
                "mean": 4.77548,
                "std": 0.4538492018280963,
                "variance": 0.20597909800000008,
                "median": 4.76463
            },
            "Recall@1000": {
                "min": 28.55808,
                "max": 31.16542,
                "mean": 30.180418000000003,
                "std": 0.9735018531137991,
                "variance": 0.9477058580160008,
                "median": 30.63147
            },
            "MAP": {
                "min": 3.31935,
                "max": 4.01269,
                "mean": 3.6911500000000004,
                "std": 0.23204457270102227,
                "variance": 0.05384468372000001,
                "median": 3.6932
            }
        },
        "corrected_subset": {
            "MRR": {
                "min": 21.23954,
                "max": 32.8044,
                "mean": 25.899245999999998,
                "std": 3.895084513232544,
                "variance": 15.171683365224002,
                "median": 25.76255
            },
            "NDCG@3": {
                "min": 7.46621,
                "max": 13.36569,
                "mean": 11.195972000000001,
                "std": 2.0117932118426087,
                "variance": 4.047311927216,
                "median": 11.40973
            },
            "NDCG@5": {
                "min": 7.15197,
                "max": 12.69153,
                "mean": 10.491060000000001,
                "std": 1.8917782364537339,
                "variance": 3.578824895919999,
                "median": 10.79433
            },
            "NDCG@1000": {
                "min": 15.36583,
                "max": 16.70361,
                "mean": 15.880258000000001,
                "std": 0.45635494915252117,
                "variance": 0.2082598396160002,
                "median": 15.83423
            },
            "Precision@20": {
                "min": 8.44828,
                "max": 9.48276,
                "mean": 8.827586,
                "std": 0.35165623416057923,
                "variance": 0.12366210702400013,
                "median": 8.7931
            },
            "Recall@20": {
                "min": 4.81523,
                "max": 6.24279,
                "mean": 5.235843999999999,
                "std": 0.516950120905296,
                "variance": 0.26723742750400015,
                "median": 5.01739
            },
            "Recall@1000": {
                "min": 25.56543,
                "max": 28.04431,
                "mean": 26.589241999999995,
                "std": 0.8590185595061378,
                "variance": 0.737912885576,
                "median": 26.59413
            },
            "MAP": {
                "min": 2.78996,
                "max": 3.30374,
                "mean": 3.050138,
                "std": 0.20850932932605187,
                "variance": 0.04347614041599995,
                "median": 3.10432
            }
        }
    }
}