{
    "bm25_batch_LLM_5shot_prompt1": {
        "full_set": {
            "MRR": {
                "min": 43.05849,
                "max": 43.97697,
                "mean": 43.58789399999999,
                "std": 0.37379988788655416,
                "variance": 0.13972635618400045,
                "median": 43.73956
            },
            "NDCG@3": {
                "min": 19.17381,
                "max": 21.00112,
                "mean": 19.922078,
                "std": 0.6425586847098094,
                "variance": 0.41288166329600023,
                "median": 19.90292
            },
            "NDCG@5": {
                "min": 18.44144,
                "max": 20.21745,
                "mean": 19.449992,
                "std": 0.6596215438385858,
                "variance": 0.4351005810959994,
                "median": 19.64331
            },
            "NDCG@1000": {
                "min": 28.86769,
                "max": 29.87964,
                "mean": 29.205503999999998,
                "std": 0.36911326297492963,
                "variance": 0.13624460090399956,
                "median": 29.15224
            },
            "Precision@20": {
                "min": 17.32955,
                "max": 18.52273,
                "mean": 18.142048,
                "std": 0.4196848926230246,
                "variance": 0.17613540909599967,
                "median": 18.23864
            },
            "Recall@20": {
                "min": 8.5645,
                "max": 9.80723,
                "mean": 9.144512,
                "std": 0.40345639146752893,
                "variance": 0.16277705981599996,
                "median": 9.08238
            },
            "Recall@1000": {
                "min": 45.97896,
                "max": 48.1731,
                "mean": 46.929885999999996,
                "std": 0.7071995412498503,
                "variance": 0.5001311911439987,
                "median": 46.77571
            },
            "MAP": {
                "min": 8.84631,
                "max": 9.44519,
                "mean": 9.133557999999999,
                "std": 0.24844254767651988,
                "variance": 0.06172369949599985,
                "median": 9.05455
            }
        },
        "subset": {
            "MRR": {
                "min": 29.73613,
                "max": 38.56115,
                "mean": 33.421662000000005,
                "std": 3.121915987552515,
                "variance": 9.746359433335993,
                "median": 32.0414
            },
            "NDCG@3": {
                "min": 12.15649,
                "max": 17.18755,
                "mean": 14.246438000000001,
                "std": 1.7690171068861946,
                "variance": 3.129421524456002,
                "median": 13.68962
            },
            "NDCG@5": {
                "min": 11.16118,
                "max": 16.39301,
                "mean": 13.813602,
                "std": 1.7439273517024727,
                "variance": 3.041282608016,
                "median": 13.93404
            },
            "NDCG@1000": {
                "min": 20.73365,
                "max": 22.36468,
                "mean": 21.684276,
                "std": 0.6470834394604764,
                "variance": 0.4187169776240001,
                "median": 22.04798
            },
            "Precision@20": {
                "min": 11.90476,
                "max": 13.49206,
                "mean": 12.634917999999999,
                "std": 0.5274041623043946,
                "variance": 0.27815515041600014,
                "median": 12.53968
            },
            "Recall@20": {
                "min": 4.56088,
                "max": 5.75402,
                "mean": 5.23531,
                "std": 0.3917848581045469,
                "variance": 0.15349537503999994,
                "median": 5.29213
            },
            "Recall@1000": {
                "min": 33.27464,
                "max": 36.45673,
                "mean": 35.147832,
                "std": 1.036535079954365,
                "variance": 1.0744049719760018,
                "median": 35.32168
            },
            "MAP": {
                "min": 4.2776,
                "max": 5.04314,
                "mean": 4.82945,
                "std": 0.2881646829158634,
                "variance": 0.0830388844800001,
                "median": 4.99618
            }
        },
        "corrected_subset": {
            "MRR": {
                "min": 20.17901,
                "max": 31.70639,
                "mean": 27.353688,
                "std": 4.1199444672199155,
                "variance": 16.973942412975994,
                "median": 29.38328
            },
            "NDCG@3": {
                "min": 7.85797,
                "max": 13.44252,
                "mean": 11.522132000000001,
                "std": 2.0873471315083174,
                "variance": 4.357018047416,
                "median": 12.30677
            },
            "NDCG@5": {
                "min": 8.70483,
                "max": 13.87561,
                "mean": 11.326654,
                "std": 1.8979572097874076,
                "variance": 3.602241570184001,
                "median": 12.08125
            },
            "NDCG@1000": {
                "min": 15.34816,
                "max": 17.24733,
                "mean": 16.546388,
                "std": 0.6346093342332749,
                "variance": 0.40272900709600046,
                "median": 16.7096
            },
            "Precision@20": {
                "min": 8.44828,
                "max": 9.82759,
                "mean": 9.068966,
                "std": 0.5623966635249539,
                "variance": 0.31629000714400013,
                "median": 8.7931
            },
            "Recall@20": {
                "min": 4.26336,
                "max": 5.45699,
                "mean": 4.73842,
                "std": 0.43934870615491756,
                "variance": 0.1930272856000001,
                "median": 4.69875
            },
            "Recall@1000": {
                "min": 25.82905,
                "max": 27.3989,
                "mean": 26.681158,
                "std": 0.514001307679271,
                "variance": 0.26419734429600056,
                "median": 26.68019
            },
            "MAP": {
                "min": 3.02617,
                "max": 3.81413,
                "mean": 3.369664,
                "std": 0.3299362954632303,
                "variance": 0.108857959064,
                "median": 3.20034
            }
        }
    }
}