{
    "ance_batch_SAR_0shot": {
        "full_set": {
            "MRR": {
                "min": 57.95859,
                "max": 62.24187,
                "mean": 59.60088399999999,
                "std": 1.7220922882191878,
                "variance": 2.965601849143998,
                "median": 58.7723
            },
            "NDCG@3": {
                "min": 27.93926,
                "max": 33.89345,
                "mean": 29.929564,
                "std": 2.1559974413769605,
                "variance": 4.648324967224,
                "median": 29.75724
            },
            "NDCG@5": {
                "min": 27.52746,
                "max": 31.95179,
                "mean": 29.2626,
                "std": 1.5449922205758826,
                "variance": 2.387000961639997,
                "median": 29.2768
            },
            "NDCG@1000": {
                "min": 38.56034,
                "max": 39.78101,
                "mean": 39.134844,
                "std": 0.47325333210026194,
                "variance": 0.2239687163440008,
                "median": 38.91416
            },
            "Precision@20": {
                "min": 29.61207,
                "max": 32.80172,
                "mean": 31.465516,
                "std": 1.0416404131484156,
                "variance": 1.085014750304002,
                "median": 31.68103
            },
            "Recall@20": {
                "min": 8.96507,
                "max": 10.11049,
                "mean": 9.581348,
                "std": 0.3822868536792757,
                "variance": 0.14614323849599992,
                "median": 9.54377
            },
            "Recall@1000": {
                "min": 54.61782,
                "max": 56.09544,
                "mean": 55.13283199999999,
                "std": 0.5415391451557316,
                "variance": 0.2932646457360006,
                "median": 55.09073
            },
            "MAP": {
                "min": 14.1849,
                "max": 14.98981,
                "mean": 14.69275,
                "std": 0.27722626881303997,
                "variance": 0.07685440411999989,
                "median": 14.80991
            }
        },
        "subset": {
            "MRR": {
                "min": 50.64202,
                "max": 57.95576,
                "mean": 54.413768000000005,
                "std": 3.1028979021772525,
                "variance": 9.627975391335994,
                "median": 54.27893
            },
            "NDCG@3": {
                "min": 21.45825,
                "max": 27.76099,
                "mean": 23.945462,
                "std": 2.1440494053953145,
                "variance": 4.596947852776001,
                "median": 23.80004
            },
            "NDCG@5": {
                "min": 21.62743,
                "max": 27.40056,
                "mean": 24.005144,
                "std": 1.951935978536181,
                "variance": 3.8100540643039986,
                "median": 23.59013
            },
            "NDCG@1000": {
                "min": 34.57006,
                "max": 35.47653,
                "mean": 35.040078,
                "std": 0.30464840543813754,
                "variance": 0.09281065093599984,
                "median": 35.12751
            },
            "Precision@20": {
                "min": 26.75926,
                "max": 30.64815,
                "mean": 29.388890000000004,
                "std": 1.421952588253209,
                "variance": 2.02194916324,
                "median": 29.53704
            },
            "Recall@20": {
                "min": 7.4838,
                "max": 8.93988,
                "mean": 8.280308000000002,
                "std": 0.47385403112773067,
                "variance": 0.22453764281600033,
                "median": 8.34224
            },
            "Recall@1000": {
                "min": 49.73322,
                "max": 51.10261,
                "mean": 50.422578,
                "std": 0.44990998652619263,
                "variance": 0.20241899597599886,
                "median": 50.48816
            },
            "MAP": {
                "min": 11.67611,
                "max": 12.83199,
                "mean": 12.29355,
                "std": 0.4356820910250957,
                "variance": 0.18981888443999978,
                "median": 12.1662
            }
        },
        "corrected_subset": {
            "MRR": {
                "min": 51.16729,
                "max": 63.91927,
                "mean": 56.91816,
                "std": 5.012321781921028,
                "variance": 25.12336964551999,
                "median": 58.31501
            },
            "NDCG@3": {
                "min": 23.57877,
                "max": 28.75029,
                "mean": 25.608821999999996,
                "std": 2.0009223331593864,
                "variance": 4.003690183336003,
                "median": 24.83271
            },
            "NDCG@5": {
                "min": 23.01085,
                "max": 27.36429,
                "mean": 24.702004,
                "std": 1.6655562113912576,
                "variance": 2.7740774933039996,
                "median": 23.67132
            },
            "NDCG@1000": {
                "min": 35.23829,
                "max": 37.43536,
                "mean": 36.661392,
                "std": 0.7593845391473285,
                "variance": 0.5766648782960004,
                "median": 36.919
            },
            "Precision@20": {
                "min": 27.85714,
                "max": 33.33333,
                "mean": 31.238094,
                "std": 1.8892219492965867,
                "variance": 3.5691595737039945,
                "median": 31.90476
            },
            "Recall@20": {
                "min": 7.15969,
                "max": 8.84722,
                "mean": 8.116648000000001,
                "std": 0.6027481224325797,
                "variance": 0.36330529909600007,
                "median": 8.15826
            },
            "Recall@1000": {
                "min": 50.58755,
                "max": 52.99425,
                "mean": 51.968565999999996,
                "std": 0.8997235944133067,
                "variance": 0.8095025463440004,
                "median": 51.8527
            },
            "MAP": {
                "min": 12.00355,
                "max": 13.69163,
                "mean": 12.438278,
                "std": 0.6384316781426183,
                "variance": 0.4075950076559997,
                "median": 12.13798
            }
        }
    }
}