{
    "ance_batch_LLM_0shot_prompt2": {
        "full_set": {
            "MRR": {
                "min": 57.91257,
                "max": 62.34497,
                "mean": 59.715894000000006,
                "std": 1.4746045182434517,
                "variance": 2.1744584852240023,
                "median": 59.4619
            },
            "NDCG@3": {
                "min": 30.17797,
                "max": 33.46296,
                "mean": 31.514042,
                "std": 1.120223042512518,
                "variance": 1.2548996649760027,
                "median": 31.60468
            },
            "NDCG@5": {
                "min": 28.63468,
                "max": 33.18114,
                "mean": 30.827207999999995,
                "std": 1.4397230515817963,
                "variance": 2.0728024652559993,
                "median": 30.74687
            },
            "NDCG@1000": {
                "min": 39.02334,
                "max": 40.89846,
                "mean": 39.917896,
                "std": 0.6130616449787093,
                "variance": 0.37584458054400094,
                "median": 39.78174
            },
            "Precision@20": {
                "min": 31.07759,
                "max": 32.37069,
                "mean": 31.86207,
                "std": 0.42617822971146774,
                "variance": 0.18162788348000056,
                "median": 31.93966
            },
            "Recall@20": {
                "min": 9.69453,
                "max": 10.55574,
                "mean": 10.040609999999997,
                "std": 0.39331989153868147,
                "variance": 0.15470053708000017,
                "median": 9.76902
            },
            "Recall@1000": {
                "min": 54.86788,
                "max": 56.73823,
                "mean": 55.889464,
                "std": 0.7356079823003558,
                "variance": 0.5411191036240006,
                "median": 55.60904
            },
            "MAP": {
                "min": 14.56072,
                "max": 15.64282,
                "mean": 15.070218,
                "std": 0.35147584289108713,
                "variance": 0.12353526813600016,
                "median": 15.07365
            }
        },
        "subset": {
            "MRR": {
                "min": 52.96023,
                "max": 58.76685,
                "mean": 55.46739600000001,
                "std": 1.9048074500652274,
                "variance": 3.6282914218239943,
                "median": 54.99483
            },
            "NDCG@3": {
                "min": 22.60611,
                "max": 27.9901,
                "mean": 24.918074,
                "std": 1.8770666922898611,
                "variance": 3.5233793673040004,
                "median": 25.07913
            },
            "NDCG@5": {
                "min": 21.86443,
                "max": 27.37218,
                "mean": 25.367112,
                "std": 1.953777975609307,
                "variance": 3.8172483779760014,
                "median": 25.55662
            },
            "NDCG@1000": {
                "min": 34.22753,
                "max": 34.87673,
                "mean": 34.59017200000001,
                "std": 0.2647279304040274,
                "variance": 0.07008087713599959,
                "median": 34.69425
            },
            "Precision@20": {
                "min": 27.5,
                "max": 29.35185,
                "mean": 28.203704,
                "std": 0.6241583809450926,
                "variance": 0.3895736845039993,
                "median": 28.05556
            },
            "Recall@20": {
                "min": 7.70645,
                "max": 8.48908,
                "mean": 8.055322,
                "std": 0.317608931133871,
                "variance": 0.100875433136,
                "median": 7.98462
            },
            "Recall@1000": {
                "min": 48.73767,
                "max": 51.42637,
                "mean": 49.689098,
                "std": 0.9490088275543064,
                "variance": 0.9006177547759993,
                "median": 49.27033
            },
            "MAP": {
                "min": 11.57946,
                "max": 12.16978,
                "mean": 11.996024,
                "std": 0.22039453555839378,
                "variance": 0.0485737513040001,
                "median": 12.09955
            }
        },
        "corrected_subset": {
            "MRR": {
                "min": 49.08655,
                "max": 63.51774,
                "mean": 58.213922000000004,
                "std": 4.870878718237193,
                "variance": 23.725459487775996,
                "median": 59.86596
            },
            "NDCG@3": {
                "min": 15.90594,
                "max": 30.97542,
                "mean": 25.160587999999997,
                "std": 4.993440123239289,
                "variance": 24.934444264376,
                "median": 26.62928
            },
            "NDCG@5": {
                "min": 17.02571,
                "max": 29.99192,
                "mean": 26.001113999999994,
                "std": 4.75843846857601,
                "variance": 22.642736659224,
                "median": 28.44231
            },
            "NDCG@1000": {
                "min": 33.01904,
                "max": 38.16853,
                "mean": 36.043606,
                "std": 1.7104891145470649,
                "variance": 2.9257730109840017,
                "median": 36.01885
            },
            "Precision@20": {
                "min": 25.47619,
                "max": 33.57143,
                "mean": 30.761904000000005,
                "std": 3.0094330727736742,
                "variance": 9.056687419503998,
                "median": 31.90476
            },
            "Recall@20": {
                "min": 6.80877,
                "max": 8.88182,
                "mean": 8.019736,
                "std": 0.7461414339011069,
                "variance": 0.5567270393839998,
                "median": 8.04674
            },
            "Recall@1000": {
                "min": 49.54495,
                "max": 52.78943,
                "mean": 51.03414600000001,
                "std": 1.1756535174038316,
                "variance": 1.3821611929840016,
                "median": 51.39782
            },
            "MAP": {
                "min": 9.76065,
                "max": 13.98571,
                "mean": 12.422391999999999,
                "std": 1.4441176913589833,
                "variance": 2.085475906496,
                "median": 12.72671
            }
        }
    }
}