{
    "bm25_batch_automatic_0shot": {
        "full_set_baseline": {
            "MRR": {
                "min": 26.19077,
                "max": 30.88623,
                "mean": 28.345817999999998,
                "std": 1.8436013214076414,
                "variance": 3.3988658322960013,
                "median": 28.79132
            },
            "NDCG@3": {
                "min": 6.41186,
                "max": 8.19957,
                "mean": 7.1575500000000005,
                "std": 0.6680411811557726,
                "variance": 0.44627901971999984,
                "median": 7.22724
            },
            "NDCG@5": {
                "min": 10.86592,
                "max": 13.30372,
                "mean": 12.345492000000002,
                "std": 0.9570992689872875,
                "variance": 0.9160390106960001,
                "median": 12.73434
            },
            "NDCG@1000": {
                "min": 33.38025,
                "max": 34.84961,
                "mean": 34.090469999999996,
                "std": 0.5052865490392562,
                "variance": 0.25531449664000067,
                "median": 33.99121
            },
            "Precision@20": {
                "min": 23.7931,
                "max": 26.76724,
                "mean": 25.129309999999997,
                "std": 1.1613960192113635,
                "variance": 1.3488407134400018,
                "median": 24.48276
            },
            "Recall@20": {
                "min": 8.58726,
                "max": 9.24439,
                "mean": 8.894263999999998,
                "std": 0.26222848881080757,
                "variance": 0.06876378034399983,
                "median": 8.81758
            },
            "Recall@1000": {
                "min": 52.796,
                "max": 55.5844,
                "mean": 54.016428,
                "std": 0.9363821054975374,
                "variance": 0.8768114474960014,
                "median": 53.82399
            },
            "MAP": {
                "min": 10.67169,
                "max": 11.10931,
                "mean": 10.964442,
                "std": 0.15642995856293024,
                "variance": 0.024470331936000074,
                "median": 10.98565
            }
        },
        "full_set_always_ptkb": {
            "MRR": {
                "min": 26.19077,
                "max": 30.88623,
                "mean": 28.345817999999998,
                "std": 1.8436013214076414,
                "variance": 3.3988658322960013,
                "median": 28.79132
            },
            "NDCG@3": {
                "min": 6.41186,
                "max": 8.19957,
                "mean": 7.1575500000000005,
                "std": 0.6680411811557726,
                "variance": 0.44627901971999984,
                "median": 7.22724
            },
            "NDCG@5": {
                "min": 10.86592,
                "max": 13.30372,
                "mean": 12.345492000000002,
                "std": 0.9570992689872875,
                "variance": 0.9160390106960001,
                "median": 12.73434
            },
            "NDCG@1000": {
                "min": 33.38025,
                "max": 34.84961,
                "mean": 34.090469999999996,
                "std": 0.5052865490392562,
                "variance": 0.25531449664000067,
                "median": 33.99121
            },
            "Precision@20": {
                "min": 23.7931,
                "max": 26.76724,
                "mean": 25.129309999999997,
                "std": 1.1613960192113635,
                "variance": 1.3488407134400018,
                "median": 24.48276
            },
            "Recall@20": {
                "min": 8.58726,
                "max": 9.24439,
                "mean": 8.894263999999998,
                "std": 0.26222848881080757,
                "variance": 0.06876378034399983,
                "median": 8.81758
            },
            "Recall@1000": {
                "min": 52.796,
                "max": 55.5844,
                "mean": 54.016428,
                "std": 0.9363821054975374,
                "variance": 0.8768114474960014,
                "median": 53.82399
            },
            "MAP": {
                "min": 10.67169,
                "max": 11.10931,
                "mean": 10.964442,
                "std": 0.15642995856293024,
                "variance": 0.024470331936000074,
                "median": 10.98565
            }
        },
        "subset_baseline": {
            "MRR": {
                "min": 19.57108,
                "max": 24.51857,
                "mean": 22.367414,
                "std": 2.2661488138125447,
                "variance": 5.135430446344004,
                "median": 23.85563
            },
            "NDCG@3": {
                "min": 3.00015,
                "max": 5.38882,
                "mean": 4.086831999999999,
                "std": 0.921362385935089,
                "variance": 0.8489086462159999,
                "median": 4.39814
            },
            "NDCG@5": {
                "min": 5.84409,
                "max": 9.38631,
                "mean": 8.402746,
                "std": 1.3409814161068752,
                "variance": 1.7982311583440005,
                "median": 9.21736
            },
            "NDCG@1000": {
                "min": 26.96501,
                "max": 30.05937,
                "mean": 29.124650000000003,
                "std": 1.1582347277818954,
                "variance": 1.3415076846400011,
                "median": 29.81203
            },
            "Precision@20": {
                "min": 17.87037,
                "max": 22.22222,
                "mean": 19.796296,
                "std": 1.572873987840094,
                "variance": 2.4739325816239996,
                "median": 19.53704
            },
            "Recall@20": {
                "min": 5.1552,
                "max": 5.95589,
                "mean": 5.542954,
                "std": 0.327873526994785,
                "variance": 0.10750104970400001,
                "median": 5.37786
            },
            "Recall@1000": {
                "min": 44.41179,
                "max": 49.85258,
                "mean": 47.827116000000004,
                "std": 1.8854113865000384,
                "variance": 3.554776096343997,
                "median": 48.43994
            },
            "MAP": {
                "min": 6.93775,
                "max": 7.74368,
                "mean": 7.371588000000001,
                "std": 0.33287059439968564,
                "variance": 0.11080283261600003,
                "median": 7.57812
            }
        },
        "subset_always_ptkb": {
            "MRR": {
                "min": 19.57108,
                "max": 24.51857,
                "mean": 22.367414,
                "std": 2.2661488138125447,
                "variance": 5.135430446344004,
                "median": 23.85563
            },
            "NDCG@3": {
                "min": 3.00015,
                "max": 5.38882,
                "mean": 4.086831999999999,
                "std": 0.921362385935089,
                "variance": 0.8489086462159999,
                "median": 4.39814
            },
            "NDCG@5": {
                "min": 5.84409,
                "max": 9.38631,
                "mean": 8.402746,
                "std": 1.3409814161068752,
                "variance": 1.7982311583440005,
                "median": 9.21736
            },
            "NDCG@1000": {
                "min": 26.96501,
                "max": 30.05937,
                "mean": 29.124650000000003,
                "std": 1.1582347277818954,
                "variance": 1.3415076846400011,
                "median": 29.81203
            },
            "Precision@20": {
                "min": 17.87037,
                "max": 22.22222,
                "mean": 19.796296,
                "std": 1.572873987840094,