{
    "ance_batch_All_0shot_prompt1": {
        "full_set": {
            "MRR": {
                "min": 59.4354,
                "max": 67.89255,
                "mean": 64.34648,
                "std": 3.400209731543041,
                "variance": 11.56142621848,
                "median": 65.62633
            },
            "NDCG@3": {
                "min": 32.31439,
                "max": 36.15642,
                "mean": 34.802718,
                "std": 1.4079273493671447,
                "variance": 1.982259421095994,
                "median": 34.90749
            },
            "NDCG@5": {
                "min": 33.31294,
                "max": 35.65252,
                "mean": 34.567854,
                "std": 0.9727798663130326,
                "variance": 0.9463006683040016,
                "median": 34.976
            },
            "NDCG@1000": {
                "min": 42.60131,
                "max": 45.26508,
                "mean": 43.390506,
                "std": 0.9543857127723564,
                "variance": 0.9108520887439988,
                "median": 43.08778
            },
            "Precision@20": {
                "min": 34.78448,
                "max": 36.63793,
                "mean": 35.698276,
                "std": 0.6882538634137833,
                "variance": 0.4736933805039986,
                "median": 35.47414
            },
            "Recall@20": {
                "min": 11.10065,
                "max": 12.00942,
                "mean": 11.678434,
                "std": 0.365092000164342,
                "variance": 0.1332921685839999,
                "median": 11.89717
            },
            "Recall@1000": {
                "min": 57.97749,
                "max": 61.39011,
                "mean": 59.09525599999999,
                "std": 1.2098713599486508,
                "variance": 1.463788707623998,
                "median": 58.72736
            },
            "MAP": {
                "min": 16.98906,
                "max": 18.01019,
                "mean": 17.479256,
                "std": 0.35958558467213453,
                "variance": 0.12930179270400083,
                "median": 17.43995
            }
        },
        "subset": {
            "MRR": {
                "min": 51.31865,
                "max": 61.871,
                "mean": 57.769985999999996,
                "std": 3.582113609357471,
                "variance": 12.831537910344007,
                "median": 58.52274
            },
            "NDCG@3": {
                "min": 24.69563,
                "max": 29.44337,
                "mean": 27.465708,
                "std": 1.7023163434849589,
                "variance": 2.8978809332960007,
                "median": 28.14291
            },
            "NDCG@5": {
                "min": 25.69577,
                "max": 29.43945,
                "mean": 27.235628,
                "std": 1.237909345201013,
                "variance": 1.5324195469360007,
                "median": 26.95552
            },
            "NDCG@1000": {
                "min": 36.84047,
                "max": 39.80953,
                "mean": 38.166298,
                "std": 1.0308839816662199,
                "variance": 1.062721783655999,
                "median": 37.8412
            },
            "Precision@20": {
                "min": 30.0,
                "max": 31.94444,
                "mean": 31.018518,
                "std": 0.7522239181626703,
                "variance": 0.5658408230559997,
                "median": 31.2963
            },
            "Recall@20": {
                "min": 8.5499,
                "max": 10.14301,
                "mean": 9.259254000000002,
                "std": 0.6198776327824712,
                "variance": 0.38424827962400027,
                "median": 9.4764
            },
            "Recall@1000": {
                "min": 52.42446,
                "max": 56.79121,
                "mean": 54.276455999999996,
                "std": 1.5499582194317354,
                "variance": 2.4023704819839953,
                "median": 53.47533
            },
            "MAP": {
                "min": 12.85847,
                "max": 14.35587,
                "mean": 13.468864,
                "std": 0.5055818902057309,
                "variance": 0.2556130477039997,
                "median": 13.49714
            }
        },
        "corrected_subset": {
            "MRR": {
                "min": 55.02268,
                "max": 72.18821,
                "mean": 62.48826799999999,
                "std": 6.168113112835724,
                "variance": 38.045619372736,
                "median": 60.11663
            },
            "NDCG@3": {
                "min": 25.42627,
                "max": 29.85585,
                "mean": 28.051498000000002,
                "std": 1.796940580936388,
                "variance": 3.2289954514160035,
                "median": 29.02418
            },
            "NDCG@5": {
                "min": 25.66798,
                "max": 29.98083,
                "mean": 27.659571999999997,
                "std": 1.4696523210800576,
                "variance": 2.159877944856001,
                "median": 27.23007
            },
            "NDCG@1000": {
                "min": 37.9317,
                "max": 42.38327,
                "mean": 40.4392,
                "std": 1.6303942544059704,
                "variance": 2.6581854248000005,
                "median": 41.02369
            },
            "Precision@20": {
                "min": 31.42857,
                "max": 37.14286,
                "mean": 34.190476000000004,
                "std": 2.3742771493370363,
                "variance": 5.637191981864004,
                "median": 33.09524
            },
            "Recall@20": {
                "min": 7.79605,
                "max": 10.99483,
                "mean": 9.43892,
                "std": 1.3038288510997138,
                "variance": 1.6999696729599996,
                "median": 9.39418
            },
            "Recall@1000": {
                "min": 54.16787,
                "max": 60.92061,
                "mean": 57.379668,
                "std": 2.46265688342002,
                "variance": 6.064678925456008,
                "median": 57.27058
            },
            "MAP": {
                "min": 12.652,
                "max": 16.51821,
                "mean": 14.215371999999999,
                "std": 1.4097382774742269,
                "variance": 1.9873620109760002,
                "median": 13.81125
            }
        }
    }
}