{
    "ance_batch_LLM_0shot_prompt1": {
        "full_set": {
            "MRR": {
                "min": 59.88407,
                "max": 64.92984,
                "mean": 63.01375399999999,
                "std": 1.7866293465249017,
                "variance": 3.1920444218639976,
                "median": 63.59606
            },
            "NDCG@3": {
                "min": 32.5027,
                "max": 35.55611,
                "mean": 33.890789999999996,
                "std": 1.0719832743284747,
                "variance": 1.1491481404399981,
                "median": 33.70135
            },
            "NDCG@5": {
                "min": 31.27008,
                "max": 34.58733,
                "mean": 33.266802,
                "std": 1.087427320558023,
                "variance": 1.182498177496001,
                "median": 33.52644
            },
            "NDCG@1000": {
                "min": 42.71695,
                "max": 43.74339,
                "mean": 43.348200000000006,
                "std": 0.3674451127447478,
                "variance": 0.13501591088000042,
                "median": 43.31773
            },
            "Precision@20": {
                "min": 34.09483,
                "max": 35.56034,
                "mean": 35.051722,
                "std": 0.5316917741473896,
                "variance": 0.2826961426959987,
                "median": 35.30172
            },
            "Recall@20": {
                "min": 10.61703,
                "max": 11.49742,
                "mean": 11.019943999999999,
                "std": 0.38464797977371484,
                "variance": 0.14795406834400013,
                "median": 10.91642
            },
            "Recall@1000": {
                "min": 58.40596,
                "max": 59.72702,
                "mean": 59.076448000000006,
                "std": 0.5616447331685747,
                "variance": 0.31544480629599947,
                "median": 59.33052
            },
            "MAP": {
                "min": 16.5865,
                "max": 17.32308,
                "mean": 17.067306000000002,
                "std": 0.2524862657334058,
                "variance": 0.06374931438400003,
                "median": 17.13726
            }
        },
        "subset": {
            "MRR": {
                "min": 54.8071,
                "max": 61.30608,
                "mean": 58.168597999999996,
                "std": 2.1306746055125365,
                "variance": 4.539774274576003,
                "median": 57.7411
            },
            "NDCG@3": {
                "min": 26.24744,
                "max": 28.16947,
                "mean": 27.367035999999995,
                "std": 0.6276386268737765,
                "variance": 0.39393024594399956,
                "median": 27.41538
            },
            "NDCG@5": {
                "min": 26.40184,
                "max": 28.6883,
                "mean": 27.57858,
                "std": 0.7618034422342819,
                "variance": 0.5803444846000008,
                "median": 27.55947
            },
            "NDCG@1000": {
                "min": 37.97552,
                "max": 38.80169,
                "mean": 38.25327,
                "std": 0.28760299365618536,
                "variance": 0.0827154819599998,
                "median": 38.19162
            },
            "Precision@20": {
                "min": 30.37037,
                "max": 32.68519,
                "mean": 31.314816,
                "std": 0.8514516999008218,
                "variance": 0.7249699972639991,
                "median": 31.38889
            },
            "Recall@20": {
                "min": 8.91542,
                "max": 9.68441,
                "mean": 9.338899999999999,
                "std": 0.24733098592776462,
                "variance": 0.061172616600000104,
                "median": 9.3841
            },
            "Recall@1000": {
                "min": 52.7442,
                "max": 54.29078,
                "mean": 53.382176,
                "std": 0.5353693200249701,
                "variance": 0.28662030882399886,
                "median": 53.36657
            },
            "MAP": {
                "min": 13.43243,
                "max": 14.19816,
                "mean": 13.821822000000001,
                "std": 0.3161384306534085,
                "variance": 0.09994350733599999,
                "median": 13.84779
            }
        },
        "corrected_subset": {
            "MRR": {
                "min": 51.17975,
                "max": 67.38134,
                "mean": 56.503548,
                "std": 5.822375349911406,
                "variance": 33.90005471525597,
                "median": 53.65816
            },
            "NDCG@3": {
                "min": 20.8184,
                "max": 29.97168,
                "mean": 26.141544000000003,
                "std": 3.028184507896439,
                "variance": 9.169901413864,
                "median": 26.44197
            },
            "NDCG@5": {
                "min": 22.81213,
                "max": 29.93186,
                "mean": 26.890981999999997,
                "std": 2.771306814478686,
                "variance": 7.680141459976002,
                "median": 27.78548
            },
            "NDCG@1000": {
                "min": 37.35306,
                "max": 41.92412,
                "mean": 39.754658,
                "std": 1.5013833301379105,
                "variance": 2.254151904016002,
                "median": 39.50066
            },
            "Precision@20": {
                "min": 29.28571,
                "max": 35.71429,
                "mean": 33.666668,
                "std": 2.3064565926147402,
                "variance": 5.319742013615997,
                "median": 34.52381
            },
            "Recall@20": {
                "min": 8.05089,
                "max": 10.03157,
                "mean": 9.377454000000002,
                "std": 0.7058779584205754,
                "variance": 0.4982636921839996,
                "median": 9.5164
            },
            "Recall@1000": {
                "min": 53.42013,
                "max": 58.3203,
                "mean": 55.589211999999996,
                "std": 1.640793905807796,
                "variance": 2.6922046413360023,
                "median": 55.18402
            },
            "MAP": {
                "min": 12.62642,
                "max": 15.80042,
                "mean": 14.245384000000001,
                "std": 1.1511689113349097,
                "variance": 1.325189862424001,
                "median": 13.77698
            }
        }
    }
}