{
    "ance_batch_None_0shot_prompt2": {
        "full_set": {
            "MRR": {
                "min": 56.33302,
                "max": 59.82081,
                "mean": 58.593647999999995,
                "std": 1.217590428500488,
                "variance": 1.482526451576002,
                "median": 59.08712
            },
            "NDCG@3": {
                "min": 28.82433,
                "max": 32.10611,
                "mean": 30.380171999999998,
                "std": 1.3548736699249864,
                "variance": 1.8356826614560007,
                "median": 29.73342
            },
            "NDCG@5": {
                "min": 28.3594,
                "max": 31.69795,
                "mean": 29.935553999999996,
                "std": 1.2233318876674464,
                "variance": 1.496540907383998,
                "median": 29.75163
            },
            "NDCG@1000": {
                "min": 38.13615,
                "max": 40.6124,
                "mean": 39.287194,
                "std": 0.8295636829707526,
                "variance": 0.6881759041039992,
                "median": 39.25222
            },
            "Precision@20": {
                "min": 30.99138,
                "max": 32.97414,
                "mean": 31.862069999999996,
                "std": 0.6464946687483194,
                "variance": 0.4179553567199992,
                "median": 31.76724
            },
            "Recall@20": {
                "min": 9.21823,
                "max": 9.94154,
                "mean": 9.536464,
                "std": 0.27730192279174687,
                "variance": 0.07689635638399994,
                "median": 9.53147
            },
            "Recall@1000": {
                "min": 54.72286,
                "max": 57.22231,
                "mean": 55.65358200000001,
                "std": 0.852632560776329,
                "variance": 0.7269822836960004,
                "median": 55.54592
            },
            "MAP": {
                "min": 13.99648,
                "max": 15.36542,
                "mean": 14.777254,
                "std": 0.459864733398855,
                "variance": 0.21147557302399994,
                "median": 14.8898
            }
        },
        "subset": {
            "MRR": {
                "min": 53.25521,
                "max": 54.82768,
                "mean": 53.883866,
                "std": 0.5632122154428124,
                "variance": 0.3172079996240009,
                "median": 53.72199
            },
            "NDCG@3": {
                "min": 21.58466,
                "max": 25.35921,
                "mean": 22.908792,
                "std": 1.3456098153238933,
                "variance": 1.8106657750960022,
                "median": 22.7793
            },
            "NDCG@5": {
                "min": 20.453,
                "max": 24.94526,
                "mean": 22.970194,
                "std": 1.4582539352883648,
                "variance": 2.126504539784002,
                "median": 23.18179
            },
            "NDCG@1000": {
                "min": 32.50529,
                "max": 34.98461,
                "mean": 33.314256,
                "std": 0.8841333799286177,
                "variance": 0.7816918335040015,
                "median": 32.98037
            },
            "Precision@20": {
                "min": 27.22222,
                "max": 28.51852,
                "mean": 27.87037,
                "std": 0.5037580308441741,
                "variance": 0.25377215363999994,
                "median": 27.87037
            },
            "Recall@20": {
                "min": 7.50275,
                "max": 8.08159,
                "mean": 7.811373999999999,
                "std": 0.2022109926388773,
                "variance": 0.040889285544000085,
                "median": 7.8332
            },
            "Recall@1000": {
                "min": 47.84606,
                "max": 51.6123,
                "mean": 48.89745,
                "std": 1.3730740514771946,
                "variance": 1.8853323508399977,
                "median": 48.38035
            },
            "MAP": {
                "min": 11.12054,
                "max": 11.62597,
                "mean": 11.246396,
                "std": 0.19366516079047372,
                "variance": 0.03750619450400004,
                "median": 11.13906
            }
        },
        "corrected_subset": {
            "MRR": {
                "min": 53.51947,
                "max": 64.23002,
                "mean": 58.690112,
                "std": 4.118064343404069,
                "variance": 16.95845393641599,
                "median": 57.17879
            },
            "NDCG@3": {
                "min": 23.65101,
                "max": 26.0166,
                "mean": 24.945715999999997,
                "std": 0.9033408464494457,
                "variance": 0.816024684864001,
                "median": 24.58535
            },
            "NDCG@5": {
                "min": 23.7821,
                "max": 26.30938,
                "mean": 25.022216,
                "std": 0.9557439210290591,
                "variance": 0.9134464425840004,
                "median": 25.10375
            },
            "NDCG@1000": {
                "min": 36.58414,
                "max": 38.98592,
                "mean": 37.489942,
                "std": 0.8412122696299678,
                "variance": 0.7076380825760016,
                "median": 37.06724
            },
            "Precision@20": {
                "min": 31.42857,
                "max": 34.52381,
                "mean": 32.619048,
                "std": 1.2325891853233166,
                "variance": 1.5192760997759975,
                "median": 32.14286
            },
            "Recall@20": {
                "min": 8.02076,
                "max": 9.06944,
                "mean": 8.495631999999999,
                "std": 0.40726472076034287,
                "variance": 0.16586455277600004,
                "median": 8.54179
            },
            "Recall@1000": {
                "min": 53.23125,
                "max": 55.85129,
                "mean": 54.176297999999996,
                "std": 0.9344414946137605,
                "variance": 0.8731809068559985,
                "median": 53.88484
            },
            "MAP": {
                "min": 12.4576,
                "max": 13.40882,
                "mean": 12.823476,
                "std": 0.35612202945619675,
                "variance": 0.12682289986400028,
                "median": 12.71986
            }
        }
    }
}