{
    "ance_batch_LLM_3shot_prompt1": {
        "full_set": {
            "MRR": {
                "min": 61.19721,
                "max": 69.97026,
                "mean": 64.54039800000001,
                "std": 3.132340150912093,
                "variance": 9.811554821015994,
                "median": 64.0519
            },
            "NDCG@3": {
                "min": 31.68651,
                "max": 37.22152,
                "mean": 34.147868,
                "std": 1.843554820160225,
                "variance": 3.3986943749359995,
                "median": 34.10074
            },
            "NDCG@5": {
                "min": 31.7252,
                "max": 34.5427,
                "mean": 33.388364,
                "std": 0.9435793392100107,
                "variance": 0.8903419693840003,
                "median": 33.57785
            },
            "NDCG@1000": {
                "min": 43.32767,
                "max": 44.18372,
                "mean": 43.712424,
                "std": 0.3237658119443749,
                "variance": 0.10482430098400033,
                "median": 43.77772
            },
            "Precision@20": {
                "min": 33.31897,
                "max": 36.81034,
                "mean": 35.344826,
                "std": 1.33328077160964,
                "variance": 1.777637615943997,
                "median": 35.90517
            },
            "Recall@20": {
                "min": 10.74624,
                "max": 11.67054,
                "mean": 11.237010000000001,
                "std": 0.3504621344453638,
                "variance": 0.12282370768000024,
                "median": 11.3844
            },
            "Recall@1000": {
                "min": 58.9733,
                "max": 60.07943,
                "mean": 59.636212,
                "std": 0.45768575352090635,
                "variance": 0.2094762489759998,
                "median": 59.87723
            },
            "MAP": {
                "min": 16.3942,
                "max": 17.55438,
                "mean": 17.026124,
                "std": 0.43882898494060196,
                "variance": 0.19257087802399905,
                "median": 17.09171
            }
        },
        "subset": {
            "MRR": {
                "min": 48.00868,
                "max": 61.18024,
                "mean": 53.63110400000001,
                "std": 4.381011326922586,
                "variance": 19.193260246623996,
                "median": 52.87606
            },
            "NDCG@3": {
                "min": 21.0768,
                "max": 29.24843,
                "mean": 24.586124,
                "std": 2.663875332868263,
                "variance": 7.096231789063999,
                "median": 24.57114
            },
            "NDCG@5": {
                "min": 22.39079,
                "max": 26.70347,
                "mean": 24.775009999999998,
                "std": 1.5580361164620027,
                "variance": 2.4274765401999994,
                "median": 24.33105
            },
            "NDCG@1000": {
                "min": 36.37198,
                "max": 37.96087,
                "mean": 37.201708,
                "std": 0.6163684002737324,
                "variance": 0.379910004856,
                "median": 37.20794
            },
            "Precision@20": {
                "min": 28.05556,
                "max": 32.12963,
                "mean": 30.074074000000003,
                "std": 1.7415268429926654,
                "variance": 3.032915744864,
                "median": 30.0
            },
            "Recall@20": {
                "min": 8.02365,
                "max": 9.08836,
                "mean": 8.512182,
                "std": 0.3798387073166716,
                "variance": 0.1442774435760001,
                "median": 8.47747
            },
            "Recall@1000": {
                "min": 51.5185,
                "max": 54.15628,
                "mean": 53.024616,
                "std": 0.9409809899163736,
                "variance": 0.8854452233839984,
                "median": 52.91915
            },
            "MAP": {
                "min": 12.19466,
                "max": 13.67921,
                "mean": 12.780562,
                "std": 0.5800478423164763,
                "variance": 0.3364554993759998,
                "median": 12.47964
            }
        },
        "corrected_subset": {
            "MRR": {
                "min": 45.47754,
                "max": 63.33155,
                "mean": 52.13945,
                "std": 6.293184368864463,
                "variance": 39.60416950052,
                "median": 49.37524
            },
            "NDCG@3": {
                "min": 18.73409,
                "max": 30.1191,
                "mean": 22.317206,
                "std": 4.119061273744784,
                "variance": 16.966665776863998,
                "median": 20.21124
            },
            "NDCG@5": {
                "min": 20.40307,
                "max": 27.80138,
                "mean": 23.454383999999997,
                "std": 2.617753231002495,
                "variance": 6.852631978424002,
                "median": 23.77522
            },
            "NDCG@1000": {
                "min": 35.82199,
                "max": 37.84585,
                "mean": 36.710562,
                "std": 0.8362749293719144,
                "variance": 0.6993557574960004,
                "median": 36.19086
            },
            "Precision@20": {
                "min": 26.66667,
                "max": 32.61905,
                "mean": 29.857144000000005,
                "std": 2.3015314648954948,
                "variance": 5.297047083904001,
                "median": 30.95238
            },
            "Recall@20": {
                "min": 6.54395,
                "max": 8.16,
                "mean": 7.587312,
                "std": 0.6331819449542132,
                "variance": 0.40091937541600026,
                "median": 8.01246
            },
            "Recall@1000": {
                "min": 51.12679,
                "max": 55.59432,
                "mean": 53.223127999999996,
                "std": 1.4896203452477426,
                "variance": 2.2189687729760035,
                "median": 52.83621
            },
            "MAP": {
                "min": 11.28028,
                "max": 12.92864,
                "mean": 11.943646000000001,
                "std": 0.5430422676587892,
                "variance": 0.294894904464,
                "median": 11.82026
            }
        }
    }
}