{
    "bm25_batch_LLM_0shot_prompt1": {
        "full_set": {
            "MRR": {
                "min": 63.95287,
                "max": 70.8861,
                "mean": 67.644066,
                "std": 2.7479140993968514,
                "variance": 7.551031897664009,
                "median": 67.75262
            },
            "NDCG@3": {
                "min": 34.58365,
                "max": 38.14496,
                "mean": 36.027706,
                "std": 1.2689565459006067,
                "variance": 1.6102507153839984,
                "median": 35.36248
            },
            "NDCG@5": {
                "min": 34.29883,
                "max": 36.06548,
                "mean": 35.152878,
                "std": 0.6737845602386565,
                "variance": 0.4539856336159998,
                "median": 35.01148
            },
            "NDCG@1000": {
                "min": 45.25211,
                "max": 46.58933,
                "mean": 45.947608,
                "std": 0.44603230212171674,
                "variance": 0.19894481453599838,
                "median": 45.8581
            },
            "Precision@20": {
                "min": 35.08621,
                "max": 38.10345,
                "mean": 36.448276,
                "std": 1.1222144714197904,
                "variance": 1.2593653198639994,
                "median": 36.76724
            },
            "Recall@20": {
                "min": 12.03157,
                "max": 13.12542,
                "mean": 12.50874,
                "std": 0.4232440887714795,
                "variance": 0.17913555868000003,
                "median": 12.31326
            },
            "Recall@1000": {
                "min": 63.23028,
                "max": 64.23728,
                "mean": 63.600194,
                "std": 0.4097393916918416,
                "variance": 0.16788636910400037,
                "median": 63.37273
            },
            "MAP": {
                "min": 18.05846,
                "max": 19.1425,
                "mean": 18.564152,
                "std": 0.34507955682132135,
                "variance": 0.11907990053599957,
                "median": 18.53499
            }
        },
        "subset": {
            "MRR": {
                "min": 50.9364,
                "max": 60.24727,
                "mean": 55.765066000000004,
                "std": 3.754745072026063,
                "variance": 14.098110555904006,
                "median": 57.47032
            },
            "NDCG@3": {
                "min": 24.49882,
                "max": 27.81103,
                "mean": 26.09297,
                "std": 1.4477422502641832,
                "variance": 2.0959576232000012,
                "median": 25.83726
            },
            "NDCG@5": {
                "min": 24.90085,
                "max": 27.48323,
                "mean": 25.889925999999996,
                "std": 1.2009307763663981,
                "variance": 1.4422347296239995,
                "median": 24.92874
            },
            "NDCG@1000": {
                "min": 37.64491,
                "max": 39.95642,
                "mean": 38.926422,
                "std": 0.746560287060596,
                "variance": 0.5573522622159994,
                "median": 39.05501
            },
            "Precision@20": {
                "min": 27.03704,
                "max": 30.46296,
                "mean": 28.907407999999997,
                "std": 1.5364771064015232,
                "variance": 2.3607618984959977,
                "median": 30.0
            },
            "Recall@20": {
                "min": 7.7422,
                "max": 9.1664,
                "mean": 8.439958,
                "std": 0.5952823907155326,
                "variance": 0.35436112469599995,
                "median": 8.29605
            },
            "Recall@1000": {
                "min": 57.35021,
                "max": 58.4981,
                "mean": 57.837278000000005,
                "std": 0.4709022367073674,
                "variance": 0.2217489165360015,
                "median": 57.61862
            },
            "MAP": {
                "min": 11.21248,
                "max": 12.99232,
                "mean": 12.203708,
                "std": 0.5825346255597174,
                "variance": 0.3393465899760001,
                "median": 12.27413
            }
        },
        "corrected_subset": {
            "MRR": {
                "min": 48.59077,
                "max": 60.8541,
                "mean": 55.596166000000004,
                "std": 5.021660401953123,
                "variance": 25.217073192544,
                "median": 58.5706
            },
            "NDCG@3": {
                "min": 19.65947,
                "max": 28.69465,
                "mean": 24.960429999999995,
                "std": 3.193851798214814,
                "variance": 10.20068930896,
                "median": 26.05099
            },
            "NDCG@5": {
                "min": 17.90495,
                "max": 25.93086,
                "mean": 23.084847999999997,
                "std": 3.0906279809669748,
                "variance": 9.551981316735999,
                "median": 25.04499
            },
            "NDCG@1000": {
                "min": 37.6728,
                "max": 41.26029,
                "mean": 39.20360599999999,
                "std": 1.4509286006223723,
                "variance": 2.1051938041039953,
                "median": 38.2403
            },
            "Precision@20": {
                "min": 23.57143,
                "max": 32.85714,
                "mean": 29.142858,
                "std": 3.5430620358068814,
                "variance": 12.553288589576002,
                "median": 31.19048
            },
            "Recall@20": {
                "min": 6.14319,
                "max": 9.0447,
                "mean": 7.50004,
                "std": 1.154577501824802,
                "variance": 1.3330492077200007,
                "median": 7.6274
            },
            "Recall@1000": {
                "min": 55.75723,
                "max": 61.08453,
                "mean": 59.072461999999994,
                "std": 1.7811584468923591,
                "variance": 3.172525412936001,
                "median": 59.50374
            },
            "MAP": {
                "min": 11.16391,
                "max": 13.82839,
                "mean": 12.350268,
                "std": 0.996342524203399,
                "variance": 0.9926984255360007,
                "median": 12.51536
            }
        }
    }
}