{
    "bm25_batch_SAR_3shot": {
        "full_set": {
            "MRR": {
                "min": 60.70274,
                "max": 64.7313,
                "mean": 62.89936,
                "std": 1.5672790264276515,
                "variance": 2.456363546680007,
                "median": 63.0895
            },
            "NDCG@3": {
                "min": 29.58447,
                "max": 33.13924,
                "mean": 31.01347,
                "std": 1.297013270510368,
                "variance": 1.682243423880001,
                "median": 30.65283
            },
            "NDCG@5": {
                "min": 29.68388,
                "max": 31.86403,
                "mean": 30.491708,
                "std": 0.7934967999784246,
                "variance": 0.629637171576,
                "median": 30.30908
            },
            "NDCG@1000": {
                "min": 40.97076,
                "max": 42.25128,
                "mean": 41.566914,
                "std": 0.5031174254028586,
                "variance": 0.2531271437440011,
                "median": 41.28838
            },
            "Precision@20": {
                "min": 30.68966,
                "max": 31.76724,
                "mean": 31.241380000000003,
                "std": 0.46375644004153743,
                "variance": 0.2150700356800001,
                "median": 31.2931
            },
            "Recall@20": {
                "min": 10.67074,
                "max": 10.90142,
                "mean": 10.760017999999999,
                "std": 0.09319087002491172,
                "variance": 0.00868453825599999,
                "median": 10.70808
            },
            "Recall@1000": {
                "min": 57.29205,
                "max": 59.85605,
                "mean": 58.91142,
                "std": 0.9093983210672868,
                "variance": 0.82700530636,
                "median": 59.10048
            },
            "MAP": {
                "min": 14.92014,
                "max": 15.79689,
                "mean": 15.408767999999998,
                "std": 0.35549081779421515,
                "variance": 0.12637372153599988,
                "median": 15.49155
            }
        },
        "subset": {
            "MRR": {
                "min": 48.63851,
                "max": 54.39278,
                "mean": 50.987502,
                "std": 2.272049478681308,
                "variance": 5.162208833576003,
                "median": 50.46868
            },
            "NDCG@3": {
                "min": 19.31867,
                "max": 25.04099,
                "mean": 21.695448,
                "std": 2.463066882708629,
                "variance": 6.066698468696002,
                "median": 19.96342
            },
            "NDCG@5": {
                "min": 20.21619,
                "max": 24.78977,
                "mean": 22.10472,
                "std": 1.7776907513400633,
                "variance": 3.1601844073999983,
                "median": 21.14458
            },
            "NDCG@1000": {
                "min": 32.33008,
                "max": 35.72046,
                "mean": 34.060812,
                "std": 1.1575388204531198,
                "variance": 1.3398961208559999,
                "median": 34.27349
            },
            "Precision@20": {
                "min": 23.14815,
                "max": 25.55556,
                "mean": 24.37037,
                "std": 1.0166656209983689,
                "variance": 1.033608984919999,
                "median": 24.35185
            },
            "Recall@20": {
                "min": 6.23064,
                "max": 7.20401,
                "mean": 6.686946000000001,
                "std": 0.33429157133257187,
                "variance": 0.111750854664,
                "median": 6.73283
            },
            "Recall@1000": {
                "min": 48.80382,
                "max": 54.14164,
                "mean": 51.39759,
                "std": 1.9289514559158818,
                "variance": 3.72085371928,
                "median": 50.81498
            },
            "MAP": {
                "min": 8.91808,
                "max": 10.31692,
                "mean": 9.660836,
                "std": 0.4664633883425365,
                "variance": 0.21758809266399998,
                "median": 9.78247
            }
        },
        "corrected_subset": {
            "MRR": {
                "min": 46.96505,
                "max": 59.1111,
                "mean": 51.667809999999996,
                "std": 5.500214832353369,
                "variance": 30.252363202039998,
                "median": 47.33749
            },
            "NDCG@3": {
                "min": 17.00637,
                "max": 26.69153,
                "mean": 20.97053,
                "std": 3.1807534692459267,
                "variance": 10.117192632119998,
                "median": 19.96007
            },
            "NDCG@5": {
                "min": 19.11306,
                "max": 27.08323,
                "mean": 21.518286,
                "std": 2.8400859592667262,
                "variance": 8.066088256024,
                "median": 20.35365
            },
            "NDCG@1000": {
                "min": 32.65113,
                "max": 36.29481,
                "mean": 34.15065,
                "std": 1.2187444576120117,
                "variance": 1.4853380529599967,
                "median": 34.18883
            },
            "Precision@20": {
                "min": 22.61905,
                "max": 26.66667,
                "mean": 24.857143999999998,
                "std": 1.5178451457984767,
                "variance": 2.3038538866239993,
                "median": 24.52381
            },
            "Recall@20": {
                "min": 5.52212,
                "max": 7.06542,
                "mean": 6.352202,
                "std": 0.5750509789714299,
                "variance": 0.33068362841599985,
                "median": 6.12259
            },
            "Recall@1000": {
                "min": 47.73221,
                "max": 54.68181,
                "mean": 50.278363999999996,
                "std": 2.470336702853276,
                "variance": 6.102563425463996,
                "median": 49.26284
            },
            "MAP": {
                "min": 9.29493,
                "max": 11.04696,
                "mean": 9.855712,
                "std": 0.6937248253133226,
                "variance": 0.48125413325599997,
                "median": 9.3659
            }
        }
    }
}