{
    "bm25_batch_LLM_3shot_prompt1": {
        "full_set": {
            "MRR": {
                "min": 64.38364,
                "max": 71.64777,
                "mean": 67.193544,
                "std": 2.887119312329158,
                "variance": 8.33545792362399,
                "median": 65.21943
            },
            "NDCG@3": {
                "min": 34.79802,
                "max": 40.0214,
                "mean": 36.584168,
                "std": 1.791013610159342,
                "variance": 3.2077297517759993,
                "median": 36.17652
            },
            "NDCG@5": {
                "min": 32.99799,
                "max": 37.83507,
                "mean": 35.191604000000005,
                "std": 1.579450677819349,
                "variance": 2.494664443664001,
                "median": 35.28187
            },
            "NDCG@1000": {
                "min": 44.75143,
                "max": 46.26468,
                "mean": 45.571628,
                "std": 0.4902613641477372,
                "variance": 0.24035620517600015,
                "median": 45.55516
            },
            "Precision@20": {
                "min": 34.56897,
                "max": 35.86207,
                "mean": 35.387932000000006,
                "std": 0.5070837327463787,
                "variance": 0.25713391201600083,
                "median": 35.60345
            },
            "Recall@20": {
                "min": 11.23113,
                "max": 12.33146,
                "mean": 11.910174000000001,
                "std": 0.4013892983426439,
                "variance": 0.161113368824,
                "median": 12.0853
            },
            "Recall@1000": {
                "min": 62.25357,
                "max": 64.67783,
                "mean": 63.619510000000005,
                "std": 0.8904296469233263,
                "variance": 0.7928649561199994,
                "median": 63.53998
            },
            "MAP": {
                "min": 17.44948,
                "max": 18.43495,
                "mean": 17.908322,
                "std": 0.3340755745276808,
                "variance": 0.11160648949599998,
                "median": 17.78367
            }
        },
        "subset": {
            "MRR": {
                "min": 47.36487,
                "max": 59.70449,
                "mean": 53.38457,
                "std": 4.883549757637368,
                "variance": 23.849058235319998,
                "median": 51.19941
            },
            "NDCG@3": {
                "min": 21.9916,
                "max": 27.49568,
                "mean": 25.304526,
                "std": 2.1281487060222086,
                "variance": 4.529016914944,
                "median": 25.65226
            },
            "NDCG@5": {
                "min": 21.69927,
                "max": 25.59934,
                "mean": 24.428668,
                "std": 1.4711341836882186,
                "variance": 2.1642357864160013,
                "median": 25.32379
            },
            "NDCG@1000": {
                "min": 36.53451,
                "max": 39.4728,
                "mean": 38.223292,
                "std": 0.9820160609358692,
                "variance": 0.9643555439360008,
                "median": 38.60527
            },
            "Precision@20": {
                "min": 26.2037,
                "max": 28.42593,
                "mean": 27.518520000000002,
                "std": 1.0047920503666419,
                "variance": 1.0096070644800004,
                "median": 28.14815
            },
            "Recall@20": {
                "min": 7.10192,
                "max": 8.52104,
                "mean": 7.823312,
                "std": 0.5690102376021015,
                "variance": 0.3237726504959999,
                "median": 7.55264
            },
            "Recall@1000": {
                "min": 55.76982,
                "max": 59.05209,
                "mean": 57.518432000000004,
                "std": 1.1178659406458356,
                "variance": 1.249624261255999,
                "median": 57.28423
            },
            "MAP": {
                "min": 10.84769,
                "max": 12.0305,
                "mean": 11.64607,
                "std": 0.4303178228704918,
                "variance": 0.18517342867999995,
                "median": 11.88636
            }
        },
        "corrected_subset": {
            "MRR": {
                "min": 40.55926,
                "max": 68.83117,
                "mean": 54.190324,
                "std": 9.936394402652503,
                "variance": 98.731933725064,
                "median": 52.97808
            },
            "NDCG@3": {
                "min": 16.59947,
                "max": 31.37792,
                "mean": 22.659878,
                "std": 4.901768738940669,
                "variance": 24.027336770055996,
                "median": 22.37822
            },
            "NDCG@5": {
                "min": 17.52245,
                "max": 26.84912,
                "mean": 21.960428,
                "std": 3.0374428043036468,
                "variance": 9.226058789416001,
                "median": 21.68784
            },
            "NDCG@1000": {
                "min": 35.25204,
                "max": 38.79478,
                "mean": 37.581898,
                "std": 1.234163346132107,
                "variance": 1.5231591649359992,
                "median": 37.82101
            },
            "Precision@20": {
                "min": 25.0,
                "max": 28.33333,
                "mean": 26.952379999999998,
                "std": 1.1703042998297495,
                "variance": 1.3696121542000002,
                "median": 27.14286
            },
            "Recall@20": {
                "min": 5.88936,
                "max": 7.35417,
                "mean": 6.662424,
                "std": 0.49684760752568785,
                "variance": 0.24685754510399996,
                "median": 6.54877
            },
            "Recall@1000": {
                "min": 55.27226,
                "max": 59.80976,
                "mean": 57.68637199999999,
                "std": 1.608747315937464,
                "variance": 2.5880679265359943,
                "median": 57.68289
            },
            "MAP": {
                "min": 10.56826,
                "max": 12.01548,
                "mean": 11.415441999999999,
                "std": 0.47331863823010384,
                "variance": 0.2240305332959999,
                "median": 11.49849
            }
        }
    }
}