{
    "ance_batch_SAR_1shot": {
        "full_set": {
            "MRR": {
                "min": 54.22031,
                "max": 57.57139,
                "mean": 56.27490400000001,
                "std": 1.1684635497198887,
                "variance": 1.365307067024003,
                "median": 56.20919
            },
            "NDCG@3": {
                "min": 27.53683,
                "max": 29.34903,
                "mean": 28.80755,
                "std": 0.6487390381655791,
                "variance": 0.42086233964000075,
                "median": 29.08304
            },
            "NDCG@5": {
                "min": 28.26354,
                "max": 29.40791,
                "mean": 28.919506000000002,
                "std": 0.38920067896138183,
                "variance": 0.1514771685040006,
                "median": 29.05807
            },
            "NDCG@1000": {
                "min": 37.99354,
                "max": 38.83617,
                "mean": 38.34808400000001,
                "std": 0.3117799328757384,
                "variance": 0.09720672654399995,
                "median": 38.34305
            },
            "Precision@20": {
                "min": 29.78448,
                "max": 32.19828,
                "mean": 30.741380000000003,
                "std": 0.8107139291513368,
                "variance": 0.6572570749199986,
                "median": 30.64655
            },
            "Recall@20": {
                "min": 9.37858,
                "max": 10.13113,
                "mean": 9.720092,
                "std": 0.2967833830523537,
                "variance": 0.08808037645600009,
                "median": 9.67707
            },
            "Recall@1000": {
                "min": 53.09609,
                "max": 54.36575,
                "mean": 53.702805999999995,
                "std": 0.487573111424328,
                "variance": 0.23772753898400018,
                "median": 53.72038
            },
            "MAP": {
                "min": 14.47246,
                "max": 15.1615,
                "mean": 14.753165999999998,
                "std": 0.2361230666072251,
                "variance": 0.055754102584000056,
                "median": 14.75387
            }
        },
        "subset": {
            "MRR": {
                "min": 47.8072,
                "max": 53.31956,
                "mean": 50.913036,
                "std": 2.1237057950441263,
                "variance": 4.510126303904005,
                "median": 50.3399
            },
            "NDCG@3": {
                "min": 21.29957,
                "max": 25.7663,
                "mean": 23.854899999999997,
                "std": 1.5412618912696185,
                "variance": 2.3754882174800014,
                "median": 23.7025
            },
            "NDCG@5": {
                "min": 22.80785,
                "max": 25.72915,
                "mean": 24.23565,
                "std": 1.0780895190845707,
                "variance": 1.162277011160001,
                "median": 24.35513
            },
            "NDCG@1000": {
                "min": 32.63701,
                "max": 34.05079,
                "mean": 33.246202,
                "std": 0.5395525041513578,
                "variance": 0.29111690473600094,
                "median": 33.38625
            },
            "Precision@20": {
                "min": 25.37037,
                "max": 29.90741,
                "mean": 27.388889999999996,
                "std": 1.4854123498611413,
                "variance": 2.2064498491199975,
                "median": 27.31481
            },
            "Recall@20": {
                "min": 7.62852,
                "max": 8.57845,
                "mean": 8.210415999999999,
                "std": 0.3573243065116057,
                "variance": 0.12768066002399994,
                "median": 8.41734
            },
            "Recall@1000": {
                "min": 47.00043,
                "max": 47.94948,
                "mean": 47.483094,
                "std": 0.33948708980460507,
                "variance": 0.115251484144,
                "median": 47.3752
            },
            "MAP": {
                "min": 11.55607,
                "max": 12.59612,
                "mean": 12.115972,
                "std": 0.37435704942741516,
                "variance": 0.14014320045600015,
                "median": 12.08693
            }
        },
        "corrected_subset": {
            "MRR": {
                "min": 53.50698,
                "max": 63.56924,
                "mean": 58.94664399999999,
                "std": 3.7278626534227364,
                "variance": 13.896959962784004,
                "median": 58.12824
            },
            "NDCG@3": {
                "min": 26.78624,
                "max": 30.03129,
                "mean": 28.466632000000004,
                "std": 1.3375192139389995,
                "variance": 1.7889576476559994,
                "median": 28.09028
            },
            "NDCG@5": {
                "min": 25.67928,
                "max": 28.78574,
                "mean": 27.627924,
                "std": 1.1780602690626658,
                "variance": 1.3878259975440006,
                "median": 28.34199
            },
            "NDCG@1000": {
                "min": 35.94108,
                "max": 37.5518,
                "mean": 36.952416,
                "std": 0.5857409689137341,
                "variance": 0.34309248266399994,
                "median": 36.91611
            },
            "Precision@20": {
                "min": 29.7619,
                "max": 32.14286,
                "mean": 30.904761999999998,
                "std": 0.9689055751805741,
                "variance": 0.9387780136159991,
                "median": 30.71429
            },
            "Recall@20": {
                "min": 7.3028,
                "max": 8.04514,
                "mean": 7.799642,
                "std": 0.2710512986428951,
                "variance": 0.07346880649599993,
                "median": 7.87392
            },
            "Recall@1000": {
                "min": 50.166,
                "max": 51.92033,
                "mean": 51.101474,
                "std": 0.5942974965318298,
                "variance": 0.35318951438400026,
                "median": 51.28008
            },
            "MAP": {
                "min": 13.27727,
                "max": 14.26245,
                "mean": 13.646056000000002,
                "std": 0.44211722887035276,
                "variance": 0.19546764406399988,
                "median": 13.29545
            }
        }
    }
}