{
    "ance_batch_LLM_5shot_prompt1": {
        "full_set": {
            "MRR": {
                "min": 62.15466,
                "max": 63.66953,
                "mean": 62.70035,
                "std": 0.5173449214209034,
                "variance": 0.2676457677200007,
                "median": 62.51761
            },
            "NDCG@3": {
                "min": 32.71802,
                "max": 35.48502,
                "mean": 34.097942,
                "std": 1.0990068054093194,
                "variance": 1.2078159583359978,
                "median": 33.65152
            },
            "NDCG@5": {
                "min": 31.90214,
                "max": 36.0696,
                "mean": 33.515796,
                "std": 1.5429789423397855,
                "variance": 2.3807840165040033,
                "median": 32.97146
            },
            "NDCG@1000": {
                "min": 42.78571,
                "max": 45.0106,
                "mean": 43.56999,
                "std": 0.805386191463448,
                "variance": 0.6486469173999978,
                "median": 43.40459
            },
            "Precision@20": {
                "min": 34.56897,
                "max": 36.85345,
                "mean": 35.301726,
                "std": 0.856446915963857,
                "variance": 0.733501319864002,
                "median": 34.78448
            },
            "Recall@20": {
                "min": 10.74532,
                "max": 11.81802,
                "mean": 11.30037,
                "std": 0.3667802801678412,
                "variance": 0.1345277739200001,
                "median": 11.29258
            },
            "Recall@1000": {
                "min": 58.18431,
                "max": 60.47918,
                "mean": 59.147508,
                "std": 0.7860097341229296,
                "variance": 0.6178113021359986,
                "median": 58.9476
            },
            "MAP": {
                "min": 16.40192,
                "max": 17.95445,
                "mean": 16.881114,
                "std": 0.5931622110552904,
                "variance": 0.3518414086240009,
                "median": 16.5556
            }
        },
        "subset": {
            "MRR": {
                "min": 52.9092,
                "max": 56.56609,
                "mean": 55.15483400000001,
                "std": 1.4642574329208662,
                "variance": 2.144049829864005,
                "median": 55.78981
            },
            "NDCG@3": {
                "min": 23.65345,
                "max": 27.69632,
                "mean": 25.741146000000004,
                "std": 1.3378574098699758,
                "variance": 1.7898624491440003,
                "median": 25.92688
            },
            "NDCG@5": {
                "min": 24.19339,
                "max": 27.84207,
                "mean": 25.93547,
                "std": 1.2564198167809992,
                "variance": 1.5785907559999994,
                "median": 26.24405
            },
            "NDCG@1000": {
                "min": 36.86467,
                "max": 38.1855,
                "mean": 37.485222,
                "std": 0.4996898748784094,
                "variance": 0.2496899710560004,
                "median": 37.7056
            },
            "Precision@20": {
                "min": 29.72222,
                "max": 31.2963,
                "mean": 30.703704,
                "std": 0.5635250799955578,
                "variance": 0.31756051578399985,
                "median": 30.92593
            },
            "Recall@20": {
                "min": 8.42129,
                "max": 8.98763,
                "mean": 8.811907999999999,
                "std": 0.2080041967268924,
                "variance": 0.04326574585599976,
                "median": 8.90639
            },
            "Recall@1000": {
                "min": 51.49155,
                "max": 53.73028,
                "mean": 52.785106,
                "std": 0.7364433747573553,
                "variance": 0.5423488442240024,
                "median": 52.82516
            },
            "MAP": {
                "min": 12.51812,
                "max": 13.66426,
                "mean": 12.933946,
                "std": 0.4274624036614217,
                "variance": 0.18272410654400023,
                "median": 12.82302
            }
        },
        "corrected_subset": {
            "MRR": {
                "min": 46.6529,
                "max": 59.95229,
                "mean": 55.494319999999995,
                "std": 4.602945075853066,
                "variance": 21.18710337131999,
                "median": 57.33514
            },
            "NDCG@3": {
                "min": 21.4761,
                "max": 27.8053,
                "mean": 25.209471999999998,
                "std": 2.1451503830678167,
                "variance": 4.601670165976,
                "median": 25.12051
            },
            "NDCG@5": {
                "min": 22.34902,
                "max": 26.46244,
                "mean": 25.26002,
                "std": 1.509517182664709,
                "variance": 2.27864212476,
                "median": 26.10439
            },
            "NDCG@1000": {
                "min": 37.92653,
                "max": 40.16242,
                "mean": 38.811268,
                "std": 0.8543718939993283,
                "variance": 0.7299513332559995,
                "median": 38.3692
            },
            "Precision@20": {
                "min": 30.0,
                "max": 31.90476,
                "mean": 31.0,
                "std": 0.7737168003087436,
                "variance": 0.5986376870800001,
                "median": 30.71429
            },
            "Recall@20": {
                "min": 7.70394,
                "max": 8.46203,
                "mean": 8.113674,
                "std": 0.2994468845454899,
                "variance": 0.08966843666399997,
                "median": 8.24429
            },
            "Recall@1000": {
                "min": 53.76464,
                "max": 58.3107,
                "mean": 55.371938,
                "std": 1.684895611513069,
                "variance": 2.838873221695999,
                "median": 55.08322
            },
            "MAP": {
                "min": 12.6371,
                "max": 13.49847,
                "mean": 13.018376,
                "std": 0.29742552880342976,
                "variance": 0.08846194518399982,
                "median": 12.96043
            }
        }
    }
}