{
    "ance_batch_automatic_0shot": {
        "full_set_baseline": {
            "MRR": {
                "min": 84.40333,
                "max": 87.15049,
                "mean": 85.767812,
                "std": 0.96049204586816,
                "variance": 0.9225449701760035,
                "median": 85.6524
            },
            "NDCG@3": {
                "min": 54.20631,
                "max": 55.8754,
                "mean": 54.83761,
                "std": 0.6321096446661768,
                "variance": 0.3995626028800003,
                "median": 54.52034
            },
            "NDCG@5": {
                "min": 47.37667,
                "max": 48.90463,
                "mean": 48.30507,
                "std": 0.5121637429963196,
                "variance": 0.2623116996400002,
                "median": 48.45898
            },
            "NDCG@1000": {
                "min": 46.9271,
                "max": 47.94938,
                "mean": 47.374818,
                "std": 0.41366798911204034,
                "variance": 0.1711212052159991,
                "median": 47.11003
            },
            "Precision@20": {
                "min": 37.71552,
                "max": 39.9569,
                "mean": 38.939656,
                "std": 0.7866124113081356,
                "variance": 0.6187590856239996,
                "median": 38.92241
            },
            "Recall@20": {
                "min": 11.58687,
                "max": 12.1085,
                "mean": 11.806956,
                "std": 0.20054528871055535,
                "variance": 0.040218412824,
                "median": 11.73686
            },
            "Recall@1000": {
                "min": 60.04265,
                "max": 61.41779,
                "mean": 60.55856200000001,
                "std": 0.501321594643596,
                "variance": 0.251323341255998,
                "median": 60.5397
            },
            "MAP": {
                "min": 18.57779,
                "max": 19.22927,
                "mean": 18.860008,
                "std": 0.25398720033891414,
                "variance": 0.06450949793599972,
                "median": 18.81615
            }
        },
        "full_set_always_ptkb": {
            "MRR": {
                "min": 84.40333,
                "max": 87.15049,
                "mean": 85.767812,
                "std": 0.96049204586816,
                "variance": 0.9225449701760035,
                "median": 85.6524
            },
            "NDCG@3": {
                "min": 54.20631,
                "max": 55.8754,
                "mean": 54.83761,
                "std": 0.6321096446661768,
                "variance": 0.3995626028800003,
                "median": 54.52034
            },
            "NDCG@5": {
                "min": 47.37667,
                "max": 48.90463,
                "mean": 48.30507,
                "std": 0.5121637429963196,
                "variance": 0.2623116996400002,
                "median": 48.45898
            },
            "NDCG@1000": {
                "min": 46.9271,
                "max": 47.94938,
                "mean": 47.374818,
                "std": 0.41366798911204034,
                "variance": 0.1711212052159991,
                "median": 47.11003
            },
            "Precision@20": {
                "min": 37.71552,
                "max": 39.9569,
                "mean": 38.939656,
                "std": 0.7866124113081356,
                "variance": 0.6187590856239996,
                "median": 38.92241
            },
            "Recall@20": {
                "min": 11.58687,
                "max": 12.1085,
                "mean": 11.806956,
                "std": 0.20054528871055535,
                "variance": 0.040218412824,
                "median": 11.73686
            },
            "Recall@1000": {
                "min": 60.04265,
                "max": 61.41779,
                "mean": 60.55856200000001,
                "std": 0.501321594643596,
                "variance": 0.251323341255998,
                "median": 60.5397
            },
            "MAP": {
                "min": 18.57779,
                "max": 19.22927,
                "mean": 18.860008,
                "std": 0.25398720033891414,
                "variance": 0.06450949793599972,
                "median": 18.81615
            }
        },
        "subset_baseline": {
            "MRR": {
                "min": 85.86863,
                "max": 90.54386,
                "mean": 87.82791999999999,
                "std": 1.5897664026139173,
                "variance": 2.527357214879996,
                "median": 87.52471
            },
            "NDCG@3": {
                "min": 49.12596,
                "max": 52.59322,
                "mean": 50.17468,
                "std": 1.238929753020728,
                "variance": 1.534946932920002,
                "median": 49.79727
            },
            "NDCG@5": {
                "min": 43.07337,
                "max": 47.42796,
                "mean": 44.594803999999996,
                "std": 1.5592029462337487,
                "variance": 2.431113827544002,
                "median": 43.92324
            },
            "NDCG@1000": {
                "min": 43.63233,
                "max": 44.82403,
                "mean": 44.147217999999995,
                "std": 0.41233051283648586,
                "variance": 0.17001645181599945,
                "median": 44.0404
            },
            "Precision@20": {
                "min": 36.11111,
                "max": 37.87037,
                "mean": 37.037036,
                "std": 0.6057570284396226,
                "variance": 0.36694157750400186,
                "median": 36.85185
            },
            "Recall@20": {
                "min": 10.9044,
                "max": 11.2701,
                "mean": 11.057082,
                "std": 0.1641355676750163,
                "variance": 0.026940484575999856,
                "median": 10.93859
            },
            "Recall@1000": {
                "min": 56.05735,
                "max": 58.71071,
                "mean": 56.70751800000001,
                "std": 1.007840290470667,
                "variance": 1.0157420510959985,
                "median": 56.26126
            },
            "MAP": {
                "min": 16.09432,
                "max": 16.66593,
                "mean": 16.415333999999998,
                "std": 0.1849702727034805,
                "variance": 0.03421400178399994,
                "median": 16.416
            }
        },
        "subset_always_ptkb": {
            "MRR": {
                "min": 85.86863,
                "max": 90.54386,
                "mean": 87.82791999999999,
                "std": 1.5897664026139173,
                "variance": 2.527357214879996,
                "median": 87.52471
            },
            "NDCG@3": {
                "min": 49.12596,
                "max": 52.59322,
                "mean": 50.17468,
                "std": 1.238929753020728,
                "variance": 1.534946932920002,
                "median": 49.79727
            },
            "NDCG@5": {
                "min": 43.07337,
                "max": 47.42796,
                "mean": 44.594803999999996,
                "std": 1.5592029462337487,
                "variance": 2.431113827544002,
                "median": 43.92324
            },
            "NDCG@1000": {
                "min": 43.63233,
                "max": 44.82403,
                "mean": 44.147217999999995,
                "std": 0.41233051283648586,
                "variance": 0.17001645181599945,
                "median": 44.0404
            },
            "Precision@20": {
                "min": 36.11111,
                "max": 37.87037,
                "mean": 37.037036,
                "std": 0.6057570284396226,
                "variance": 0.36694157750400186,
                "median": 36.85185
            },