{
    "bm25_batch_LLM_1shot_prompt1": {
        "full_set": {
            "MRR": {
                "min": 66.70863,
                "max": 69.12713,
                "mean": 67.94082399999999,
                "std": 0.9135463403593702,
                "variance": 0.8345669159839982,
                "median": 68.25332
            },
            "NDCG@3": {
                "min": 34.41775,
                "max": 37.29491,
                "mean": 36.000754,
                "std": 0.9723022368502514,
                "variance": 0.9453716397840024,
                "median": 36.09793
            },
            "NDCG@5": {
                "min": 34.2568,
                "max": 37.05849,
                "mean": 35.412577999999996,
                "std": 1.1034777761133199,
                "variance": 1.217663202375998,
                "median": 35.1303
            },
            "NDCG@1000": {
                "min": 44.63283,
                "max": 45.79627,
                "mean": 45.388648,
                "std": 0.40085531760973386,
                "variance": 0.16068498565600062,
                "median": 45.508
            },
            "Precision@20": {
                "min": 33.57759,
                "max": 36.85345,
                "mean": 35.189656,
                "std": 1.1603072653672395,
                "variance": 1.3463129500640014,
                "median": 34.78448
            },
            "Recall@20": {
                "min": 11.68255,
                "max": 12.34633,
                "mean": 11.960448,
                "std": 0.25199405519972073,
                "variance": 0.06350100385599991,
                "median": 11.87936
            },
            "Recall@1000": {
                "min": 63.15866,
                "max": 63.72046,
                "mean": 63.387817999999996,
                "std": 0.21105897113366384,
                "variance": 0.04454588929600074,
                "median": 63.39128
            },
            "MAP": {
                "min": 17.12076,
                "max": 18.55099,
                "mean": 17.833606,
                "std": 0.5110986550011642,
                "variance": 0.26122183514399916,
                "median": 18.01534
            }
        },
        "subset": {
            "MRR": {
                "min": 51.42221,
                "max": 59.17782,
                "mean": 55.09372,
                "std": 2.6086503659632108,
                "variance": 6.805056731839994,
                "median": 54.50793
            },
            "NDCG@3": {
                "min": 23.87861,
                "max": 26.92574,
                "mean": 24.785648000000002,
                "std": 1.1039353404506995,
                "variance": 1.2186732358960017,
                "median": 24.25404
            },
            "NDCG@5": {
                "min": 22.83575,
                "max": 26.43024,
                "mean": 24.957974,
                "std": 1.301207449726599,
                "variance": 1.6931408272239998,
                "median": 25.409
            },
            "NDCG@1000": {
                "min": 37.99747,
                "max": 38.72306,
                "mean": 38.25969,
                "std": 0.2658323853107431,
                "variance": 0.0706668570799994,
                "median": 38.1743
            },
            "Precision@20": {
                "min": 26.48148,
                "max": 29.81481,
                "mean": 28.037034,
                "std": 1.1992791147451871,
                "variance": 1.438270395064,
                "median": 27.59259
            },
            "Recall@20": {
                "min": 7.3886,
                "max": 8.44723,
                "mean": 7.883719999999999,
                "std": 0.3493931078312792,
                "variance": 0.1220755437999999,
                "median": 7.82694
            },
            "Recall@1000": {
                "min": 56.40331,
                "max": 58.41929,
                "mean": 57.309212,
                "std": 0.6612105961461898,
                "variance": 0.4371994524559998,
                "median": 57.18406
            },
            "MAP": {
                "min": 11.47677,
                "max": 12.03412,
                "mean": 11.713742,
                "std": 0.21890355779657833,
                "variance": 0.04791876761599991,
                "median": 11.69534
            }
        },
        "corrected_subset": {
            "MRR": {
                "min": 48.89783,
                "max": 61.83545,
                "mean": 55.149254,
                "std": 4.965254408541824,
                "variance": 24.65375134154402,
                "median": 57.14708
            },
            "NDCG@3": {
                "min": 18.15853,
                "max": 24.82451,
                "mean": 22.279253999999998,
                "std": 2.361269961919645,
                "variance": 5.575595833064002,
                "median": 22.62025
            },
            "NDCG@5": {
                "min": 19.88872,
                "max": 24.97312,
                "mean": 22.48364,
                "std": 1.804599435697574,
                "variance": 3.2565791233200025,
                "median": 23.10451
            },
            "NDCG@1000": {
                "min": 37.44725,
                "max": 38.81536,
                "mean": 38.391266,
                "std": 0.5000572334683313,
                "variance": 0.25005723674400115,
                "median": 38.67193
            },
            "Precision@20": {
                "min": 25.2381,
                "max": 30.2381,
                "mean": 27.571432000000005,
                "std": 1.9071408620172763,
                "variance": 3.637186267576,
                "median": 27.61905
            },
            "Recall@20": {
                "min": 6.26131,
                "max": 7.32843,
                "mean": 6.772573999999999,
                "std": 0.43912762093040786,
                "variance": 0.19283306746399997,
                "median": 6.76772
            },
            "Recall@1000": {
                "min": 56.28544,
                "max": 59.95809,
                "mean": 58.652373999999995,
                "std": 1.34331350873279,
                "variance": 1.804491182744,
                "median": 59.17788
            },
            "MAP": {
                "min": 10.78062,
                "max": 12.1779,
                "mean": 11.624916,
                "std": 0.4614827100813199,
                "variance": 0.21296629170399956,
                "median": 11.74861
            }
        }
    }
}