{
    "ance_batch_human_0shot_prompt2": {
        "full_set": {
            "MRR": {
                "min": 58.3916,
                "max": 65.35455,
                "mean": 61.740418,
                "std": 2.437602558075457,
                "variance": 5.941906231136011,
                "median": 62.02946
            },
            "NDCG@3": {
                "min": 30.78793,
                "max": 34.10155,
                "mean": 32.36074,
                "std": 1.3211721205051232,
                "variance": 1.745495772000004,
                "median": 31.69589
            },
            "NDCG@5": {
                "min": 29.86777,
                "max": 33.43472,
                "mean": 31.545983999999997,
                "std": 1.4411297216642216,
                "variance": 2.0768548746639968,
                "median": 30.95191
            },
            "NDCG@1000": {
                "min": 40.37426,
                "max": 42.16499,
                "mean": 41.092454,
                "std": 0.6812829506629401,
                "variance": 0.46414645886400213,
                "median": 40.79032
            },
            "Precision@20": {
                "min": 31.85345,
                "max": 34.35345,
                "mean": 32.827588000000006,
                "std": 0.910533559983377,
                "variance": 0.8290713638560021,
                "median": 32.88793
            },
            "Recall@20": {
                "min": 9.62073,
                "max": 10.63329,
                "mean": 10.145655999999999,
                "std": 0.32270992706144025,
                "variance": 0.10414169702400008,
                "median": 10.15915
            },
            "Recall@1000": {
                "min": 56.54839,
                "max": 58.76879,
                "mean": 57.55402,
                "std": 0.9458834722945533,
                "variance": 0.894695543160001,
                "median": 57.24472
            },
            "MAP": {
                "min": 15.12134,
                "max": 16.31071,
                "mean": 15.653354000000002,
                "std": 0.43209779997588516,
                "variance": 0.18670850874400008,
                "median": 15.54557
            }
        },
        "subset": {
            "MRR": {
                "min": 53.34138,
                "max": 64.64797,
                "mean": 57.649864,
                "std": 3.7766084409406284,
                "variance": 14.262771316184004,
                "median": 57.05856
            },
            "NDCG@3": {
                "min": 23.96214,
                "max": 29.53721,
                "mean": 26.031,
                "std": 2.0317986461753534,
                "variance": 4.128205738599999,
                "median": 25.33395
            },
            "NDCG@5": {
                "min": 24.31259,
                "max": 29.06756,
                "mean": 26.373678,
                "std": 1.747002462773307,
                "variance": 3.0520176049359997,
                "median": 25.42142
            },
            "NDCG@1000": {
                "min": 35.87549,
                "max": 37.60799,
                "mean": 36.876196,
                "std": 0.6319183631957543,
                "variance": 0.3993208177440013,
                "median": 36.83914
            },
            "Precision@20": {
                "min": 28.24074,
                "max": 30.74074,
                "mean": 29.611110000000004,
                "std": 0.8830837057040517,
                "variance": 0.7798368312800003,
                "median": 29.72222
            },
            "Recall@20": {
                "min": 8.11793,
                "max": 9.07436,
                "mean": 8.67426,
                "std": 0.3261872946023499,
                "variance": 0.1063981511600002,
                "median": 8.69853
            },
            "Recall@1000": {
                "min": 52.19678,
                "max": 53.65777,
                "mean": 52.947232,
                "std": 0.5290049078562512,
                "variance": 0.27984619253600085,
                "median": 52.95384
            },
            "MAP": {
                "min": 12.1782,
                "max": 13.29853,
                "mean": 12.777228,
                "std": 0.39851909376590705,
                "variance": 0.15881746809599984,
                "median": 12.89439
            }
        },
        "corrected_subset": {
            "MRR": {
                "min": 51.59504,
                "max": 69.48177,
                "mean": 59.595974,
                "std": 5.915651935023223,
                "variance": 34.994937816344,
                "median": 60.37788
            },
            "NDCG@3": {
                "min": 23.59996,
                "max": 31.2206,
                "mean": 26.791654,
                "std": 2.692449418032585,
                "variance": 7.249283868664004,
                "median": 26.28361
            },
            "NDCG@5": {
                "min": 22.79583,
                "max": 31.40148,
                "mean": 26.640521999999997,
                "std": 3.5278729655553076,
                "variance": 12.445887661096,
                "median": 24.94978
            },
            "NDCG@1000": {
                "min": 36.56899,
                "max": 39.3492,
                "mean": 37.271001999999996,
                "std": 1.0564470009120208,
                "variance": 1.1160802657360034,
                "median": 36.76099
            },
            "Precision@20": {
                "min": 28.33333,
                "max": 33.57143,
                "mean": 31.285714000000002,
                "std": 1.9897703487649012,
                "variance": 3.9591860408239965,
                "median": 31.19048
            },
            "Recall@20": {
                "min": 8.07223,
                "max": 9.56817,
                "mean": 8.682165999999999,
                "std": 0.5832064150058711,
                "variance": 0.3401297225040004,
                "median": 8.6001
            },
            "Recall@1000": {
                "min": 52.26673,
                "max": 55.41688,
                "mean": 53.573257999999996,
                "std": 1.0515799266132828,
                "variance": 1.105820342055997,
                "median": 53.57781
            },
            "MAP": {
                "min": 12.15219,
                "max": 13.61962,
                "mean": 12.834995999999999,
                "std": 0.48137048021664147,
                "variance": 0.231717539224,
                "median": 12.85103
            }
        }
    }
}