{
    "bm25_batch_automatic_0shot": {
        "full_set_baseline": {
            "MRR": {
                "min": 88.52509,
                "max": 91.78635,
                "mean": 90.58746,
                "std": 1.1631629555655536,
                "variance": 1.3529480611999942,
                "median": 90.95051
            },
            "NDCG@3": {
                "min": 59.72022,
                "max": 61.50266,
                "mean": 60.857744000000004,
                "std": 0.6567622718944816,
                "variance": 0.43133668178400086,
                "median": 61.23171
            },
            "NDCG@5": {
                "min": 51.85427,
                "max": 53.45821,
                "mean": 52.31879,
                "std": 0.5961190784398706,
                "variance": 0.3553579556800005,
                "median": 51.99287
            },
            "NDCG@1000": {
                "min": 47.29025,
                "max": 48.27208,
                "mean": 47.765122,
                "std": 0.3206139847480147,
                "variance": 0.10279332721600024,
                "median": 47.70418
            },
            "Precision@20": {
                "min": 35.17241,
                "max": 36.93966,
                "mean": 36.077586,
                "std": 0.6771506277513164,
                "variance": 0.4585329726640019,
                "median": 36.12069
            },
            "Recall@20": {
                "min": 11.85219,
                "max": 12.55188,
                "mean": 12.161468000000001,
                "std": 0.27150789317439755,
                "variance": 0.07371653605600006,
                "median": 12.23136
            },
            "Recall@1000": {
                "min": 60.13966,
                "max": 61.63295,
                "mean": 60.704598,
                "std": 0.5082270585633949,
                "variance": 0.2582947430560004,
                "median": 60.56428
            },
            "MAP": {
                "min": 18.10971,
                "max": 18.74546,
                "mean": 18.492454000000002,
                "std": 0.22114454274071582,
                "variance": 0.048904908784000285,
                "median": 18.49952
            }
        },
        "full_set_always_ptkb": {
            "MRR": {
                "min": 88.52509,
                "max": 91.78635,
                "mean": 90.58746,
                "std": 1.1631629555655536,
                "variance": 1.3529480611999942,
                "median": 90.95051
            },
            "NDCG@3": {
                "min": 59.72022,
                "max": 61.50266,
                "mean": 60.857744000000004,
                "std": 0.6567622718944816,
                "variance": 0.43133668178400086,
                "median": 61.23171
            },
            "NDCG@5": {
                "min": 51.85427,
                "max": 53.45821,
                "mean": 52.31879,
                "std": 0.5961190784398706,
                "variance": 0.3553579556800005,
                "median": 51.99287
            },
            "NDCG@1000": {
                "min": 47.29025,
                "max": 48.27208,
                "mean": 47.765122,
                "std": 0.3206139847480147,
                "variance": 0.10279332721600024,
                "median": 47.70418
            },
            "Precision@20": {
                "min": 35.17241,
                "max": 36.93966,
                "mean": 36.077586,
                "std": 0.6771506277513164,
                "variance": 0.4585329726640019,
                "median": 36.12069
            },
            "Recall@20": {
                "min": 11.85219,
                "max": 12.55188,
                "mean": 12.161468000000001,
                "std": 0.27150789317439755,
                "variance": 0.07371653605600006,
                "median": 12.23136
            },
            "Recall@1000": {
                "min": 60.13966,
                "max": 61.63295,
                "mean": 60.704598,
                "std": 0.5082270585633949,
                "variance": 0.2582947430560004,
                "median": 60.56428
            },
            "MAP": {
                "min": 18.10971,
                "max": 18.74546,
                "mean": 18.492454000000002,
                "std": 0.22114454274071582,
                "variance": 0.048904908784000285,
                "median": 18.49952
            }
        },
        "subset_baseline": {
            "MRR": {
                "min": 82.96029,
                "max": 88.31366,
                "mean": 85.76492799999998,
                "std": 1.9455346649330094,
                "variance": 3.7851051324559974,
                "median": 85.76098
            },
            "NDCG@3": {
                "min": 51.6176,
                "max": 53.41424,
                "mean": 52.59926800000001,
                "std": 0.6082662633879994,
                "variance": 0.369987847175999,
                "median": 52.72153
            },
            "NDCG@5": {
                "min": 43.89499,
                "max": 45.37759,
                "mean": 44.406376,
                "std": 0.5073369671372263,
                "variance": 0.257390798223999,
                "median": 44.27667
            },
            "NDCG@1000": {
                "min": 40.50422,
                "max": 41.66705,
                "mean": 41.04075400000001,
                "std": 0.45922424712116566,
                "variance": 0.2108869091440014,
                "median": 41.13447
            },
            "Precision@20": {
                "min": 28.51852,
                "max": 30.55556,
                "mean": 29.481482,
                "std": 0.8335405684764241,
                "variance": 0.6947898792960003,
                "median": 29.44444
            },
            "Recall@20": {
                "min": 7.84095,
                "max": 9.03469,
                "mean": 8.474374,
                "std": 0.39141662246767167,
                "variance": 0.15320697234399983,
                "median": 8.5051
            },
            "Recall@1000": {
                "min": 53.44841,
                "max": 55.4762,
                "mean": 54.582318,
                "std": 0.8215809070176834,
                "variance": 0.6749951867759992,
                "median": 54.90033
            },
            "MAP": {
                "min": 12.36467,
                "max": 13.08996,
                "mean": 12.735788,
                "std": 0.30172630282426466,
                "variance": 0.09103876181599987,
                "median": 12.86278
            }
        },
        "subset_always_ptkb": {
            "MRR": {
                "min": 82.96029,
                "max": 88.31366,
                "mean": 85.76492799999998,
                "std": 1.9455346649330094,
                "variance": 3.7851051324559974,
                "median": 85.76098
            },
            "NDCG@3": {
                "min": 51.6176,
                "max": 53.41424,
                "mean": 52.59926800000001,
                "std": 0.6082662633879994,
                "variance": 0.369987847175999,
                "median": 52.72153
            },
            "NDCG@5": {
                "min": 43.89499,
                "max": 45.37759,
                "mean": 44.406376,
                "std": 0.5073369671372263,
                "variance": 0.257390798223999,
                "median": 44.27667
            },
            "NDCG@1000": {
                "min": 40.50422,
                "max": 41.66705,
                "mean": 41.04075400000001,
                "std": 0.45922424712116566,
                "variance": 0.2108869091440014,
                "median": 41.13447
            },
            "Precision@20": {
                "min": 28.51852,
                "max": 30.55556,
                "mean": 29.481482,
                "std": 0.8335405684764241,