{
    "ance_batch_LLM_5shot_prompt2": {
        "full_set": {
            "MRR": {
                "min": 57.74806,
                "max": 63.13113,
                "mean": 59.848944,
                "std": 1.8489661422708628,
                "variance": 3.418675795263996,
                "median": 59.68695
            },
            "NDCG@3": {
                "min": 31.41206,
                "max": 34.49092,
                "mean": 32.718394,
                "std": 1.2510626724764833,
                "variance": 1.5651578104640003,
                "median": 32.02563
            },
            "NDCG@5": {
                "min": 30.64758,
                "max": 32.86978,
                "mean": 31.862726000000002,
                "std": 0.9450749813977716,
                "variance": 0.8931667204639983,
                "median": 32.04548
            },
            "NDCG@1000": {
                "min": 39.66137,
                "max": 40.73233,
                "mean": 40.414586,
                "std": 0.39390760462829416,
                "variance": 0.1551632009840005,
                "median": 40.52439
            },
            "Precision@20": {
                "min": 31.12069,
                "max": 32.84483,
                "mean": 32.224137999999996,
                "std": 0.6619444045960362,
                "variance": 0.43817039477600084,
                "median": 32.58621
            },
            "Recall@20": {
                "min": 9.42659,
                "max": 9.9833,
                "mean": 9.722366000000001,
                "std": 0.1940881274679111,
                "variance": 0.03767020122400011,
                "median": 9.76836
            },
            "Recall@1000": {
                "min": 55.83562,
                "max": 57.00487,
                "mean": 56.552454,
                "std": 0.3882044342147571,
                "variance": 0.15070268274399967,
                "median": 56.66995
            },
            "MAP": {
                "min": 14.87802,
                "max": 15.63444,
                "mean": 15.290844000000002,
                "std": 0.2507447268119512,
                "variance": 0.06287291802400005,
                "median": 15.25061
            }
        },
        "subset": {
            "MRR": {
                "min": 51.63589,
                "max": 57.70572,
                "mean": 54.79036,
                "std": 2.2821184929534204,
                "variance": 5.208064815879991,
                "median": 55.25419
            },
            "NDCG@3": {
                "min": 21.7872,
                "max": 27.01458,
                "mean": 25.234118,
                "std": 2.043268685850199,
                "variance": 4.174946922576,
                "median": 26.55879
            },
            "NDCG@5": {
                "min": 22.77842,
                "max": 26.81906,
                "mean": 25.479592000000004,
                "std": 1.449101190647499,
                "variance": 2.099894260736,
                "median": 25.60746
            },
            "NDCG@1000": {
                "min": 34.67352,
                "max": 36.23666,
                "mean": 35.49383,
                "std": 0.5167616462935295,
                "variance": 0.26704259907999894,
                "median": 35.49113
            },
            "Precision@20": {
                "min": 27.68519,
                "max": 29.81481,
                "mean": 28.944446,
                "std": 0.7913252969948582,
                "variance": 0.6261957256640006,
                "median": 29.16667
            },
            "Recall@20": {
                "min": 8.20418,
                "max": 8.56459,
                "mean": 8.371208,
                "std": 0.15384715290183365,
                "variance": 0.02366894645600018,
                "median": 8.27544
            },
            "Recall@1000": {
                "min": 50.29273,
                "max": 52.1544,
                "mean": 51.409766000000005,
                "std": 0.6445748222696892,
                "variance": 0.4154767015040014,
                "median": 51.71524
            },
            "MAP": {
                "min": 11.98886,
                "max": 12.79864,
                "mean": 12.381048,
                "std": 0.35415132174820396,
                "variance": 0.1254231586959999,
                "median": 12.32727
            }
        },
        "corrected_subset": {
            "MRR": {
                "min": 51.18215,
                "max": 62.87063,
                "mean": 56.754912000000004,
                "std": 4.15231092270509,
                "variance": 17.241685998815996,
                "median": 56.1545
            },
            "NDCG@3": {
                "min": 19.07028,
                "max": 28.46542,
                "mean": 25.28675,
                "std": 3.793966602520376,
                "variance": 14.394182581040004,
                "median": 27.92516
            },
            "NDCG@5": {
                "min": 22.19036,
                "max": 28.71262,
                "mean": 25.867068,
                "std": 2.3941062405783087,
                "variance": 5.731744691176003,
                "median": 26.01684
            },
            "NDCG@1000": {
                "min": 35.84863,
                "max": 38.861,
                "mean": 36.83374200000001,
                "std": 1.092304268460028,
                "variance": 1.1931286148959968,
                "median": 36.3813
            },
            "Precision@20": {
                "min": 30.47619,
                "max": 32.85714,
                "mean": 31.428572000000003,
                "std": 0.8650409923096138,
                "variance": 0.7482959183760014,
                "median": 31.19048
            },
            "Recall@20": {
                "min": 7.96165,
                "max": 8.73487,
                "mean": 8.368452000000001,
                "std": 0.25187516974882646,
                "variance": 0.06344110113600013,
                "median": 8.35002
            },
            "Recall@1000": {
                "min": 51.27152,
                "max": 55.57698,
                "mean": 52.799533999999994,
                "std": 1.5703523512078417,
                "variance": 2.4660065069439963,
                "median": 52.84748
            },
            "MAP": {
                "min": 12.51893,
                "max": 13.55953,
                "mean": 13.056054,
                "std": 0.36916185033667864,
                "variance": 0.13628047174400032,
                "median": 13.17589
            }
        }
    }
}