{
    "bm25_batch_SAR_0shot": {
        "full_set": {
            "MRR": {
                "min": 55.99037,
                "max": 63.71765,
                "mean": 60.736446,
                "std": 2.676964465439166,
                "variance": 7.166138749224002,
                "median": 61.95891
            },
            "NDCG@3": {
                "min": 27.39448,
                "max": 31.58442,
                "mean": 29.945730000000005,
                "std": 1.3955202970935248,
                "variance": 1.9474768995999998,
                "median": 30.09344
            },
            "NDCG@5": {
                "min": 27.22278,
                "max": 30.71688,
                "mean": 29.138678,
                "std": 1.2736173670361124,
                "variance": 1.6221011976159994,
                "median": 28.70494
            },
            "NDCG@1000": {
                "min": 39.21934,
                "max": 40.60299,
                "mean": 39.994692,
                "std": 0.45997890453367396,
                "variance": 0.21158059261599874,
                "median": 40.05932
            },
            "Precision@20": {
                "min": 28.23276,
                "max": 30.38793,
                "mean": 29.689656000000003,
                "std": 0.7635021528876006,
                "variance": 0.582935537464001,
                "median": 29.9569
            },
            "Recall@20": {
                "min": 9.8419,
                "max": 10.6079,
                "mean": 10.188994,
                "std": 0.2581983421790312,
                "variance": 0.06666638390400008,
                "median": 10.2113
            },
            "Recall@1000": {
                "min": 56.49755,
                "max": 57.94248,
                "mean": 57.213548,
                "std": 0.4983951003531258,
                "variance": 0.24839767605600233,
                "median": 57.16836
            },
            "MAP": {
                "min": 13.68599,
                "max": 14.98981,
                "mean": 14.335404000000002,
                "std": 0.41457774641676076,
                "variance": 0.171874707824,
                "median": 14.31719
            }
        },
        "subset": {
            "MRR": {
                "min": 44.10833,
                "max": 54.96425,
                "mean": 50.002772,
                "std": 4.129874511533734,
                "variance": 17.055863481015997,
                "median": 49.36738
            },
            "NDCG@3": {
                "min": 19.97128,
                "max": 22.93072,
                "mean": 22.146084,
                "std": 1.0950456795147865,
                "variance": 1.1991250402240003,
                "median": 22.62706
            },
            "NDCG@5": {
                "min": 19.35444,
                "max": 22.72517,
                "mean": 21.469705999999995,
                "std": 1.161558198638363,
                "variance": 1.3492174488239985,
                "median": 21.69764
            },
            "NDCG@1000": {
                "min": 32.14438,
                "max": 34.83928,
                "mean": 33.719547999999996,
                "std": 0.9490717450519756,
                "variance": 0.900737177256002,
                "median": 33.90775
            },
            "Precision@20": {
                "min": 22.31481,
                "max": 25.18519,
                "mean": 23.870372000000003,
                "std": 0.9285178197406868,
                "variance": 0.8621453415759985,
                "median": 23.7963
            },
            "Recall@20": {
                "min": 6.18963,
                "max": 7.13251,
                "mean": 6.674415999999999,
                "std": 0.3164857868277815,
                "variance": 0.10016325326399995,
                "median": 6.66925
            },
            "Recall@1000": {
                "min": 49.0568,
                "max": 52.09508,
                "mean": 51.089168,
                "std": 1.149942756164844,
                "variance": 1.322368342455998,
                "median": 51.75315
            },
            "MAP": {
                "min": 8.71275,
                "max": 9.90463,
                "mean": 9.480776,
                "std": 0.4567404943553833,
                "variance": 0.20861187918399993,
                "median": 9.71704
            }
        },
        "corrected_subset": {
            "MRR": {
                "min": 45.33747,
                "max": 57.30111,
                "mean": 52.667718,
                "std": 4.275411363325872,
                "variance": 18.27914232565599,
                "median": 52.44393
            },
            "NDCG@3": {
                "min": 18.69198,
                "max": 23.10385,
                "mean": 20.482994,
                "std": 1.480189209886358,
                "variance": 2.190960097064001,
                "median": 20.4934
            },
            "NDCG@5": {
                "min": 16.63571,
                "max": 21.62698,
                "mean": 19.238024000000003,
                "std": 1.8312444176854166,
                "variance": 3.3534561173040003,
                "median": 18.90835
            },
            "NDCG@1000": {
                "min": 32.12487,
                "max": 33.63251,
                "mean": 32.872713999999995,
                "std": 0.5632649541592308,
                "variance": 0.31726740858400043,
                "median": 32.93694
            },
            "Precision@20": {
                "min": 20.47619,
                "max": 25.95238,
                "mean": 23.42857,
                "std": 1.872342210035335,
                "variance": 3.5056653514800025,
                "median": 23.33333
            },
            "Recall@20": {
                "min": 5.20416,
                "max": 6.53518,
                "mean": 6.061256,
                "std": 0.45429927891644306,
                "variance": 0.2063878348240001,
                "median": 6.15854
            },
            "Recall@1000": {
                "min": 47.53414,
                "max": 51.2073,
                "mean": 49.33905,
                "std": 1.4930241081777607,
                "variance": 2.2291209875999973,
                "median": 49.72332
            },
            "MAP": {
                "min": 8.74564,
                "max": 9.5317,
                "mean": 9.196008,
                "std": 0.27093055386205545,
                "variance": 0.07340336501600012,
                "median": 9.1832
            }
        }
    }
}