{
    "ance_batch_All_0shot_prompt1": {
        "full_set": {
            "MRR": {
                "min": 59.52269,
                "max": 63.68945,
                "mean": 61.592772000000004,
                "std": 1.551684456123733,
                "variance": 2.4077246513760056,
                "median": 61.67921
            },
            "NDCG@3": {
                "min": 32.43894,
                "max": 35.84218,
                "mean": 33.906444,
                "std": 1.1737258545435554,
                "variance": 1.3776323816239993,
                "median": 33.527
            },
            "NDCG@5": {
                "min": 31.7364,
                "max": 33.76185,
                "mean": 33.034015999999994,
                "std": 0.7408869207807626,
                "variance": 0.5489134293839999,
                "median": 33.26208
            },
            "NDCG@1000": {
                "min": 41.65403,
                "max": 42.90282,
                "mean": 42.424249999999994,
                "std": 0.43603582774813304,
                "variance": 0.19012724307999956,
                "median": 42.62824
            },
            "Precision@20": {
                "min": 33.53448,
                "max": 35.08621,
                "mean": 34.465518,
                "std": 0.5735195302829715,
                "variance": 0.3289246516160003,
                "median": 34.43966
            },
            "Recall@20": {
                "min": 10.29783,
                "max": 10.951,
                "mean": 10.609345999999999,
                "std": 0.2150338162801381,
                "variance": 0.04623954214400018,
                "median": 10.63874
            },
            "Recall@1000": {
                "min": 56.76024,
                "max": 58.85676,
                "mean": 58.02363799999999,
                "std": 0.7286403891742471,
                "variance": 0.5309168167359982,
                "median": 58.00308
            },
            "MAP": {
                "min": 16.65801,
                "max": 17.37203,
                "mean": 16.953124,
                "std": 0.2519373831411282,
                "variance": 0.06347244502399961,
                "median": 16.85572
            }
        },
        "subset": {
            "MRR": {
                "min": 52.62702,
                "max": 64.49772,
                "mean": 58.184492,
                "std": 4.775140428152454,
                "variance": 22.801966108576003,
                "median": 56.1573
            },
            "NDCG@3": {
                "min": 24.60017,
                "max": 32.90638,
                "mean": 28.117811999999997,
                "std": 2.9955898816587023,
                "variance": 8.973558739096,
                "median": 27.08741
            },
            "NDCG@5": {
                "min": 25.21335,
                "max": 30.11255,
                "mean": 27.755406,
                "std": 1.8966685692191982,
                "variance": 3.5973516614640006,
                "median": 27.00785
            },
            "NDCG@1000": {
                "min": 36.6228,
                "max": 38.89546,
                "mean": 37.76661399999999,
                "std": 0.7817429229510174,
                "variance": 0.6111219975840003,
                "median": 37.50936
            },
            "Precision@20": {
                "min": 28.24074,
                "max": 30.64815,
                "mean": 29.907407999999997,
                "std": 0.8938915321983989,
                "variance": 0.7990420713360012,
                "median": 30.37037
            },
            "Recall@20": {
                "min": 8.69989,
                "max": 9.28151,
                "mean": 8.96096,
                "std": 0.21541641720166108,
                "variance": 0.0464042328000001,
                "median": 8.99245
            },
            "Recall@1000": {
                "min": 52.02522,
                "max": 54.36103,
                "mean": 53.06994199999999,
                "std": 0.8142942825637426,
                "variance": 0.6630751786160003,
                "median": 53.10435
            },
            "MAP": {
                "min": 12.68533,
                "max": 14.14569,
                "mean": 13.486702,
                "std": 0.5428208327394961,
                "variance": 0.29465445645599997,
                "median": 13.59594
            }
        },
        "corrected_subset": {
            "MRR": {
                "min": 50.29896,
                "max": 60.04859,
                "mean": 56.594443999999996,
                "std": 3.7787612824977437,
                "variance": 14.279036830103994,
                "median": 58.67454
            },
            "NDCG@3": {
                "min": 25.49426,
                "max": 31.35929,
                "mean": 27.537702000000003,
                "std": 2.233564553187573,
                "variance": 4.9888106132560015,
                "median": 26.48831
            },
            "NDCG@5": {
                "min": 26.01533,
                "max": 29.30327,
                "mean": 27.722678000000002,
                "std": 1.3925436822362172,
                "variance": 1.9391779069360027,
                "median": 28.54432
            },
            "NDCG@1000": {
                "min": 39.14785,
                "max": 40.24603,
                "mean": 39.493638000000004,
                "std": 0.391688556810126,
                "variance": 0.1534199255359993,
                "median": 39.36285
            },
            "Precision@20": {
                "min": 30.47619,
                "max": 33.33333,
                "mean": 32.142855999999995,
                "std": 1.0432804750708216,
                "variance": 1.0884341496639993,
                "median": 32.61905
            },
            "Recall@20": {
                "min": 8.6698,
                "max": 9.35785,
                "mean": 9.038168,
                "std": 0.22421172747204782,
                "variance": 0.05027089873599984,
                "median": 9.08941
            },
            "Recall@1000": {
                "min": 53.25023,
                "max": 57.85089,
                "mean": 55.344822,
                "std": 1.5849124969461246,
                "variance": 2.5119476229759994,
                "median": 54.73177
            },
            "MAP": {
                "min": 13.66226,
                "max": 14.95518,
                "mean": 14.327444,
                "std": 0.5160260247933238,
                "variance": 0.26628285826400006,
                "median": 14.14441
            }
        }
    }
}