{
    "ance_batch_LLM_5shot_prompt1": {
        "full_set": {
            "MRR": {
                "min": 57.3902,
                "max": 66.3584,
                "mean": 61.811055999999994,
                "std": 2.9103910986298747,
                "variance": 8.470376346984008,
                "median": 62.05411
            },
            "NDCG@3": {
                "min": 31.08099,
                "max": 36.14559,
                "mean": 32.90468799999999,
                "std": 1.735345639973777,
                "variance": 3.011424490175998,
                "median": 32.32126
            },
            "NDCG@5": {
                "min": 30.61658,
                "max": 35.63352,
                "mean": 32.427036,
                "std": 1.751997115689406,
                "variance": 3.069493893383998,
                "median": 31.77813
            },
            "NDCG@1000": {
                "min": 41.35604,
                "max": 44.28535,
                "mean": 42.692244,
                "std": 1.0764599128736752,
                "variance": 1.1587659440240003,
                "median": 42.60615
            },
            "Precision@20": {
                "min": 31.50862,
                "max": 36.12069,
                "mean": 34.232758000000004,
                "std": 1.5613680466744546,
                "variance": 2.437870177176002,
                "median": 34.91379
            },
            "Recall@20": {
                "min": 9.69664,
                "max": 11.46257,
                "mean": 10.618644,
                "std": 0.6101335929319082,
                "variance": 0.37226300122399947,
                "median": 10.68635
            },
            "Recall@1000": {
                "min": 56.51019,
                "max": 59.11404,
                "mean": 57.94053000000001,
                "std": 1.010597031798531,
                "variance": 1.0213063606800015,
                "median": 57.77562
            },
            "MAP": {
                "min": 15.88267,
                "max": 17.71105,
                "mean": 16.725149999999996,
                "std": 0.6194999745924129,
                "variance": 0.3837802185200002,
                "median": 16.57067
            }
        },
        "subset": {
            "MRR": {
                "min": 50.90986,
                "max": 64.27521,
                "mean": 57.149882000000005,
                "std": 4.63828701023298,
                "variance": 21.513706389295997,
                "median": 58.54382
            },
            "NDCG@3": {
                "min": 22.15673,
                "max": 32.71688,
                "mean": 26.624068,
                "std": 3.4109847946972747,
                "variance": 11.63481726965601,
                "median": 26.25024
            },
            "NDCG@5": {
                "min": 23.37117,
                "max": 31.70435,
                "mean": 27.072020000000002,
                "std": 2.709457716798696,
                "variance": 7.341161119120002,
                "median": 26.73889
            },
            "NDCG@1000": {
                "min": 36.84158,
                "max": 39.32567,
                "mean": 37.841512,
                "std": 0.8631985643037187,
                "variance": 0.7451117614160011,
                "median": 37.54929
            },
            "Precision@20": {
                "min": 27.87037,
                "max": 31.66667,
                "mean": 29.944444000000004,
                "std": 1.6043915657669103,
                "variance": 2.5740722963039984,
                "median": 30.83333
            },
            "Recall@20": {
                "min": 8.58104,
                "max": 9.58733,
                "mean": 8.952036,
                "std": 0.37987982892488525,
                "variance": 0.14430868442400008,
                "median": 8.82975
            },
            "Recall@1000": {
                "min": 51.16908,
                "max": 53.23061,
                "mean": 52.614918,
                "std": 0.7467131385317926,
                "variance": 0.5575805112559999,
                "median": 52.99663
            },
            "MAP": {
                "min": 12.96514,
                "max": 14.59527,
                "mean": 13.628483999999997,
                "std": 0.6159825864616626,
                "variance": 0.3794345468239996,
                "median": 13.53812
            }
        },
        "corrected_subset": {
            "MRR": {
                "min": 47.84611,
                "max": 59.38544,
                "mean": 55.096188000000005,
                "std": 4.785156936149116,
                "variance": 22.897726903575993,
                "median": 58.05719
            },
            "NDCG@3": {
                "min": 21.67986,
                "max": 29.62755,
                "mean": 26.281518,
                "std": 3.0865324869723954,
                "variance": 9.526682793136,
                "median": 27.01054
            },
            "NDCG@5": {
                "min": 22.13785,
                "max": 31.22055,
                "mean": 26.767678,
                "std": 2.9973850317528443,
                "variance": 8.984317028576,
                "median": 26.18009
            },
            "NDCG@1000": {
                "min": 36.13889,
                "max": 41.61077,
                "mean": 38.435401999999996,
                "std": 1.8947297122112168,
                "variance": 3.590000682336,
                "median": 38.57135
            },
            "Precision@20": {
                "min": 26.42857,
                "max": 36.42857,
                "mean": 30.619046000000004,
                "std": 3.2387955559226023,
                "variance": 10.489796653064,
                "median": 30.0
            },
            "Recall@20": {
                "min": 7.50779,
                "max": 9.68858,
                "mean": 8.553618,
                "std": 0.7159246439228084,
                "variance": 0.512548095776,
                "median": 8.52214
            },
            "Recall@1000": {
                "min": 51.04117,
                "max": 57.23706,
                "mean": 53.60838199999999,
                "std": 2.2482553426993106,
                "variance": 5.054652085975995,
                "median": 53.3235
            },
            "MAP": {
                "min": 12.70183,
                "max": 15.96418,
                "mean": 13.978333999999998,
                "std": 1.10999461498874,
                "variance": 1.2320880453040013,
                "median": 13.6525
            }
        }
    }
}