{
    "ance_batch_All_0shot_prompt2": {
        "full_set": {
            "MRR": {
                "min": 57.83754,
                "max": 59.63854,
                "mean": 58.74580999999999,
                "std": 0.7146253531466685,
                "variance": 0.5106893953600007,
                "median": 58.67204
            },
            "NDCG@3": {
                "min": 29.56479,
                "max": 31.8111,
                "mean": 30.797028,
                "std": 0.768740989941346,
                "variance": 0.5909627096160006,
                "median": 31.02803
            },
            "NDCG@5": {
                "min": 29.97363,
                "max": 30.96673,
                "mean": 30.364103999999998,
                "std": 0.33334228748240075,
                "variance": 0.1111170806239995,
                "median": 30.31861
            },
            "NDCG@1000": {
                "min": 38.91797,
                "max": 40.84025,
                "mean": 39.49776,
                "std": 0.7220640288229292,
                "variance": 0.5213764617199999,
                "median": 39.05872
            },
            "Precision@20": {
                "min": 30.81897,
                "max": 32.06897,
                "mean": 31.612072,
                "std": 0.4694907960929586,
                "variance": 0.220421607616,
                "median": 31.89655
            },
            "Recall@20": {
                "min": 9.32909,
                "max": 9.8683,
                "mean": 9.530832,
                "std": 0.1903185608814861,
                "variance": 0.03622115461599993,
                "median": 9.48742
            },
            "Recall@1000": {
                "min": 54.39611,
                "max": 57.12738,
                "mean": 55.470218,
                "std": 0.9336536305375781,
                "variance": 0.8717091018160005,
                "median": 55.23655
            },
            "MAP": {
                "min": 14.6449,
                "max": 15.57157,
                "mean": 14.85352,
                "std": 0.3593796983136357,
                "variance": 0.12915376755999983,
                "median": 14.68622
            }
        },
        "subset": {
            "MRR": {
                "min": 53.38415,
                "max": 59.33947,
                "mean": 55.83338,
                "std": 2.042988919989533,
                "variance": 4.173803727199998,
                "median": 55.45941
            },
            "NDCG@3": {
                "min": 23.27307,
                "max": 27.07263,
                "mean": 25.036970000000004,
                "std": 1.4132314314081753,
                "variance": 1.9972230787199998,
                "median": 25.45713
            },
            "NDCG@5": {
                "min": 24.02517,
                "max": 26.97239,
                "mean": 24.985192000000005,
                "std": 1.1138594666725248,
                "variance": 1.2406829114960012,
                "median": 24.40508
            },
            "NDCG@1000": {
                "min": 33.68287,
                "max": 36.55771,
                "mean": 34.792657999999996,
                "std": 0.9911660729948334,
                "variance": 0.9824101842559994,
                "median": 34.81295
            },
            "Precision@20": {
                "min": 27.03704,
                "max": 29.90741,
                "mean": 28.870372000000003,
                "std": 1.0030810929411431,
                "variance": 1.0061716790159982,
                "median": 28.98148
            },
            "Recall@20": {
                "min": 7.75328,
                "max": 8.62422,
                "mean": 8.268566,
                "std": 0.30578211573602526,
                "variance": 0.09350270230399994,
                "median": 8.42416
            },
            "Recall@1000": {
                "min": 48.913,
                "max": 52.37388,
                "mean": 50.005877999999996,
                "std": 1.2361570874998051,
                "variance": 1.528084344976001,
                "median": 49.62603
            },
            "MAP": {
                "min": 11.44949,
                "max": 12.44375,
                "mean": 11.945932,
                "std": 0.36805306695638323,
                "variance": 0.13546306009599993,
                "median": 12.01079
            }
        },
        "corrected_subset": {
            "MRR": {
                "min": 52.84822,
                "max": 64.93934,
                "mean": 57.701858,
                "std": 4.0056823922942275,
                "variance": 16.045491427936007,
                "median": 56.96316
            },
            "NDCG@3": {
                "min": 19.92558,
                "max": 32.43727,
                "mean": 26.522375999999998,
                "std": 4.1310406603159935,
                "variance": 17.065496937183998,
                "median": 26.22045
            },
            "NDCG@5": {
                "min": 23.02059,
                "max": 32.02474,
                "mean": 26.040139999999997,
                "std": 3.196865888447622,
                "variance": 10.219951508720005,
                "median": 24.88255
            },
            "NDCG@1000": {
                "min": 35.21468,
                "max": 39.93142,
                "mean": 37.007764,
                "std": 1.5940887502344414,
                "variance": 2.5411189436240034,
                "median": 36.72669
            },
            "Precision@20": {
                "min": 27.85714,
                "max": 35.2381,
                "mean": 31.428572000000003,
                "std": 2.357024893635195,
                "variance": 5.555566349216003,
                "median": 31.19048
            },
            "Recall@20": {
                "min": 7.68711,
                "max": 9.01472,
                "mean": 8.299972,
                "std": 0.4237064272063857,
                "variance": 0.1795271364560002,
                "median": 8.23109
            },
            "Recall@1000": {
                "min": 51.07511,
                "max": 56.36064,
                "mean": 52.880506000000004,
                "std": 1.8326901749570201,
                "variance": 3.358753277383993,
                "median": 52.04667
            },
            "MAP": {
                "min": 11.60018,
                "max": 14.40801,
                "mean": 12.716054,
                "std": 0.9588891592796326,
                "variance": 0.9194684197840006,
                "median": 12.6722
            }
        }
    }
}