{
    "bm25_batch_human_0shot_prompt1": {
        "full_set": {
            "MRR": {
                "min": 68.12027,
                "max": 68.8025,
                "mean": 68.380384,
                "std": 0.2590754007311346,
                "variance": 0.06712006326399797,
                "median": 68.27109
            },
            "NDCG@3": {
                "min": 34.48387,
                "max": 37.39736,
                "mean": 36.357524,
                "std": 1.0545712840884662,
                "variance": 1.1121205932239964,
                "median": 36.67441
            },
            "NDCG@5": {
                "min": 33.47058,
                "max": 36.48862,
                "mean": 35.769476000000004,
                "std": 1.1550886819911277,
                "variance": 1.3342298632640004,
                "median": 36.3576
            },
            "NDCG@1000": {
                "min": 46.20749,
                "max": 47.81748,
                "mean": 46.97239999999999,
                "std": 0.5942921494685937,
                "variance": 0.3531831589200013,
                "median": 46.91858
            },
            "Precision@20": {
                "min": 36.42241,
                "max": 38.31897,
                "mean": 37.0,
                "std": 0.6851168044063728,
                "variance": 0.4693850356800001,
                "median": 36.85345
            },
            "Recall@20": {
                "min": 12.5265,
                "max": 12.86076,
                "mean": 12.625778,
                "std": 0.12193946947563819,
                "variance": 0.014869234216000098,
                "median": 12.58095
            },
            "Recall@1000": {
                "min": 64.64717,
                "max": 66.39977,
                "mean": 65.51254,
                "std": 0.6204316636665154,
                "variance": 0.38493544928000006,
                "median": 65.45529
            },
            "MAP": {
                "min": 18.25835,
                "max": 19.13777,
                "mean": 18.662058,
                "std": 0.36731096392021784,
                "variance": 0.13491734421599957,
                "median": 18.64164
            }
        },
        "subset": {
            "MRR": {
                "min": 56.8325,
                "max": 58.78674,
                "mean": 57.970104000000006,
                "std": 0.6716251336750275,
                "variance": 0.4510803201839986,
                "median": 57.8885
            },
            "NDCG@3": {
                "min": 24.91185,
                "max": 28.14916,
                "mean": 26.521055999999998,
                "std": 1.0855697488894938,
                "variance": 1.1784616797039984,
                "median": 26.48829
            },
            "NDCG@5": {
                "min": 24.08152,
                "max": 28.4444,
                "mean": 26.754421999999998,
                "std": 1.4974432546230259,
                "variance": 2.242336300816,
                "median": 27.22542
            },
            "NDCG@1000": {
                "min": 40.09807,
                "max": 41.39905,
                "mean": 40.685404,
                "std": 0.5837470282785183,
                "variance": 0.3407605930240013,
                "median": 40.30907
            },
            "Precision@20": {
                "min": 28.42593,
                "max": 31.57407,
                "mean": 29.851850000000002,
                "std": 1.145455336833348,
                "variance": 1.3120679286799988,
                "median": 29.44444
            },
            "Recall@20": {
                "min": 8.33892,
                "max": 8.84722,
                "mean": 8.572336000000002,
                "std": 0.1653333682715017,
                "variance": 0.027335122664000004,
                "median": 8.53983
            },
            "Recall@1000": {
                "min": 59.46655,
                "max": 61.78549,
                "mean": 60.530654000000006,
                "std": 0.9299023284108954,
                "variance": 0.8647183403840047,
                "median": 60.39167
            },
            "MAP": {
                "min": 12.04428,
                "max": 13.27823,
                "mean": 12.593348,
                "std": 0.4634090895698962,
                "variance": 0.21474798429600006,
                "median": 12.73017
            }
        },
        "corrected_subset": {
            "MRR": {
                "min": 54.29434,
                "max": 66.40455,
                "mean": 60.063632000000005,
                "std": 4.172217636041533,
                "variance": 17.407400002496,
                "median": 61.16969
            },
            "NDCG@3": {
                "min": 22.39815,
                "max": 27.64624,
                "mean": 25.283878,
                "std": 1.781617350964005,
                "variance": 3.1741603852559983,
                "median": 25.39473
            },
            "NDCG@5": {
                "min": 22.07197,
                "max": 27.7825,
                "mean": 24.647665999999997,
                "std": 2.180731148588472,
                "variance": 4.755588342423996,
                "median": 25.19025
            },
            "NDCG@1000": {
                "min": 38.45689,
                "max": 41.64711,
                "mean": 40.041262,
                "std": 1.1288327517466876,
                "variance": 1.2742633814159987,
                "median": 39.69654
            },
            "Precision@20": {
                "min": 27.38095,
                "max": 34.04762,
                "mean": 30.238096000000002,
                "std": 2.313327099133195,
                "variance": 5.351482267584004,
                "median": 30.71429
            },
            "Recall@20": {
                "min": 7.47251,
                "max": 9.23901,
                "mean": 8.193014000000002,
                "std": 0.6390161937728968,
                "variance": 0.4083416959040004,
                "median": 7.85257
            },
            "Recall@1000": {
                "min": 57.11122,
                "max": 62.46991,
                "mean": 59.70738200000001,
                "std": 2.0042380257584167,
                "variance": 4.016970063895996,
                "median": 58.98261
            },
            "MAP": {
                "min": 11.71866,
                "max": 14.21989,
                "mean": 12.92907,
                "std": 0.8135989499747402,
                "variance": 0.6619432513999999,
                "median": 12.98252
            }
        }
    }
}