{
    "ance_batch_LLM_1shot_prompt1": {
        "full_set": {
            "MRR": {
                "min": 55.50003,
                "max": 66.06524,
                "mean": 61.063078,
                "std": 3.7508555246578084,
                "variance": 14.068917166856002,
                "median": 59.98686
            },
            "NDCG@3": {
                "min": 29.47561,
                "max": 36.32199,
                "mean": 33.142182,
                "std": 2.538999362263803,
                "variance": 6.446517761575999,
                "median": 32.6978
            },
            "NDCG@5": {
                "min": 29.47067,
                "max": 34.5104,
                "mean": 32.264202,
                "std": 1.9245174867732435,
                "variance": 3.7037675568960013,
                "median": 31.8128
            },
            "NDCG@1000": {
                "min": 41.94355,
                "max": 44.0243,
                "mean": 43.023136,
                "std": 0.7264355788808792,
                "variance": 0.527708650263998,
                "median": 43.13311
            },
            "Precision@20": {
                "min": 34.05172,
                "max": 35.21552,
                "mean": 34.612068,
                "std": 0.4876604342941911,
                "variance": 0.2378126991759991,
                "median": 34.39655
            },
            "Recall@20": {
                "min": 10.26472,
                "max": 10.89651,
                "mean": 10.618018,
                "std": 0.23520176176210894,
                "variance": 0.05531986873599985,
                "median": 10.68146
            },
            "Recall@1000": {
                "min": 58.12562,
                "max": 59.625,
                "mean": 58.932128,
                "std": 0.5816418598209732,
                "variance": 0.3383072530960006,
                "median": 59.0587
            },
            "MAP": {
                "min": 15.99236,
                "max": 17.48532,
                "mean": 16.806026,
                "std": 0.5453468023780836,
                "variance": 0.2974031348640006,
                "median": 17.0697
            }
        },
        "subset": {
            "MRR": {
                "min": 49.74939,
                "max": 60.71111,
                "mean": 55.332967999999994,
                "std": 4.207814362038325,
                "variance": 17.705701705375994,
                "median": 56.66131
            },
            "NDCG@3": {
                "min": 23.90021,
                "max": 30.40719,
                "mean": 26.859879999999997,
                "std": 2.4294837255680473,
                "variance": 5.902391172799999,
                "median": 26.82077
            },
            "NDCG@5": {
                "min": 25.18872,
                "max": 29.97146,
                "mean": 26.991296,
                "std": 1.7666968199280833,
                "variance": 3.121217653544002,
                "median": 26.6605
            },
            "NDCG@1000": {
                "min": 37.63832,
                "max": 39.88514,
                "mean": 38.461864,
                "std": 0.8171670806536446,
                "variance": 0.6677620377040002,
                "median": 38.44637
            },
            "Precision@20": {
                "min": 29.35185,
                "max": 32.22222,
                "mean": 31.148148,
                "std": 1.0085363622477876,
                "variance": 1.0171455939760006,
                "median": 31.2963
            },
            "Recall@20": {
                "min": 8.79797,
                "max": 9.53724,
                "mean": 9.265432,
                "std": 0.24848447576458407,
                "variance": 0.061744534696000164,
                "median": 9.35464
            },
            "Recall@1000": {
                "min": 53.16116,
                "max": 55.02461,
                "mean": 53.932696,
                "std": 0.7125689066637707,
                "variance": 0.5077544467440015,
                "median": 53.58214
            },
            "MAP": {
                "min": 13.23059,
                "max": 14.46195,
                "mean": 13.880780000000001,
                "std": 0.4175727246839766,
                "variance": 0.17436698040000012,
                "median": 13.92231
            }
        },
        "corrected_subset": {
            "MRR": {
                "min": 49.92447,
                "max": 59.65459,
                "mean": 55.40623000000001,
                "std": 3.45738327413667,
                "variance": 11.953499104279999,
                "median": 57.03473
            },
            "NDCG@3": {
                "min": 23.33672,
                "max": 31.2652,
                "mean": 27.60067,
                "std": 3.2169091977859736,
                "variance": 10.348504786799998,
                "median": 29.50051
            },
            "NDCG@5": {
                "min": 26.53873,
                "max": 31.23188,
                "mean": 28.580932,
                "std": 1.7535670325299795,
                "variance": 3.0749973375759985,
                "median": 27.78546
            },
            "NDCG@1000": {
                "min": 39.82903,
                "max": 41.70849,
                "mean": 40.860012,
                "std": 0.7363315475626439,
                "variance": 0.5421841479359981,
                "median": 40.75644
            },
            "Precision@20": {
                "min": 32.14286,
                "max": 37.14286,
                "mean": 34.714287999999996,
                "std": 1.7129624628391602,
                "variance": 2.9342403990960015,
                "median": 35.2381
            },
            "Recall@20": {
                "min": 8.49935,
                "max": 10.30514,
                "mean": 9.432864,
                "std": 0.6016614485439465,
                "variance": 0.3619964986640001,
                "median": 9.32794
            },
            "Recall@1000": {
                "min": 56.22423,
                "max": 57.21992,
                "mean": 56.75449999999999,
                "std": 0.4079844473506323,
                "variance": 0.16645130928000085,
                "median": 56.97437
            },
            "MAP": {
                "min": 14.30132,
                "max": 15.86004,
                "mean": 15.020233999999999,
                "std": 0.573229367203042,
                "variance": 0.3285919074239999,
                "median": 15.09627
            }
        }
    }
}