{
    "ance_batch_human_0shot_prompt1": {
        "full_set": {
            "MRR": {
                "min": 63.76235,
                "max": 68.58045,
                "mean": 65.544214,
                "std": 1.7623581208551233,
                "variance": 3.105906146144002,
                "median": 64.81471
            },
            "NDCG@3": {
                "min": 34.98706,
                "max": 36.36976,
                "mean": 35.506546,
                "std": 0.4760707012450986,
                "variance": 0.22664331258399995,
                "median": 35.28339
            },
            "NDCG@5": {
                "min": 33.12135,
                "max": 35.88516,
                "mean": 34.630338,
                "std": 1.0135135847614478,
                "variance": 1.0272097864960004,
                "median": 35.09238
            },
            "NDCG@1000": {
                "min": 44.0163,
                "max": 45.39395,
                "mean": 44.78760799999999,
                "std": 0.5263222846279629,
                "variance": 0.2770151472959984,
                "median": 44.67557
            },
            "Precision@20": {
                "min": 35.17241,
                "max": 36.16379,
                "mean": 35.749998,
                "std": 0.3539742982421188,
                "variance": 0.12529780381600047,
                "median": 35.81897
            },
            "Recall@20": {
                "min": 10.61357,
                "max": 10.83619,
                "mean": 10.742206,
                "std": 0.08745631929140413,
                "variance": 0.007648607784000026,
                "median": 10.79332
            },
            "Recall@1000": {
                "min": 60.23182,
                "max": 61.77988,
                "mean": 61.082266000000004,
                "std": 0.5937250024582085,
                "variance": 0.35250937854399966,
                "median": 60.833
            },
            "MAP": {
                "min": 17.50503,
                "max": 18.1519,
                "mean": 17.819781999999996,
                "std": 0.24034514577165916,
                "variance": 0.05776578909600009,
                "median": 17.72335
            }
        },
        "subset": {
            "MRR": {
                "min": 57.91846,
                "max": 65.39359,
                "mean": 62.870281999999996,
                "std": 2.7390049329594124,
                "variance": 7.502148022775995,
                "median": 63.69313
            },
            "NDCG@3": {
                "min": 28.92221,
                "max": 32.01747,
                "mean": 30.485314,
                "std": 1.176828942312349,
                "variance": 1.3849263594640022,
                "median": 30.60867
            },
            "NDCG@5": {
                "min": 28.53831,
                "max": 32.0193,
                "mean": 30.090569999999996,
                "std": 1.1583965147047024,
                "variance": 1.3418824852800018,
                "median": 30.15606
            },
            "NDCG@1000": {
                "min": 39.67433,
                "max": 42.31133,
                "mean": 40.940085999999994,
                "std": 1.0075222440144935,
                "variance": 1.0151010721840006,
                "median": 41.11124
            },
            "Precision@20": {
                "min": 31.11111,
                "max": 33.61111,
                "mean": 31.981479999999998,
                "std": 0.9739402386594352,
                "variance": 0.9485595884799978,
                "median": 31.38889
            },
            "Recall@20": {
                "min": 8.93475,
                "max": 9.74069,
                "mean": 9.371716000000001,
                "std": 0.2800582124202043,
                "variance": 0.07843260234400026,
                "median": 9.32028
            },
            "Recall@1000": {
                "min": 55.15603,
                "max": 59.47249,
                "mean": 57.357704,
                "std": 1.399657951380979,
                "variance": 1.959042380863999,
                "median": 57.55973
            },
            "MAP": {
                "min": 13.96898,
                "max": 15.61139,
                "mean": 14.88479,
                "std": 0.6697249058531419,
                "variance": 0.4485314495199998,
                "median": 15.29496
            }
        },
        "corrected_subset": {
            "MRR": {
                "min": 54.71784,
                "max": 64.15737,
                "mean": 59.230729999999994,
                "std": 3.501084972250744,
                "variance": 12.257595982919993,
                "median": 58.17555
            },
            "NDCG@3": {
                "min": 26.09687,
                "max": 34.87509,
                "mean": 28.977567999999998,
                "std": 3.229457613608824,
                "variance": 10.429396478096002,
                "median": 27.18553
            },
            "NDCG@5": {
                "min": 26.94353,
                "max": 33.20113,
                "mean": 29.397968000000002,
                "std": 2.1896203544395543,
                "variance": 4.794437296576,
                "median": 29.58645
            },
            "NDCG@1000": {
                "min": 38.88223,
                "max": 43.37371,
                "mean": 41.167246,
                "std": 1.4813973578024233,
                "variance": 2.1945381317040007,
                "median": 41.0745
            },
            "Precision@20": {
                "min": 30.71429,
                "max": 35.71429,
                "mean": 32.428572,
                "std": 1.7327063465734749,
                "variance": 3.002271283455999,
                "median": 31.90476
            },
            "Recall@20": {
                "min": 8.02392,
                "max": 10.26072,
                "mean": 9.10823,
                "std": 0.7640107523850692,
                "variance": 0.5837124297599995,
                "median": 9.33369
            },
            "Recall@1000": {
                "min": 55.36464,
                "max": 60.13341,
                "mean": 57.88104800000001,
                "std": 1.8507320588934528,
                "variance": 3.4252091538159988,
                "median": 58.92777
            },
            "MAP": {
                "min": 14.0371,
                "max": 16.23769,
                "mean": 14.977608,
                "std": 0.7730108428062313,
                "variance": 0.597545763096,
                "median": 14.63325
            }
        }
    }
}