{
    "bm25_batch_SAR_5shot": {
        "full_set": {
            "MRR": {
                "min": 57.58513,
                "max": 64.45301,
                "mean": 61.879142,
                "std": 2.3609276199951594,
                "variance": 5.573979226856008,
                "median": 62.40762
            },
            "NDCG@3": {
                "min": 29.10366,
                "max": 34.4662,
                "mean": 31.803679999999996,
                "std": 2.0694667797768576,
                "variance": 4.2826927525999965,
                "median": 31.91703
            },
            "NDCG@5": {
                "min": 28.01473,
                "max": 33.01491,
                "mean": 30.403742,
                "std": 1.6621215837525247,
                "variance": 2.762648159176001,
                "median": 30.51933
            },
            "NDCG@1000": {
                "min": 40.14801,
                "max": 41.73809,
                "mean": 40.796862000000004,
                "std": 0.5673433540775814,
                "variance": 0.3218784814159999,
                "median": 40.79524
            },
            "Precision@20": {
                "min": 29.78448,
                "max": 32.06897,
                "mean": 30.948276,
                "std": 0.9284778979081847,
                "variance": 0.8620712069040015,
                "median": 30.47414
            },
            "Recall@20": {
                "min": 10.13421,
                "max": 10.97956,
                "mean": 10.538824,
                "std": 0.2826418566737771,
                "variance": 0.07988641914399998,
                "median": 10.51528
            },
            "Recall@1000": {
                "min": 57.24402,
                "max": 57.9801,
                "mean": 57.678656000000004,
                "std": 0.25468756220907207,
                "variance": 0.06486575434399997,
                "median": 57.76759
            },
            "MAP": {
                "min": 14.12363,
                "max": 15.73465,
                "mean": 14.67209,
                "std": 0.5679919104001395,
                "variance": 0.32261481028000016,
                "median": 14.53235
            }
        },
        "subset": {
            "MRR": {
                "min": 43.92457,
                "max": 54.67018,
                "mean": 50.553858000000005,
                "std": 3.7398902952701696,
                "variance": 13.986779420655997,
                "median": 51.54574
            },
            "NDCG@3": {
                "min": 17.84098,
                "max": 26.90152,
                "mean": 23.636938,
                "std": 3.165298180269279,
                "variance": 10.01911257001601,
                "median": 24.95871
            },
            "NDCG@5": {
                "min": 18.1196,
                "max": 25.23139,
                "mean": 22.456743999999997,
                "std": 2.4286532826618137,
                "variance": 5.898356767384004,
                "median": 22.96852
            },
            "NDCG@1000": {
                "min": 31.47465,
                "max": 34.82803,
                "mean": 33.311704,
                "std": 1.0889233795561555,
                "variance": 1.1857541265439988,
                "median": 33.26279
            },
            "Precision@20": {
                "min": 21.11111,
                "max": 25.27778,
                "mean": 23.962961999999997,
                "std": 1.502627193569982,
                "variance": 2.2578884828560004,
                "median": 24.35185
            },
            "Recall@20": {
                "min": 5.74765,
                "max": 7.41799,
                "mean": 6.738022000000001,
                "std": 0.570606403448121,
                "variance": 0.3255916676559998,
                "median": 6.78534
            },
            "Recall@1000": {
                "min": 48.66415,
                "max": 52.18822,
                "mean": 49.666296,
                "std": 1.3061073446941498,
                "variance": 1.7059163958640027,
                "median": 48.96955
            },
            "MAP": {
                "min": 8.60556,
                "max": 9.5802,
                "mean": 9.263954000000002,
                "std": 0.3544846237342318,
                "variance": 0.1256593484639999,
                "median": 9.4427
            }
        },
        "corrected_subset": {
            "MRR": {
                "min": 40.25152,
                "max": 63.09076,
                "mean": 52.363038,
                "std": 7.439043460191372,
                "variance": 55.339367602616015,
                "median": 51.99641
            },
            "NDCG@3": {
                "min": 17.45352,
                "max": 31.14609,
                "mean": 24.464180000000002,
                "std": 4.430060671927643,
                "variance": 19.62543755696,
                "median": 24.32875
            },
            "NDCG@5": {
                "min": 18.24327,
                "max": 30.27841,
                "mean": 23.616291999999998,
                "std": 3.866525040034786,
                "variance": 14.950015885216004,
                "median": 23.47333
            },
            "NDCG@1000": {
                "min": 32.1773,
                "max": 36.22305,
                "mean": 34.387808,
                "std": 1.487305707961883,
                "variance": 2.212078268935998,
                "median": 34.4643
            },
            "Precision@20": {
                "min": 23.57143,
                "max": 28.33333,
                "mean": 26.476192000000005,
                "std": 1.631602981811446,
                "variance": 2.6621282902560015,
                "median": 26.66667
            },
            "Recall@20": {
                "min": 5.29468,
                "max": 7.13639,
                "mean": 6.381997999999999,
                "std": 0.6011699482642159,
                "variance": 0.361405306696,
                "median": 6.5477
            },
            "Recall@1000": {
                "min": 48.66373,
                "max": 54.36832,
                "mean": 50.504684,
                "std": 2.109037598191174,
                "variance": 4.4480395905839964,
                "median": 49.49162
            },
            "MAP": {
                "min": 9.38012,
                "max": 11.04322,
                "mean": 10.018975999999999,
                "std": 0.6422217982473035,
                "variance": 0.4124488381440002,
                "median": 9.72862
            }
        }
    }
}