{
    "ance_batch_LLM_1shot_prompt1": {
        "full_set": {
            "MRR": {
                "min": 58.39734,
                "max": 66.54402,
                "mean": 62.939114,
                "std": 2.7028079413498847,
                "variance": 7.305170767824002,
                "median": 63.06398
            },
            "NDCG@3": {
                "min": 31.56387,
                "max": 35.72178,
                "mean": 34.49792000000001,
                "std": 1.493423557427698,
                "variance": 2.2303139218800005,
                "median": 35.04758
            },
            "NDCG@5": {
                "min": 31.88581,
                "max": 34.67687,
                "mean": 33.898678000000004,
                "std": 1.036914617013378,
                "variance": 1.0751919229760003,
                "median": 34.33809
            },
            "NDCG@1000": {
                "min": 42.37845,
                "max": 45.01741,
                "mean": 43.662714,
                "std": 0.8481467352905383,
                "variance": 0.7193528845839985,
                "median": 43.7612
            },
            "Precision@20": {
                "min": 33.40517,
                "max": 36.2069,
                "mean": 34.95689599999999,
                "std": 1.0298040432159896,
                "variance": 1.0604963674239998,
                "median": 35.38793
            },
            "Recall@20": {
                "min": 10.63748,
                "max": 11.50451,
                "mean": 11.12944,
                "std": 0.321843216799733,
                "variance": 0.10358305619999993,
                "median": 11.20714
            },
            "Recall@1000": {
                "min": 58.61937,
                "max": 60.95574,
                "mean": 59.543984,
                "std": 0.7842346497981313,
                "variance": 0.6150239859439977,
                "median": 59.27704
            },
            "MAP": {
                "min": 16.41538,
                "max": 17.71385,
                "mean": 17.062876,
                "std": 0.4275245038404235,
                "variance": 0.1827772013840003,
                "median": 17.00094
            }
        },
        "subset": {
            "MRR": {
                "min": 51.48229,
                "max": 57.50884,
                "mean": 53.94196800000001,
                "std": 2.2954399876311298,
                "variance": 5.269044736816001,
                "median": 53.56655
            },
            "NDCG@3": {
                "min": 23.75978,
                "max": 26.41683,
                "mean": 24.784392000000004,
                "std": 0.9414696958139444,
                "variance": 0.886365188136001,
                "median": 24.55641
            },
            "NDCG@5": {
                "min": 24.0926,
                "max": 26.59031,
                "mean": 25.001483999999998,
                "std": 0.9535695267068884,
                "variance": 0.9092948422639993,
                "median": 24.64984
            },
            "NDCG@1000": {
                "min": 35.83249,
                "max": 38.54313,
                "mean": 37.330791999999995,
                "std": 0.9164820256262526,
                "variance": 0.8399393032959992,
                "median": 37.68919
            },
            "Precision@20": {
                "min": 28.14815,
                "max": 31.48148,
                "mean": 29.833334,
                "std": 1.3862922452729802,
                "variance": 1.9218061893040008,
                "median": 29.16667
            },
            "Recall@20": {
                "min": 7.95888,
                "max": 9.11727,
                "mean": 8.507304000000001,
                "std": 0.4356917542758873,
                "variance": 0.18982730474400014,
                "median": 8.61398
            },
            "Recall@1000": {
                "min": 51.7908,
                "max": 54.24912,
                "mean": 53.24408,
                "std": 0.8359630887305973,
                "variance": 0.6988342857200006,
                "median": 53.32277
            },
            "MAP": {
                "min": 11.82411,
                "max": 13.46852,
                "mean": 12.744077999999998,
                "std": 0.553633480179803,
                "variance": 0.3065100303760002,
                "median": 12.6979
            }
        },
        "corrected_subset": {
            "MRR": {
                "min": 45.29413,
                "max": 62.63123,
                "mean": 55.748234000000004,
                "std": 6.982291965320843,
                "variance": 48.752401088983994,
                "median": 58.64217
            },
            "NDCG@3": {
                "min": 18.53572,
                "max": 30.49865,
                "mean": 26.477728000000003,
                "std": 4.447597594069859,
                "variance": 19.781124358776,
                "median": 28.84802
            },
            "NDCG@5": {
                "min": 22.07233,
                "max": 29.60763,
                "mean": 26.865656,
                "std": 2.8898901169532376,
                "variance": 8.351464888063997,
                "median": 28.42277
            },
            "NDCG@1000": {
                "min": 37.89742,
                "max": 39.51975,
                "mean": 39.000698,
                "std": 0.5858018785357402,
                "variance": 0.34316384089600205,
                "median": 39.31064
            },
            "Precision@20": {
                "min": 30.0,
                "max": 34.52381,
                "mean": 32.809523999999996,
                "std": 1.5893641878260625,
                "variance": 2.526078521543999,
                "median": 33.09524
            },
            "Recall@20": {
                "min": 7.53541,
                "max": 9.62609,
                "mean": 8.573611999999999,
                "std": 0.6737945184223451,
                "variance": 0.4539990530559999,
                "median": 8.50428
            },
            "Recall@1000": {
                "min": 54.30785,
                "max": 56.01855,
                "mean": 55.094928,
                "std": 0.6436289406917605,
                "variance": 0.41425821329599766,
                "median": 54.78163
            },
            "MAP": {
                "min": 12.9253,
                "max": 13.88322,
                "mean": 13.432030000000001,
                "std": 0.40059229588198514,
                "variance": 0.16047418751999992,
                "median": 13.55929
            }
        }
    }
}