{
    "ance_batch_LLM_3shot_prompt1": {
        "full_set": {
            "MRR": {
                "min": 59.74462,
                "max": 63.79142,
                "mean": 61.861026,
                "std": 1.4275719113739957,
                "variance": 2.0379615621440035,
                "median": 61.58339
            },
            "NDCG@3": {
                "min": 32.9637,
                "max": 34.63825,
                "mean": 33.761786,
                "std": 0.6147511016208093,
                "variance": 0.37791891694399854,
                "median": 33.66452
            },
            "NDCG@5": {
                "min": 31.7956,
                "max": 33.49635,
                "mean": 32.714608000000005,
                "std": 0.6618529329511205,
                "variance": 0.43804930485600035,
                "median": 33.06015
            },
            "NDCG@1000": {
                "min": 42.67658,
                "max": 43.69436,
                "mean": 43.09198200000001,
                "std": 0.3573331509613969,
                "variance": 0.12768698077600046,
                "median": 43.11779
            },
            "Precision@20": {
                "min": 33.7931,
                "max": 34.78448,
                "mean": 34.344828,
                "std": 0.3463342876124167,
                "variance": 0.11994743877600016,
                "median": 34.43966
            },
            "Recall@20": {
                "min": 10.1794,
                "max": 10.48031,
                "mean": 10.346703999999999,
                "std": 0.1073984630430064,
                "variance": 0.011534429864000011,
                "median": 10.36676
            },
            "Recall@1000": {
                "min": 58.16877,
                "max": 59.81645,
                "mean": 58.98728,
                "std": 0.6375453427639488,
                "variance": 0.4064640640800009,
                "median": 58.78655
            },
            "MAP": {
                "min": 16.63239,
                "max": 17.165,
                "mean": 16.850389999999997,
                "std": 0.20358723290029712,
                "variance": 0.04144776139999982,
                "median": 16.75956
            }
        },
        "subset": {
            "MRR": {
                "min": 49.21894,
                "max": 56.26465,
                "mean": 53.67082800000001,
                "std": 2.7583195548405905,
                "variance": 7.608326766615993,
                "median": 55.43533
            },
            "NDCG@3": {
                "min": 22.12713,
                "max": 27.02031,
                "mean": 25.507678,
                "std": 1.8010817530961771,
                "variance": 3.2438954813359984,
                "median": 26.13707
            },
            "NDCG@5": {
                "min": 23.2275,
                "max": 27.01173,
                "mean": 25.844168000000003,
                "std": 1.3676868111289227,
                "variance": 1.8705672133360014,
                "median": 26.53206
            },
            "NDCG@1000": {
                "min": 37.20775,
                "max": 38.16723,
                "mean": 37.707844,
                "std": 0.3098990292724409,
                "variance": 0.09603740834400117,
                "median": 37.7217
            },
            "Precision@20": {
                "min": 29.81481,
                "max": 31.75926,
                "mean": 30.5,
                "std": 0.6615034835282428,
                "variance": 0.4375868587200003,
                "median": 30.37037
            },
            "Recall@20": {
                "min": 8.56517,
                "max": 9.18239,
                "mean": 8.876252000000001,
                "std": 0.2532770211764187,
                "variance": 0.06414924945600006,
                "median": 8.73058
            },
            "Recall@1000": {
                "min": 52.65681,
                "max": 53.82076,
                "mean": 53.242900000000006,
                "std": 0.3842560401086751,
                "variance": 0.14765270435999972,
                "median": 53.17764
            },
            "MAP": {
                "min": 13.07913,
                "max": 13.87673,
                "mean": 13.393673999999999,
                "std": 0.29572387706101805,
                "variance": 0.0874526114640001,
                "median": 13.32653
            }
        },
        "corrected_subset": {
            "MRR": {
                "min": 41.22838,
                "max": 57.37889,
                "mean": 51.735032000000004,
                "std": 5.512435638029345,
                "variance": 30.38694666341599,
                "median": 53.06268
            },
            "NDCG@3": {
                "min": 21.02951,
                "max": 29.86966,
                "mean": 26.224144000000003,
                "std": 2.9185990527621297,
                "variance": 8.518220430784002,
                "median": 26.27727
            },
            "NDCG@5": {
                "min": 22.43167,
                "max": 28.49322,
                "mean": 26.093130000000002,
                "std": 2.007855694545801,
                "variance": 4.03148449012,
                "median": 26.27051
            },
            "NDCG@1000": {
                "min": 37.51478,
                "max": 39.79054,
                "mean": 38.184064,
                "std": 0.8779317339429075,
                "variance": 0.770764129464,
                "median": 37.57853
            },
            "Precision@20": {
                "min": 30.47619,
                "max": 31.90476,
                "mean": 30.952382,
                "std": 0.49943133195265227,
                "variance": 0.24943165533600037,
                "median": 30.71429
            },
            "Recall@20": {
                "min": 7.87965,
                "max": 8.6041,
                "mean": 8.307748,
                "std": 0.24696811546432484,
                "variance": 0.06099325005600009,
                "median": 8.39532
            },
            "Recall@1000": {
                "min": 53.21353,
                "max": 55.18644,
                "mean": 54.294512,
                "std": 0.6501495684963575,
                "variance": 0.42269446141599987,
                "median": 54.25412
            },
            "MAP": {
                "min": 12.75045,
                "max": 14.53902,
                "mean": 13.356756,
                "std": 0.6178480179655836,
                "variance": 0.38173617330400017,
                "median": 13.14413
            }
        }
    }
}