{
    "bm25_batch_All_0shot_prompt1": {
        "full_set": {
            "MRR": {
                "min": 65.03217,
                "max": 70.09901,
                "mean": 67.625632,
                "std": 2.135722379387361,
                "variance": 4.561310081816011,
                "median": 67.70088
            },
            "NDCG@3": {
                "min": 34.29519,
                "max": 36.85017,
                "mean": 35.633824,
                "std": 0.9831016061140382,
                "variance": 0.9664887679440014,
                "median": 35.5141
            },
            "NDCG@5": {
                "min": 33.46744,
                "max": 35.9367,
                "mean": 34.563878,
                "std": 0.9863792161719545,
                "variance": 0.9729439580959992,
                "median": 34.19863
            },
            "NDCG@1000": {
                "min": 44.39725,
                "max": 45.38261,
                "mean": 44.862598000000006,
                "std": 0.38763164552961893,
                "variance": 0.15025829261600016,
                "median": 44.77572
            },
            "Precision@20": {
                "min": 34.05172,
                "max": 35.73276,
                "mean": 34.85344799999999,
                "std": 0.5963882046251401,
                "variance": 0.355678890615998,
                "median": 34.9569
            },
            "Recall@20": {
                "min": 11.74473,
                "max": 12.52646,
                "mean": 12.176162000000001,
                "std": 0.30361490269089214,
                "variance": 0.0921820091359999,
                "median": 12.26332
            },
            "Recall@1000": {
                "min": 61.26259,
                "max": 63.21719,
                "mean": 62.39227400000001,
                "std": 0.7243385590896018,
                "variance": 0.5246663481840005,
                "median": 62.31976
            },
            "MAP": {
                "min": 17.71956,
                "max": 18.20868,
                "mean": 17.881986,
                "std": 0.1837892277147927,
                "variance": 0.03377848022399992,
                "median": 17.78815
            }
        },
        "subset": {
            "MRR": {
                "min": 48.34691,
                "max": 60.05783,
                "mean": 52.631488000000004,
                "std": 4.471319039860163,
                "variance": 19.992693956216012,
                "median": 50.35818
            },
            "NDCG@3": {
                "min": 21.11254,
                "max": 26.88391,
                "mean": 23.099634000000002,
                "std": 2.0889814217517593,
                "variance": 4.363843380424001,
                "median": 22.53412
            },
            "NDCG@5": {
                "min": 22.08507,
                "max": 25.59087,
                "mean": 23.434050000000003,
                "std": 1.1611476398804752,
                "variance": 1.348263841599998,
                "median": 23.12227
            },
            "NDCG@1000": {
                "min": 36.26813,
                "max": 38.80738,
                "mean": 37.750052,
                "std": 0.8306977886187016,
                "variance": 0.690058816016001,
                "median": 37.89795
            },
            "Precision@20": {
                "min": 24.72222,
                "max": 28.51852,
                "mean": 27.351853999999996,
                "std": 1.351473094583832,
                "variance": 1.8264795253839996,
                "median": 27.68519
            },
            "Recall@20": {
                "min": 7.15235,
                "max": 8.94059,
                "mean": 8.092569999999998,
                "std": 0.6306990311392588,
                "variance": 0.39778126787999984,
                "median": 8.33728
            },
            "Recall@1000": {
                "min": 54.8116,
                "max": 58.07614,
                "mean": 56.772708,
                "std": 1.0668061655877332,
                "variance": 1.1380753949360023,
                "median": 57.00482
            },
            "MAP": {
                "min": 11.00868,
                "max": 11.7748,
                "mean": 11.571996,
                "std": 0.2861221518582581,
                "variance": 0.08186588578400013,
                "median": 11.72587
            }
        },
        "corrected_subset": {
            "MRR": {
                "min": 48.81721,
                "max": 55.42601,
                "mean": 52.609366,
                "std": 2.3245417045482313,
                "variance": 5.403494136183996,
                "median": 52.6743
            },
            "NDCG@3": {
                "min": 17.47528,
                "max": 21.62326,
                "mean": 20.311097999999998,
                "std": 1.5535283028564357,
                "variance": 2.4134501877759975,
                "median": 21.19699
            },
            "NDCG@5": {
                "min": 18.18039,
                "max": 22.00299,
                "mean": 20.808981999999997,
                "std": 1.4467501965633187,
                "variance": 2.0930861312560016,
                "median": 21.71982
            },
            "NDCG@1000": {
                "min": 37.09447,
                "max": 39.52762,
                "mean": 38.673212,
                "std": 0.8562992569283235,
                "variance": 0.733248417415999,
                "median": 38.96844
            },
            "Precision@20": {
                "min": 23.80952,
                "max": 30.47619,
                "mean": 28.619045999999997,
                "std": 2.5035131542262765,
                "variance": 6.267578113384,
                "median": 29.7619
            },
            "Recall@20": {
                "min": 5.72524,
                "max": 8.54291,
                "mean": 7.272018,
                "std": 0.9191568121795102,
                "variance": 0.8448492453759993,
                "median": 7.32302
            },
            "Recall@1000": {
                "min": 56.79406,
                "max": 59.87137,
                "mean": 58.401678000000004,
                "std": 1.0355753226569269,
                "variance": 1.072416248895998,
                "median": 58.54246
            },
            "MAP": {
                "min": 11.42051,
                "max": 12.88168,
                "mean": 12.298390000000001,
                "std": 0.5364761448191335,
                "variance": 0.2878066539599999,
                "median": 12.42635
            }
        }
    }
}