{
    "ance_batch_LLM_3shot_prompt2": {
        "full_set": {
            "MRR": {
                "min": 54.49078,
                "max": 62.0421,
                "mean": 59.825402,
                "std": 2.809744945295924,
                "variance": 7.894666657615995,
                "median": 61.14669
            },
            "NDCG@3": {
                "min": 30.56737,
                "max": 34.52112,
                "mean": 32.841758000000006,
                "std": 1.4390120445138745,
                "variance": 2.070755664256001,
                "median": 33.0087
            },
            "NDCG@5": {
                "min": 31.03537,
                "max": 33.02811,
                "mean": 32.056972,
                "std": 0.7513756904877876,
                "variance": 0.5645654282559996,
                "median": 31.72889
            },
            "NDCG@1000": {
                "min": 39.57851,
                "max": 40.51807,
                "mean": 39.96012399999999,
                "std": 0.325387686896723,
                "variance": 0.10587714678399981,
                "median": 39.83652
            },
            "Precision@20": {
                "min": 31.59483,
                "max": 33.57759,
                "mean": 32.663794,
                "std": 0.6464940553663271,
                "variance": 0.4179545636239996,
                "median": 32.80172
            },
            "Recall@20": {
                "min": 9.39104,
                "max": 10.03081,
                "mean": 9.821762000000001,
                "std": 0.2294008130238426,
                "variance": 0.05262473301599999,
                "median": 9.89323
            },
            "Recall@1000": {
                "min": 54.27753,
                "max": 56.60776,
                "mean": 55.524938,
                "std": 0.7930590735222689,
                "variance": 0.6289426940959995,
                "median": 55.56754
            },
            "MAP": {
                "min": 14.98943,
                "max": 15.40695,
                "mean": 15.28641,
                "std": 0.15783284322345578,
                "variance": 0.024911206399999972,
                "median": 15.37207
            }
        },
        "subset": {
            "MRR": {
                "min": 47.31412,
                "max": 60.03573,
                "mean": 55.039242,
                "std": 4.228608895262838,
                "variance": 17.881133189095998,
                "median": 55.45327
            },
            "NDCG@3": {
                "min": 21.64722,
                "max": 29.36703,
                "mean": 25.531924,
                "std": 2.6783194995862605,
                "variance": 7.173395341863997,
                "median": 26.05548
            },
            "NDCG@5": {
                "min": 22.56002,
                "max": 28.14794,
                "mean": 25.449568000000003,
                "std": 1.9208528513282834,
                "variance": 3.689675676455997,
                "median": 25.94359
            },
            "NDCG@1000": {
                "min": 33.39089,
                "max": 35.64265,
                "mean": 34.307506,
                "std": 0.7988507717114639,
                "variance": 0.6381625554640015,
                "median": 34.32438
            },
            "Precision@20": {
                "min": 27.22222,
                "max": 31.48148,
                "mean": 28.666663999999997,
                "std": 1.5522459527871222,
                "variance": 2.409467497944001,
                "median": 28.33333
            },
            "Recall@20": {
                "min": 7.68676,
                "max": 8.66293,
                "mean": 8.14482,
                "std": 0.4034105314936635,
                "variance": 0.16274005692000007,
                "median": 7.91154
            },
            "Recall@1000": {
                "min": 47.59504,
                "max": 50.75444,
                "mean": 49.261056,
                "std": 1.0288323252814346,
                "variance": 1.058495953544004,
                "median": 49.32576
            },
            "MAP": {
                "min": 11.38558,
                "max": 12.53679,
                "mean": 11.875663999999999,
                "std": 0.39208177624572166,
                "variance": 0.15372811926400015,
                "median": 11.73305
            }
        },
        "corrected_subset": {
            "MRR": {
                "min": 54.70497,
                "max": 62.60815,
                "mean": 59.156908,
                "std": 2.5993349762460394,
                "variance": 6.756542318735998,
                "median": 59.35861
            },
            "NDCG@3": {
                "min": 24.7009,
                "max": 30.43454,
                "mean": 26.970226000000004,
                "std": 1.8945575314632166,
                "variance": 3.589348240023997,
                "median": 26.65519
            },
            "NDCG@5": {
                "min": 25.4681,
                "max": 28.48049,
                "mean": 27.166662000000002,
                "std": 1.3324156299653644,
                "variance": 1.7753314109759988,
                "median": 28.0211
            },
            "NDCG@1000": {
                "min": 34.86378,
                "max": 38.23302,
                "mean": 36.363114,
                "std": 1.167193266423347,
                "variance": 1.3623401211840023,
                "median": 36.27647
            },
            "Precision@20": {
                "min": 29.28571,
                "max": 36.66667,
                "mean": 32.52380800000001,
                "std": 2.463338816008874,
                "variance": 6.068038122456002,
                "median": 32.85714
            },
            "Recall@20": {
                "min": 7.78717,
                "max": 9.71451,
                "mean": 8.592186000000002,
                "std": 0.6895194585390614,
                "variance": 0.47543708370400034,
                "median": 8.708
            },
            "Recall@1000": {
                "min": 49.719,
                "max": 54.46169,
                "mean": 51.42799599999999,
                "std": 1.6821153090629652,
                "variance": 2.829511912983995,
                "median": 51.09814
            },
            "MAP": {
                "min": 11.368,
                "max": 13.44047,
                "mean": 12.655484,
                "std": 0.781809542960432,
                "variance": 0.6112261614639997,
                "median": 12.98816
            }
        }
    }
}