{
    "ance_batch_None_0shot_prompt1": {
        "full_set": {
            "MRR": {
                "min": 63.76408,
                "max": 68.6736,
                "mean": 66.095114,
                "std": 2.01884848339443,
                "variance": 4.07574919890399,
                "median": 66.42401
            },
            "NDCG@3": {
                "min": 32.80833,
                "max": 36.06311,
                "mean": 34.402885999999995,
                "std": 1.4027004182875273,
                "variance": 1.9675684634640043,
                "median": 33.94092
            },
            "NDCG@5": {
                "min": 32.85605,
                "max": 35.02332,
                "mean": 33.705892000000006,
                "std": 0.927962590159754,
                "variance": 0.8611145687359997,
                "median": 33.14931
            },
            "NDCG@1000": {
                "min": 43.38442,
                "max": 44.25571,
                "mean": 43.892371999999995,
                "std": 0.3490274032450741,
                "variance": 0.12182012821599955,
                "median": 44.08351
            },
            "Precision@20": {
                "min": 35.34483,
                "max": 36.59483,
                "mean": 35.896554,
                "std": 0.4146894573340392,
                "variance": 0.17196734602399993,
                "median": 35.81897
            },
            "Recall@20": {
                "min": 10.97534,
                "max": 11.57557,
                "mean": 11.278839999999999,
                "std": 0.21180809701236697,
                "variance": 0.044862669960000254,
                "median": 11.33315
            },
            "Recall@1000": {
                "min": 59.02568,
                "max": 61.04276,
                "mean": 60.127426,
                "std": 0.8324480155445146,
                "variance": 0.6929696985840005,
                "median": 60.49657
            },
            "MAP": {
                "min": 16.95497,
                "max": 17.43258,
                "mean": 17.20561,
                "std": 0.16226036694153073,
                "variance": 0.0263284266800002,
                "median": 17.19354
            }
        },
        "subset": {
            "MRR": {
                "min": 55.14496,
                "max": 62.24971,
                "mean": 59.111900000000006,
                "std": 2.8890238967443653,
                "variance": 8.346459075959997,
                "median": 60.63898
            },
            "NDCG@3": {
                "min": 22.55564,
                "max": 26.36696,
                "mean": 24.418059999999997,
                "std": 1.3350566752763717,
                "variance": 1.7823763261999992,
                "median": 24.06292
            },
            "NDCG@5": {
                "min": 23.28087,
                "max": 25.78966,
                "mean": 24.890468,
                "std": 0.8776105657613745,
                "variance": 0.7702003051359998,
                "median": 25.00019
            },
            "NDCG@1000": {
                "min": 36.50925,
                "max": 37.94642,
                "mean": 37.231443999999996,
                "std": 0.4683050550485233,
                "variance": 0.21930962458400044,
                "median": 37.22091
            },
            "Precision@20": {
                "min": 28.88889,
                "max": 31.48148,
                "mean": 29.814814000000002,
                "std": 0.9015292677356631,
                "variance": 0.812755020584001,
                "median": 29.72222
            },
            "Recall@20": {
                "min": 7.71916,
                "max": 8.47693,
                "mean": 8.118531999999998,
                "std": 0.2984001210053374,
                "variance": 0.089042632216,
                "median": 8.25592
            },
            "Recall@1000": {
                "min": 52.13298,
                "max": 53.89335,
                "mean": 53.181456000000004,
                "std": 0.6408374831296919,
                "variance": 0.4106726797839982,
                "median": 53.0865
            },
            "MAP": {
                "min": 12.39403,
                "max": 12.7907,
                "mean": 12.60573,
                "std": 0.1401619068078053,
                "variance": 0.0196453601199999,
                "median": 12.66287
            }
        },
        "corrected_subset": {
            "MRR": {
                "min": 52.59318,
                "max": 63.55003,
                "mean": 57.335674,
                "std": 3.6694074495405933,
                "variance": 13.464551030744001,
                "median": 57.40751
            },
            "NDCG@3": {
                "min": 19.33966,
                "max": 26.96615,
                "mean": 23.405688,
                "std": 2.621201137504713,
                "variance": 6.870695403256002,
                "median": 23.17099
            },
            "NDCG@5": {
                "min": 21.08479,
                "max": 27.24372,
                "mean": 24.52414,
                "std": 2.005611184641728,
                "variance": 4.0224762239599965,
                "median": 24.7736
            },
            "NDCG@1000": {
                "min": 36.51741,
                "max": 38.91955,
                "mean": 37.692589999999996,
                "std": 0.9562526694341832,
                "variance": 0.9144191678000013,
                "median": 37.60338
            },
            "Precision@20": {
                "min": 28.57143,
                "max": 31.90476,
                "mean": 30.380952,
                "std": 1.4490592992062128,
                "variance": 2.099772852616,
                "median": 30.71429
            },
            "Recall@20": {
                "min": 6.98108,
                "max": 8.03277,
                "mean": 7.601214000000001,
                "std": 0.3665203095382298,
                "variance": 0.1343371373039998,
                "median": 7.73912
            },
            "Recall@1000": {
                "min": 51.79646,
                "max": 56.32911,
                "mean": 54.74239200000001,
                "std": 1.5857461027339772,
                "variance": 2.5145907023359975,
                "median": 55.53089
            },
            "MAP": {
                "min": 11.77021,
                "max": 12.90305,
                "mean": 12.321262,
                "std": 0.4809541476440347,
                "variance": 0.23131689213599996,
                "median": 12.07615
            }
        }
    }
}