{
    "bm25_batch_SAR_1shot": {
        "full_set": {
            "MRR": {
                "min": 57.45502,
                "max": 63.79997,
                "mean": 60.731312,
                "std": 2.142407105387771,
                "variance": 4.589908205216007,
                "median": 60.99345
            },
            "NDCG@3": {
                "min": 30.36898,
                "max": 32.741,
                "mean": 31.192998,
                "std": 0.8149408519248493,
                "variance": 0.6641285921359992,
                "median": 30.98233
            },
            "NDCG@5": {
                "min": 29.41474,
                "max": 31.51036,
                "mean": 30.093636000000004,
                "std": 0.7451657391104342,
                "variance": 0.5552719787439996,
                "median": 29.95142
            },
            "NDCG@1000": {
                "min": 40.14269,
                "max": 41.70548,
                "mean": 40.842038,
                "std": 0.5137971281507907,
                "variance": 0.26398748889600004,
                "median": 40.6875
            },
            "Precision@20": {
                "min": 29.9569,
                "max": 32.28448,
                "mean": 30.88793,
                "std": 0.8043610436116365,
                "variance": 0.646996688480001,
                "median": 30.56034
            },
            "Recall@20": {
                "min": 10.3831,
                "max": 11.3198,
                "mean": 10.831059999999999,
                "std": 0.32605893559293847,
                "variance": 0.10631442948,
                "median": 10.92277
            },
            "Recall@1000": {
                "min": 57.47038,
                "max": 58.4419,
                "mean": 57.892421999999996,
                "std": 0.3462000212824939,
                "variance": 0.1198544547359992,
                "median": 57.72039
            },
            "MAP": {
                "min": 14.23506,
                "max": 15.67863,
                "mean": 14.762415999999998,
                "std": 0.5020499858221291,
                "variance": 0.25205418826400006,
                "median": 14.71444
            }
        },
        "subset": {
            "MRR": {
                "min": 45.14096,
                "max": 59.24404,
                "mean": 51.52740200000001,
                "std": 4.741919293545177,
                "variance": 22.485798586495992,
                "median": 50.68791
            },
            "NDCG@3": {
                "min": 21.11228,
                "max": 27.80992,
                "mean": 23.258608000000002,
                "std": 2.367572776743305,
                "variance": 5.605400853176003,
                "median": 22.72289
            },
            "NDCG@5": {
                "min": 20.5372,
                "max": 27.01043,
                "mean": 22.8385,
                "std": 2.2418563924301664,
                "variance": 5.02592008428,
                "median": 22.45594
            },
            "NDCG@1000": {
                "min": 33.21052,
                "max": 37.07315,
                "mean": 34.354176,
                "std": 1.3959625021697386,
                "variance": 1.9487113074639972,
                "median": 33.6514
            },
            "Precision@20": {
                "min": 23.7037,
                "max": 27.96296,
                "mean": 25.277777999999994,
                "std": 1.4320450234737727,
                "variance": 2.0507529492559984,
                "median": 24.90741
            },
            "Recall@20": {
                "min": 6.59664,
                "max": 8.13907,
                "mean": 7.282259999999999,
                "std": 0.49486965504059766,
                "variance": 0.24489597548000014,
                "median": 7.18544
            },
            "Recall@1000": {
                "min": 49.87732,
                "max": 53.64817,
                "mean": 51.080398,
                "std": 1.3416427913181668,
                "variance": 1.8000053794960018,
                "median": 50.44979
            },
            "MAP": {
                "min": 9.29841,
                "max": 11.0939,
                "mean": 9.886848,
                "std": 0.6253596071829389,
                "variance": 0.3910746382959997,
                "median": 9.63133
            }
        },
        "corrected_subset": {
            "MRR": {
                "min": 45.91439,
                "max": 60.87019,
                "mean": 53.072294,
                "std": 5.228557158737391,
                "variance": 27.337809962184014,
                "median": 53.21839
            },
            "NDCG@3": {
                "min": 16.5575,
                "max": 33.30906,
                "mean": 23.005002,
                "std": 5.63376454357972,
                "variance": 31.73930293249601,
                "median": 21.59562
            },
            "NDCG@5": {
                "min": 16.20554,
                "max": 31.79063,
                "mean": 22.71994,
                "std": 5.047858779922434,
                "variance": 25.48087826204,
                "median": 21.7719
            },
            "NDCG@1000": {
                "min": 32.25474,
                "max": 38.6035,
                "mean": 34.525138000000005,
                "std": 2.149235842399804,
                "variance": 4.619214706255995,
                "median": 33.80393
            },
            "Precision@20": {
                "min": 23.09524,
                "max": 31.42857,
                "mean": 26.380952,
                "std": 2.878491536172375,
                "variance": 8.285713523815998,
                "median": 25.95238
            },
            "Recall@20": {
                "min": 5.85376,
                "max": 7.92736,
                "mean": 6.78458,
                "std": 0.7544630633503538,
                "variance": 0.5692145139600001,
                "median": 6.97471
            },
            "Recall@1000": {
                "min": 48.62867,
                "max": 53.92507,
                "mean": 50.299672,
                "std": 1.8630960459664974,
                "variance": 3.4711268764959966,
                "median": 49.78684
            },
            "MAP": {
                "min": 9.34909,
                "max": 12.14971,
                "mean": 10.11739,
                "std": 1.0877596959439157,
                "variance": 1.1832211561200001,
                "median": 9.37058
            }
        }
    }
}