{
    "ance_batch_SAR_5shot": {
        "full_set": {
            "MRR": {
                "min": 52.60379,
                "max": 57.26552,
                "mean": 54.506138,
                "std": 1.9283515034080294,
                "variance": 3.7185395206960075,
                "median": 53.48044
            },
            "NDCG@3": {
                "min": 25.8558,
                "max": 28.9219,
                "mean": 27.617236,
                "std": 1.0566057420741202,
                "variance": 1.116415694184002,
                "median": 27.47487
            },
            "NDCG@5": {
                "min": 26.11265,
                "max": 28.27712,
                "mean": 27.426470000000002,
                "std": 0.8141562880184624,
                "variance": 0.6628504613200016,
                "median": 27.76529
            },
            "NDCG@1000": {
                "min": 36.85548,
                "max": 38.33512,
                "mean": 37.679718,
                "std": 0.4852877083710252,
                "variance": 0.2355041598960012,
                "median": 37.70581
            },
            "Precision@20": {
                "min": 28.92241,
                "max": 31.25,
                "mean": 30.14655,
                "std": 0.771830067307565,
                "variance": 0.5957216528000003,
                "median": 30.30172
            },
            "Recall@20": {
                "min": 8.93709,
                "max": 9.56273,
                "mean": 9.361889999999999,
                "std": 0.22035292310291707,
                "variance": 0.04855541072000009,
                "median": 9.41491
            },
            "Recall@1000": {
                "min": 52.79508,
                "max": 53.70655,
                "mean": 53.324785999999996,
                "std": 0.32434559504331295,
                "variance": 0.10520006502400074,
                "median": 53.3201
            },
            "MAP": {
                "min": 13.75022,
                "max": 14.44224,
                "mean": 14.139529999999999,
                "std": 0.2269962290435678,
                "variance": 0.05152728799999989,
                "median": 14.1675
            }
        },
        "subset": {
            "MRR": {
                "min": 45.75604,
                "max": 55.92218,
                "mean": 49.605176,
                "std": 3.6059222521934653,
                "variance": 13.002675288863994,
                "median": 49.04392
            },
            "NDCG@3": {
                "min": 21.15734,
                "max": 27.25581,
                "mean": 23.341002000000003,
                "std": 2.2185520665641363,
                "variance": 4.921973272055999,
                "median": 23.2211
            },
            "NDCG@5": {
                "min": 19.96508,
                "max": 24.76178,
                "mean": 22.466264000000002,
                "std": 1.6738173832123988,
                "variance": 2.801664632344002,
                "median": 23.09831
            },
            "NDCG@1000": {
                "min": 31.00985,
                "max": 33.05291,
                "mean": 32.085212,
                "std": 0.8061198949635217,
                "variance": 0.6498292850559992,
                "median": 32.33372
            },
            "Precision@20": {
                "min": 23.7037,
                "max": 26.2963,
                "mean": 24.666663999999997,
                "std": 0.8950431889154841,
                "variance": 0.8011023100239989,
                "median": 24.44444
            },
            "Recall@20": {
                "min": 7.0318,
                "max": 7.50237,
                "mean": 7.190002,
                "std": 0.16590150130725168,
                "variance": 0.02752330813600003,
                "median": 7.1671
            },
            "Recall@1000": {
                "min": 45.18511,
                "max": 47.73821,
                "mean": 46.172158,
                "std": 0.9828334723929585,
                "variance": 0.9659616344560004,
                "median": 45.76576
            },
            "MAP": {
                "min": 10.66938,
                "max": 11.57356,
                "mean": 11.13325,
                "std": 0.3605128067628112,
                "variance": 0.12996948384000007,
                "median": 11.13022
            }
        },
        "corrected_subset": {
            "MRR": {
                "min": 57.21845,
                "max": 66.75632,
                "mean": 62.708600000000004,
                "std": 3.474487494782506,
                "variance": 12.072063351400015,
                "median": 62.14846
            },
            "NDCG@3": {
                "min": 29.08079,
                "max": 35.49353,
                "mean": 31.522174,
                "std": 2.474259805732615,
                "variance": 6.121961586263997,
                "median": 30.58226
            },
            "NDCG@5": {
                "min": 27.64494,
                "max": 30.92052,
                "mean": 29.14739,
                "std": 1.349022894809425,
                "variance": 1.819862770720001,
                "median": 28.78761
            },
            "NDCG@1000": {
                "min": 36.40569,
                "max": 39.33271,
                "mean": 37.49986199999999,
                "std": 1.0931222633612396,
                "variance": 1.1949162826559994,
                "median": 36.93571
            },
            "Precision@20": {
                "min": 27.38095,
                "max": 31.42857,
                "mean": 29.476189999999995,
                "std": 1.6176473076044733,
                "variance": 2.6167828118000016,
                "median": 29.28571
            },
            "Recall@20": {
                "min": 6.88124,
                "max": 8.20687,
                "mean": 7.615917999999999,
                "std": 0.4885823603610757,
                "variance": 0.23871272285600006,
                "median": 7.65687
            },
            "Recall@1000": {
                "min": 50.3532,
                "max": 54.48823,
                "mean": 51.707206,
                "std": 1.4832651168904372,
                "variance": 2.200075406984002,
                "median": 50.99135
            },
            "MAP": {
                "min": 12.96707,
                "max": 13.8428,
                "mean": 13.40173,
                "std": 0.3502088988018439,
                "variance": 0.12264627280000014,
                "median": 13.45886
            }
        }
    }
}