{
    "ance_batch_LLM_0shot_prompt1": {
        "full_set": {
            "MRR": {
                "min": 60.1299,
                "max": 68.44657,
                "mean": 64.96174199999999,
                "std": 2.6984642539741,
                "variance": 7.281709329975996,
                "median": 65.29377
            },
            "NDCG@3": {
                "min": 31.01868,
                "max": 36.916,
                "mean": 35.43737,
                "std": 2.2198561786025683,
                "variance": 4.927761453679998,
                "median": 36.3996
            },
            "NDCG@5": {
                "min": 31.15563,
                "max": 35.94106,
                "mean": 34.695416,
                "std": 1.7798990253000313,
                "variance": 3.1680405402640015,
                "median": 35.4587
            },
            "NDCG@1000": {
                "min": 42.54052,
                "max": 44.99396,
                "mean": 44.13135000000001,
                "std": 0.8992775128512891,
                "variance": 0.8087000451200005,
                "median": 44.40361
            },
            "Precision@20": {
                "min": 34.05172,
                "max": 36.50862,
                "mean": 35.663792,
                "std": 0.8734612677251344,
                "variance": 0.762934586215999,
                "median": 35.86207
            },
            "Recall@20": {
                "min": 11.24908,
                "max": 11.52577,
                "mean": 11.448886,
                "std": 0.10146333970454575,
                "variance": 0.010294809304000051,
                "median": 11.48633
            },
            "Recall@1000": {
                "min": 58.34896,
                "max": 61.25975,
                "mean": 60.00938599999999,
                "std": 1.0250230561426406,
                "variance": 1.050672265623999,
                "median": 60.34983
            },
            "MAP": {
                "min": 16.77321,
                "max": 17.76421,
                "mean": 17.26148,
                "std": 0.3726878074742988,
                "variance": 0.13889620184,
                "median": 17.35607
            }
        },
        "subset": {
            "MRR": {
                "min": 51.27841,
                "max": 60.52008,
                "mean": 57.320208,
                "std": 3.367887153153442,
                "variance": 11.342663876375996,
                "median": 57.46581
            },
            "NDCG@3": {
                "min": 23.10127,
                "max": 29.6718,
                "mean": 27.576265999999997,
                "std": 2.557262955838527,
                "variance": 6.539593825304,
                "median": 29.20232
            },
            "NDCG@5": {
                "min": 23.77593,
                "max": 28.93037,
                "mean": 27.155996,
                "std": 1.9139867304931875,
                "variance": 3.663345204504002,
                "median": 27.90306
            },
            "NDCG@1000": {
                "min": 36.31142,
                "max": 38.7471,
                "mean": 37.662031999999996,
                "std": 0.9516385994357318,
                "variance": 0.9056160239360012,
                "median": 37.78078
            },
            "Precision@20": {
                "min": 28.7963,
                "max": 31.75926,
                "mean": 30.222222,
                "std": 1.1764709568093898,
                "variance": 1.3840839122160014,
                "median": 30.83333
            },
            "Recall@20": {
                "min": 8.32734,
                "max": 9.32509,
                "mean": 8.773388,
                "std": 0.3323061269010849,
                "variance": 0.11042736197599994,
                "median": 8.66742
            },
            "Recall@1000": {
                "min": 51.53872,
                "max": 54.96783,
                "mean": 53.28494400000001,
                "std": 1.230093518730995,
                "variance": 1.5131300648240007,
                "median": 53.74895
            },
            "MAP": {
                "min": 12.17279,
                "max": 13.56532,
                "mean": 12.931718,
                "std": 0.5191766111989249,
                "variance": 0.26954435361599965,
                "median": 13.0747
            }
        },
        "corrected_subset": {
            "MRR": {
                "min": 50.48186,
                "max": 68.35572,
                "mean": 58.40105,
                "std": 5.777206325112513,
                "variance": 33.37611292292003,
                "median": 58.06219
            },
            "NDCG@3": {
                "min": 23.06382,
                "max": 29.64,
                "mean": 27.058429999999998,
                "std": 2.3825251373951963,
                "variance": 5.676426030319998,
                "median": 28.25623
            },
            "NDCG@5": {
                "min": 24.24913,
                "max": 29.03932,
                "mean": 27.131038,
                "std": 1.7907828207619145,
                "variance": 3.2069031111359996,
                "median": 27.36436
            },
            "NDCG@1000": {
                "min": 38.21177,
                "max": 39.92731,
                "mean": 38.950918,
                "std": 0.580124553329713,
                "variance": 0.336544497375999,
                "median": 38.96377
            },
            "Precision@20": {
                "min": 30.95238,
                "max": 34.52381,
                "mean": 32.380952,
                "std": 1.1761041610911838,
                "variance": 1.383220997735997,
                "median": 32.14286
            },
            "Recall@20": {
                "min": 7.45156,
                "max": 9.46053,
                "mean": 8.442029999999999,
                "std": 0.638668609750002,
                "variance": 0.4078975930800003,
                "median": 8.40271
            },
            "Recall@1000": {
                "min": 53.13562,
                "max": 56.71763,
                "mean": 55.481822,
                "std": 1.3174500299806429,
                "variance": 1.735674581495997,
                "median": 56.15963
            },
            "MAP": {
                "min": 11.67519,
                "max": 13.36593,
                "mean": 12.897704,
                "std": 0.6269081602148752,
                "variance": 0.39301384134399964,
                "median": 13.09635
            }
        }
    }
}