{
    "ance_batch_SAR_3shot": {
        "full_set": {
            "MRR": {
                "min": 51.93855,
                "max": 58.47203,
                "mean": 56.540428,
                "std": 2.3988848747399274,
                "variance": 5.754648642255998,
                "median": 57.59078
            },
            "NDCG@3": {
                "min": 25.92115,
                "max": 29.39311,
                "mean": 28.217900000000004,
                "std": 1.2442281386144578,
                "variance": 1.5481036609199985,
                "median": 28.36936
            },
            "NDCG@5": {
                "min": 25.96283,
                "max": 29.38023,
                "mean": 28.021195999999996,
                "std": 1.2102907614552794,
                "variance": 1.4648037272639998,
                "median": 28.38111
            },
            "NDCG@1000": {
                "min": 36.6894,
                "max": 39.01879,
                "mean": 37.691248,
                "std": 0.7588609153566953,
                "variance": 0.5758698888560014,
                "median": 37.59686
            },
            "Precision@20": {
                "min": 29.61207,
                "max": 30.64655,
                "mean": 30.241377999999997,
                "std": 0.38223656849652743,
                "variance": 0.14610479429600048,
                "median": 30.43103
            },
            "Recall@20": {
                "min": 9.174,
                "max": 9.72313,
                "mean": 9.434315999999999,
                "std": 0.2184311058984047,
                "variance": 0.04771214802400009,
                "median": 9.40245
            },
            "Recall@1000": {
                "min": 52.47999,
                "max": 54.65721,
                "mean": 53.165466,
                "std": 0.7684461174239864,
                "variance": 0.590509435383999,
                "median": 52.83357
            },
            "MAP": {
                "min": 13.77163,
                "max": 14.88933,
                "mean": 14.28486,
                "std": 0.35670008399214015,
                "variance": 0.12723494991999984,
                "median": 14.26815
            }
        },
        "subset": {
            "MRR": {
                "min": 48.75671,
                "max": 56.11353,
                "mean": 52.93444999999999,
                "std": 2.89123576269387,
                "variance": 8.359244235480002,
                "median": 53.45657
            },
            "NDCG@3": {
                "min": 23.52045,
                "max": 27.53986,
                "mean": 25.407694,
                "std": 1.2788086544061237,
                "variance": 1.6353515745840006,
                "median": 25.25862
            },
            "NDCG@5": {
                "min": 22.14361,
                "max": 25.03147,
                "mean": 23.898345999999997,
                "std": 0.9614454855393519,
                "variance": 0.9243774216640002,
                "median": 24.22729
            },
            "NDCG@1000": {
                "min": 31.55919,
                "max": 34.2329,
                "mean": 32.281204,
                "std": 1.0051637862278966,
                "variance": 1.0103542371440004,
                "median": 31.82064
            },
            "Precision@20": {
                "min": 24.35185,
                "max": 26.11111,
                "mean": 25.185184,
                "std": 0.6804132731098069,
                "variance": 0.46296222222400074,
                "median": 25.0
            },
            "Recall@20": {
                "min": 6.64575,
                "max": 7.73272,
                "mean": 7.208019999999999,
                "std": 0.3767761154319631,
                "variance": 0.14196024116,
                "median": 7.27772
            },
            "Recall@1000": {
                "min": 45.07323,
                "max": 48.29382,
                "mean": 46.109235999999996,
                "std": 1.1227695409940532,
                "variance": 1.2606114421839971,
                "median": 45.69849
            },
            "MAP": {
                "min": 10.88031,
                "max": 12.16701,
                "mean": 11.199803999999999,
                "std": 0.4879486686773517,
                "variance": 0.23809390326399993,
                "median": 11.017
            }
        },
        "corrected_subset": {
            "MRR": {
                "min": 59.86786,
                "max": 68.87537,
                "mean": 64.62364199999999,
                "std": 3.1371144808973757,
                "variance": 9.841487266256012,
                "median": 65.43246
            },
            "NDCG@3": {
                "min": 29.37776,
                "max": 36.78502,
                "mean": 32.004465999999994,
                "std": 2.528345436585754,
                "variance": 6.392530646704008,
                "median": 31.04628
            },
            "NDCG@5": {
                "min": 27.66223,
                "max": 31.63012,
                "mean": 29.007718,
                "std": 1.4314096745292737,
                "variance": 2.048933656336001,
                "median": 28.29836
            },
            "NDCG@1000": {
                "min": 35.37329,
                "max": 38.99112,
                "mean": 36.933372,
                "std": 1.1801371101596643,
                "variance": 1.3927235987760036,
                "median": 36.91757
            },
            "Precision@20": {
                "min": 27.38095,
                "max": 30.95238,
                "mean": 28.809522000000005,
                "std": 1.3384260902627396,
                "variance": 1.7913843990960032,
                "median": 29.04762
            },
            "Recall@20": {
                "min": 6.68738,
                "max": 7.95329,
                "mean": 7.376952,
                "std": 0.43338260982185234,
                "variance": 0.18782048649599992,
                "median": 7.39523
            },
            "Recall@1000": {
                "min": 47.77177,
                "max": 52.79245,
                "mean": 50.671412,
                "std": 1.6485817833810996,
                "variance": 2.717821896496007,
                "median": 51.11914
            },
            "MAP": {
                "min": 11.82606,
                "max": 13.8378,
                "mean": 12.816301999999999,
                "std": 0.7066723914912764,
                "variance": 0.4993858688959998,
                "median": 13.06741
            }
        }
    }
}