{
    "ance_batch_human_0shot_prompt1": {
        "full_set": {
            "MRR": {
                "min": 65.22612,
                "max": 68.89105,
                "mean": 67.513054,
                "std": 1.4167222978353968,
                "variance": 2.0071020691840067,
                "median": 68.18866
            },
            "NDCG@3": {
                "min": 35.02348,
                "max": 37.85719,
                "mean": 37.0459,
                "std": 1.0654118497745377,
                "variance": 1.1351024096400022,
                "median": 37.62718
            },
            "NDCG@5": {
                "min": 34.36892,
                "max": 36.30043,
                "mean": 35.709264,
                "std": 0.739780311378991,
                "variance": 0.5472749091039969,
                "median": 36.20795
            },
            "NDCG@1000": {
                "min": 44.90375,
                "max": 46.44151,
                "mean": 45.672146,
                "std": 0.6292681542744717,
                "variance": 0.39597840998400025,
                "median": 45.58367
            },
            "Precision@20": {
                "min": 35.56034,
                "max": 37.5,
                "mean": 36.672411999999994,
                "std": 0.7571516725042623,
                "variance": 0.5732786551760016,
                "median": 36.89655
            },
            "Recall@20": {
                "min": 11.4312,
                "max": 12.24524,
                "mean": 11.907944,
                "std": 0.28468727197400323,
                "variance": 0.0810468428240001,
                "median": 11.88699
            },
            "Recall@1000": {
                "min": 60.69919,
                "max": 62.97788,
                "mean": 61.915153999999994,
                "std": 0.8637812617925891,
                "variance": 0.7461180682239973,
                "median": 61.6151
            },
            "MAP": {
                "min": 17.86732,
                "max": 18.76917,
                "mean": 18.25566,
                "std": 0.31906380352525093,
                "variance": 0.10180171071999992,
                "median": 18.27213
            }
        },
        "subset": {
            "MRR": {
                "min": 59.16202,
                "max": 66.6751,
                "mean": 63.00905200000001,
                "std": 2.5810996325395883,
                "variance": 6.662075313095999,
                "median": 63.7503
            },
            "NDCG@3": {
                "min": 29.60901,
                "max": 32.13506,
                "mean": 30.919068,
                "std": 1.0083179339355226,
                "variance": 1.016705055896001,
                "median": 30.91048
            },
            "NDCG@5": {
                "min": 29.14389,
                "max": 30.84655,
                "mean": 29.809157999999996,
                "std": 0.5920429717985007,
                "variance": 0.3505148804560004,
                "median": 29.7564
            },
            "NDCG@1000": {
                "min": 41.20138,
                "max": 43.41205,
                "mean": 42.068864,
                "std": 0.7909976824896524,
                "variance": 0.6256773337040009,
                "median": 42.07236
            },
            "Precision@20": {
                "min": 31.75926,
                "max": 34.35185,
                "mean": 33.037038,
                "std": 0.8811376282374951,
                "variance": 0.7764035198959981,
                "median": 32.77778
            },
            "Recall@20": {
                "min": 9.8587,
                "max": 10.6692,
                "mean": 10.34377,
                "std": 0.35216626079168933,
                "variance": 0.12402107524000014,
                "median": 10.58209
            },
            "Recall@1000": {
                "min": 57.70085,
                "max": 60.64597,
                "mean": 58.68416,
                "std": 1.0299049587025,
                "variance": 1.0607042239599982,
                "median": 58.49094
            },
            "MAP": {
                "min": 15.10921,
                "max": 16.45505,
                "mean": 15.49408,
                "std": 0.501525996056037,
                "variance": 0.25152832472000003,
                "median": 15.19095
            }
        },
        "corrected_subset": {
            "MRR": {
                "min": 45.8313,
                "max": 61.72017,
                "mean": 55.628634,
                "std": 6.321186386540426,
                "variance": 39.95739733338401,
                "median": 58.89387
            },
            "NDCG@3": {
                "min": 23.67675,
                "max": 29.94918,
                "mean": 26.98233,
                "std": 2.3832666370593114,
                "variance": 5.679959863319999,
                "median": 27.60211
            },
            "NDCG@5": {
                "min": 23.60262,
                "max": 29.10377,
                "mean": 26.708112000000007,
                "std": 2.452111532458505,
                "variance": 6.012850967615998,
                "median": 28.33575
            },
            "NDCG@1000": {
                "min": 40.77025,
                "max": 42.49813,
                "mean": 41.670738,
                "std": 0.7409648144250858,
                "variance": 0.5490288562160018,
                "median": 41.76192
            },
            "Precision@20": {
                "min": 32.38095,
                "max": 33.57143,
                "mean": 32.952380000000005,
                "std": 0.441601086139968,
                "variance": 0.19501151927999943,
                "median": 32.85714
            },
            "Recall@20": {
                "min": 9.5898,
                "max": 9.94357,
                "mean": 9.68522,
                "std": 0.1327173687201487,
                "variance": 0.0176138999599999,
                "median": 9.61857
            },
            "Recall@1000": {
                "min": 57.0035,
                "max": 61.49711,
                "mean": 59.345966,
                "std": 1.5481617995106312,
                "variance": 2.3968049574639956,
                "median": 59.1237
            },
            "MAP": {
                "min": 14.46942,
                "max": 15.79568,
                "mean": 15.020006,
                "std": 0.4633240052749268,
                "variance": 0.21466913386400038,
                "median": 14.99283
            }
        }
    }
}