{
    "ance_batch_None_0shot_prompt1": {
        "full_set": {
            "MRR": {
                "min": 62.15417,
                "max": 65.28535,
                "mean": 63.92754,
                "std": 1.421779347634504,
                "variance": 2.021456513359996,
                "median": 64.7809
            },
            "NDCG@3": {
                "min": 32.43193,
                "max": 35.95641,
                "mean": 34.080888,
                "std": 1.3630434283382153,
                "variance": 1.8578873875359954,
                "median": 33.41624
            },
            "NDCG@5": {
                "min": 31.89958,
                "max": 34.88961,
                "mean": 33.372052,
                "std": 1.221998738745666,
                "variance": 1.493280917495998,
                "median": 33.02025
            },
            "NDCG@1000": {
                "min": 42.67943,
                "max": 44.67608,
                "mean": 43.598183999999996,
                "std": 0.6525671467243799,
                "variance": 0.42584388098399834,
                "median": 43.62291
            },
            "Precision@20": {
                "min": 34.48276,
                "max": 36.33621,
                "mean": 35.534484,
                "std": 0.6602584295743608,
                "variance": 0.43594119382400115,
                "median": 35.60345
            },
            "Recall@20": {
                "min": 10.24228,
                "max": 10.8052,
                "mean": 10.606255999999998,
                "std": 0.19065926944158806,
                "variance": 0.036350957024000076,
                "median": 10.65368
            },
            "Recall@1000": {
                "min": 58.33511,
                "max": 60.98891,
                "mean": 59.429024000000005,
                "std": 0.9026833257482928,
                "variance": 0.8148371865839984,
                "median": 59.43206
            },
            "MAP": {
                "min": 16.62568,
                "max": 17.89455,
                "mean": 17.185086,
                "std": 0.43410280877229945,
                "variance": 0.18844524858399958,
                "median": 17.09625
            }
        },
        "subset": {
            "MRR": {
                "min": 51.93805,
                "max": 60.35964,
                "mean": 56.600856,
                "std": 2.914007074058676,
                "variance": 8.491437227664004,
                "median": 57.85603
            },
            "NDCG@3": {
                "min": 22.07302,
                "max": 28.01325,
                "mean": 25.723962,
                "std": 2.163485561785888,
                "variance": 4.680669776056,
                "median": 25.78614
            },
            "NDCG@5": {
                "min": 22.12709,
                "max": 28.74028,
                "mean": 26.244269999999993,
                "std": 2.217554497143193,
                "variance": 4.917547947799999,
                "median": 26.70472
            },
            "NDCG@1000": {
                "min": 37.30975,
                "max": 38.82411,
                "mean": 37.931056,
                "std": 0.5978723231460036,
                "variance": 0.3574513147839994,
                "median": 37.78075
            },
            "Precision@20": {
                "min": 29.16667,
                "max": 32.03704,
                "mean": 30.796296,
                "std": 0.9344048992722582,
                "variance": 0.8731125157839991,
                "median": 30.83333
            },
            "Recall@20": {
                "min": 8.26085,
                "max": 8.94346,
                "mean": 8.706152,
                "std": 0.23233011611928417,
                "variance": 0.053977282856000064,
                "median": 8.7741
            },
            "Recall@1000": {
                "min": 52.21981,
                "max": 54.86587,
                "mean": 53.368178,
                "std": 0.9237791032362653,
                "variance": 0.8533678315759985,
                "median": 53.55653
            },
            "MAP": {
                "min": 12.80043,
                "max": 14.29729,
                "mean": 13.484096,
                "std": 0.5024439192029296,
                "variance": 0.252449891944,
                "median": 13.41636
            }
        },
        "corrected_subset": {
            "MRR": {
                "min": 45.98589,
                "max": 58.65477,
                "mean": 54.890311999999994,
                "std": 4.548277914905378,
                "variance": 20.68683199121601,
                "median": 56.74537
            },
            "NDCG@3": {
                "min": 20.12888,
                "max": 27.16737,
                "mean": 24.343371999999995,
                "std": 2.613665539822568,
                "variance": 6.831247554055997,
                "median": 24.95198
            },
            "NDCG@5": {
                "min": 19.90958,
                "max": 30.19464,
                "mean": 25.977999999999998,
                "std": 3.378273726997267,
                "variance": 11.412733374520005,
                "median": 26.68168
            },
            "NDCG@1000": {
                "min": 37.70109,
                "max": 41.32109,
                "mean": 39.42935,
                "std": 1.2366598852069217,
                "variance": 1.5293276716799968,
                "median": 39.08301
            },
            "Precision@20": {
                "min": 30.71429,
                "max": 35.0,
                "mean": 32.523810000000005,
                "std": 1.4174155523628211,
                "variance": 2.0090668480800016,
                "median": 32.14286
            },
            "Recall@20": {
                "min": 8.20603,
                "max": 9.31381,
                "mean": 8.591310000000002,
                "std": 0.3841125837563774,
                "variance": 0.14754247700000003,
                "median": 8.49545
            },
            "Recall@1000": {
                "min": 54.3688,
                "max": 57.98659,
                "mean": 56.18844,
                "std": 1.3722512141295418,
                "variance": 1.8830733946800013,
                "median": 55.65844
            },
            "MAP": {
                "min": 13.09756,
                "max": 14.97421,
                "mean": 13.73957,
                "std": 0.6815627527088023,
                "variance": 0.46452778587999993,
                "median": 13.49565
            }
        }
    }
}