{
    "bm25_batch_LLM_5shot_prompt1": {
        "full_set": {
            "MRR": {
                "min": 65.49917,
                "max": 68.12454,
                "mean": 66.368292,
                "std": 0.9391499152190733,
                "variance": 0.8820025632559926,
                "median": 65.89333
            },
            "NDCG@3": {
                "min": 33.39606,
                "max": 37.54883,
                "mean": 36.004326000000006,
                "std": 1.543858505985573,
                "variance": 2.3834990865040053,
                "median": 36.40917
            },
            "NDCG@5": {
                "min": 33.47588,
                "max": 35.98811,
                "mean": 35.046890000000005,
                "std": 0.9054627064655953,
                "variance": 0.8198627128000009,
                "median": 35.03884
            },
            "NDCG@1000": {
                "min": 44.88361,
                "max": 46.20102,
                "mean": 45.558918,
                "std": 0.49819521067148054,
                "variance": 0.2481984679360009,
                "median": 45.7875
            },
            "Precision@20": {
                "min": 34.65517,
                "max": 36.93966,
                "mean": 36.206898,
                "std": 0.8331369812317796,
                "variance": 0.6941172294960027,
                "median": 36.50862
            },
            "Recall@20": {
                "min": 11.90548,
                "max": 12.66874,
                "mean": 12.294788,
                "std": 0.2761019052016842,
                "variance": 0.0762322620559998,
                "median": 12.20669
            },
            "Recall@1000": {
                "min": 62.12941,
                "max": 64.12415,
                "mean": 63.48436,
                "std": 0.6982980961738331,
                "variance": 0.48762023111999986,
                "median": 63.72395
            },
            "MAP": {
                "min": 17.39632,
                "max": 18.72367,
                "mean": 18.079924,
                "std": 0.4209385923195921,
                "variance": 0.17718929850399975,
                "median": 18.08894
            }
        },
        "subset": {
            "MRR": {
                "min": 50.43871,
                "max": 56.03644,
                "mean": 53.284048,
                "std": 1.8077551238085312,
                "variance": 3.2679785876559984,
                "median": 53.64589
            },
            "NDCG@3": {
                "min": 24.16887,
                "max": 26.77649,
                "mean": 25.102972,
                "std": 0.9184715120111238,
                "variance": 0.8435899183759998,
                "median": 24.86148
            },
            "NDCG@5": {
                "min": 24.14047,
                "max": 27.07613,
                "mean": 25.044268,
                "std": 1.050392091143112,
                "variance": 1.1033235451359997,
                "median": 24.55335
            },
            "NDCG@1000": {
                "min": 37.67425,
                "max": 38.89489,
                "mean": 38.404706,
                "std": 0.4648731426357082,
                "variance": 0.21610703874399953,
                "median": 38.68836
            },
            "Precision@20": {
                "min": 27.59259,
                "max": 29.25926,
                "mean": 28.351852,
                "std": 0.6738314642816849,
                "variance": 0.4540488422559997,
                "median": 28.42593
            },
            "Recall@20": {
                "min": 7.76942,
                "max": 8.37533,
                "mean": 8.036852,
                "std": 0.22108468932967734,
                "variance": 0.04887843985599995,
                "median": 8.08007
            },
            "Recall@1000": {
                "min": 56.14956,
                "max": 57.77632,
                "mean": 57.134822,
                "std": 0.587986795103427,
                "variance": 0.3457284712159994,
                "median": 57.13596
            },
            "MAP": {
                "min": 11.88709,
                "max": 12.37829,
                "mean": 12.063458,
                "std": 0.19239758640897733,
                "variance": 0.0370168312559999,
                "median": 11.95183
            }
        },
        "corrected_subset": {
            "MRR": {
                "min": 43.66067,
                "max": 59.81481,
                "mean": 51.961563999999996,
                "std": 5.381509944465772,
                "variance": 28.960649282383997,
                "median": 52.60927
            },
            "NDCG@3": {
                "min": 18.64613,
                "max": 25.18343,
                "mean": 21.813118,
                "std": 2.4650971836858693,
                "variance": 6.076704125016004,
                "median": 20.6225
            },
            "NDCG@5": {
                "min": 19.3291,
                "max": 24.75789,
                "mean": 22.28535,
                "std": 1.8625567528534535,
                "variance": 3.4691176576000005,
                "median": 22.05582
            },
            "NDCG@1000": {
                "min": 37.11342,
                "max": 39.65232,
                "mean": 38.190538,
                "std": 0.9780885716007535,
                "variance": 0.9566572538960022,
                "median": 38.22613
            },
            "Precision@20": {
                "min": 27.85714,
                "max": 30.2381,
                "mean": 29.0,
                "std": 1.06904853113411,
                "variance": 1.1428647619199983,
                "median": 28.80952
            },
            "Recall@20": {
                "min": 6.49283,
                "max": 7.38917,
                "mean": 7.111044,
                "std": 0.3293935055583217,
                "variance": 0.1085000815040001,
                "median": 7.27236
            },
            "Recall@1000": {
                "min": 55.72707,
                "max": 59.13353,
                "mean": 57.550882,
                "std": 1.279332707350203,
                "variance": 1.636692176096,
                "median": 57.93101
            },
            "MAP": {
                "min": 11.70745,
                "max": 13.28452,
                "mean": 12.293958,
                "std": 0.5631585898625718,
                "variance": 0.3171475973360004,
                "median": 12.29816
            }
        }
    }
}