{
    "bm25_batch_None_0shot_prompt1": {
        "full_set": {
            "MRR": {
                "min": 64.35627,
                "max": 72.56329,
                "mean": 68.34936,
                "std": 2.6898731739173125,
                "variance": 7.235417691759996,
                "median": 68.64747
            },
            "NDCG@3": {
                "min": 34.98003,
                "max": 38.46657,
                "mean": 36.932744,
                "std": 1.2751592338778708,
                "variance": 1.6260310717439985,
                "median": 36.75869
            },
            "NDCG@5": {
                "min": 34.23196,
                "max": 37.40639,
                "mean": 36.219244,
                "std": 1.2435115437920141,
                "variance": 1.5463209595439982,
                "median": 36.75956
            },
            "NDCG@1000": {
                "min": 45.14143,
                "max": 46.91688,
                "mean": 46.07523,
                "std": 0.7578249399168647,
                "variance": 0.5742986395599996,
                "median": 46.51473
            },
            "Precision@20": {
                "min": 34.82759,
                "max": 37.5,
                "mean": 36.336208,
                "std": 1.0214674925302314,
                "variance": 1.0433958382959982,
                "median": 36.25
            },
            "Recall@20": {
                "min": 12.06135,
                "max": 12.25883,
                "mean": 12.162198,
                "std": 0.07831963161302552,
                "variance": 0.006133964696000027,
                "median": 12.16216
            },
            "Recall@1000": {
                "min": 63.12524,
                "max": 65.02565,
                "mean": 64.330948,
                "std": 0.6809698847203148,
                "variance": 0.46371998389599894,
                "median": 64.58348
            },
            "MAP": {
                "min": 17.47436,
                "max": 18.83931,
                "mean": 18.125004,
                "std": 0.4882717741831905,
                "variance": 0.23840932546400057,
                "median": 18.18946
            }
        },
        "subset": {
            "MRR": {
                "min": 52.97892,
                "max": 63.24005,
                "mean": 57.2891,
                "std": 3.90276141376846,
                "variance": 15.231546652799986,
                "median": 56.70981
            },
            "NDCG@3": {
                "min": 25.24733,
                "max": 28.98748,
                "mean": 27.353877999999998,
                "std": 1.648001702394752,
                "variance": 2.7159096110960004,
                "median": 28.45269
            },
            "NDCG@5": {
                "min": 25.57422,
                "max": 28.06798,
                "mean": 26.924667999999997,
                "std": 0.9045986506821679,
                "variance": 0.8182987188159989,
                "median": 26.91868
            },
            "NDCG@1000": {
                "min": 37.61147,
                "max": 40.17507,
                "mean": 39.033078,
                "std": 0.8856866889233472,
                "variance": 0.784440910936002,
                "median": 38.8833
            },
            "Precision@20": {
                "min": 26.94444,
                "max": 30.27778,
                "mean": 28.87037,
                "std": 1.122474968487048,
                "variance": 1.2599500548799996,
                "median": 28.7963
            },
            "Recall@20": {
                "min": 7.74939,
                "max": 8.87775,
                "mean": 8.104616,
                "std": 0.40005541384163296,
                "variance": 0.1600443341440002,
                "median": 8.00493
            },
            "Recall@1000": {
                "min": 55.94108,
                "max": 59.48379,
                "mean": 57.728512,
                "std": 1.1817708135404261,
                "variance": 1.3965822557360006,
                "median": 57.63139
            },
            "MAP": {
                "min": 11.14986,
                "max": 12.57791,
                "mean": 11.961065999999999,
                "std": 0.5315504750670436,
                "variance": 0.28254590754399966,
                "median": 11.84701
            }
        },
        "corrected_subset": {
            "MRR": {
                "min": 48.78312,
                "max": 61.13357,
                "mean": 53.701229999999995,
                "std": 4.484634571079343,
                "variance": 20.111947236120002,
                "median": 51.74316
            },
            "NDCG@3": {
                "min": 21.9049,
                "max": 27.33672,
                "mean": 24.178606,
                "std": 1.9747960409480265,
                "variance": 3.899819403344,
                "median": 23.69822
            },
            "NDCG@5": {
                "min": 22.1217,
                "max": 27.74573,
                "mean": 24.546378,
                "std": 2.1840648393983173,
                "variance": 4.770139222695998,
                "median": 23.20399
            },
            "NDCG@1000": {
                "min": 37.21844,
                "max": 40.97689,
                "mean": 38.712878,
                "std": 1.353971379836368,
                "variance": 1.8332384974159983,
                "median": 38.31594
            },
            "Precision@20": {
                "min": 25.71429,
                "max": 33.80952,
                "mean": 29.809521999999998,
                "std": 2.862690857891575,
                "variance": 8.194998947856,
                "median": 29.7619
            },
            "Recall@20": {
                "min": 6.61963,
                "max": 8.92088,
                "mean": 7.640041999999999,
                "std": 0.9230641672039926,
                "variance": 0.8520474567760005,
                "median": 7.23339
            },
            "Recall@1000": {
                "min": 56.08166,
                "max": 59.52482,
                "mean": 57.995219999999996,
                "std": 1.3237088920604851,
                "variance": 1.7522052309199974,
                "median": 58.09066
            },
            "MAP": {
                "min": 11.35058,
                "max": 14.04283,
                "mean": 12.271486,
                "std": 1.0778636228503122,
                "variance": 1.161789989464,
                "median": 11.51158
            }
        }
    }
}